CaseName,TotalRunningTime,RunningTime_1,RunningTime_2,RunningTime_3,RunningTime_4,RunningTime_5,RunningTime_6,DSC_AUC,NSD_AUC,DSC_Final,NSD_Final,DSC_1,DSC_2,DSC_3,DSC_4,DSC_5,DSC_6,NSD_1,NSD_2,NSD_3,NSD_4,NSD_5,NSD_6,modality,time_condition,spacing,shape,has_bbox,nb_classes
MR_BraTS-T1n_bratsgli_1158,2.979360580444336,0.0,1.0857844352722168,0.478137731552124,0.4649562835693359,0.4658381938934326,0.4846439361572265,0.6506337920812679,0.0,0.1998167638711984,0.0,0.0,0.0976976896630145,0.1217835585748938,0.1867742329788534,0.1933187737604141,0.1998167638711984,0.0,0.0,0.0,0.0,0.0,0.0,MR,True,[1. 1. 1.],"(51, 218, 182)",False,3
MR_BraTS-T2f_bratsgli_0311,2.50543475151062,0.0,0.4565484523773193,0.5219950675964355,0.5182182788848877,0.5128343105316162,0.4958386421203613,0.4229499843754433,0.1242819529116736,0.2217522339131814,0.2485639058233472,0.0,0.0468521477423554,0.0492994859250862,0.0556734924937674,0.183674815128821,0.2217522339131814,0.0,0.0,0.0,0.0,0.0,0.2485639058233472,MR,True,[1. 1. 1.],"(62, 218, 182)",False,3
MR_heart-ACDC_ACDC_patient098_frame01_myo,2.4111440181732178,0.0,0.483530044555664,0.5005755424499512,0.483393907546997,0.4806358814239502,0.4630086421966553,2.779810443836704,3.157018161527113,0.7532109426021334,0.8646580135153591,0.0,0.5585889570552147,0.6603290676416819,0.7083554376657825,0.755225988700565,0.7532109426021334,0.0,0.6234274842833555,0.7332153004384803,0.8088687882373026,0.870891323951973,0.8646580135153591,MR,True,[ 1.25  1.25 10.  ],"(7, 256, 216)",False,1
CT_TotalSeg_organs_s0369,70.70564532279968,11.664182186126707,11.727121353149414,11.751558542251589,12.106904983520508,11.59510326385498,11.860774993896484,3.378822655366412,3.231617685319645,0.8600616407114234,0.8299354217883398,0.7837998009880803,0.8152173352429917,0.8312382489561728,0.8522974475458934,0.8576474708871373,0.8600616407114234,0.7116800122272047,0.7660698307520271,0.7913943233843438,0.81703561990396,0.8251851157611584,0.8299354217883398,CT,False,[1.5 1.5 1.5],"(407, 248, 248)",True,22
CT_TotalSeg_organs_s0380,49.0160174369812,7.931954622268677,7.972210884094238,8.009743213653564,8.328351974487305,8.514222860336304,8.259533882141113,3.4551876728207773,3.249740905837509,0.8812014731250596,0.843416658583259,0.7691048252351537,0.836737938734445,0.8583422644155434,0.8648731660591571,0.8730025364163246,0.8812014731250596,0.6766336012547918,0.7678760024078973,0.8010510871029958,0.8151608484275683,0.827882639811367,0.843416658583259,CT,False,[1.5 1.5 1.5],"(177, 287, 287)",True,16
CT_AbdTumor_case_00175,2.9212756156921387,0.4841189384460449,0.4843537807464599,0.5084974765777588,0.4750587940216064,0.4863131046295166,0.4829335212707519,3.337729960430414,3.4519298417678987,0.8327176001182208,0.8528694168367537,0.8289444890218105,0.8393254395407248,0.8419403091388276,0.8293838862559242,0.8303842452061894,0.8327176001182208,0.87014716044432,0.8829822136399377,0.887138851409159,0.8482770628317389,0.848588112288655,0.8528694168367537,CT,True,[0.73046875 0.73046875 5.        ],"(9, 512, 512)",True,1
MR_Spider_7_t1_ivd,19.51817393302917,3.1535587310791016,3.1585803031921387,3.11727237701416,3.244955062866211,3.545672655105591,3.2981348037719727,3.2891694917643277,3.59591208398675,0.8465664499806046,0.9286356220346212,0.6924183091715628,0.7653091773628794,0.812687780936227,0.8295574743959072,0.8409864227604512,0.8465664499806046,0.780494546929086,0.845494189770983,0.884760733856376,0.903190587728144,0.9208958564994278,0.9286356220346212,MR,False,[0.5859375  3.29999995 0.5859375 ],"(17, 512, 512)",True,7
MR_Spider_42_t2_vet,17.484132528305054,2.940868854522705,2.807636260986328,2.878680229187012,2.933522939682007,2.9819345474243164,2.941489696502685,3.1670519430607347,2.593850664157836,0.7939020317701945,0.6373730091486379,0.74472750017482,0.7819990733572646,0.7905377708684274,0.7941068995347962,0.7944567200937813,0.7939020317701945,0.6382512026465587,0.6515806543293773,0.6599806170613831,0.6466238612536269,0.6427693541038186,0.6373730091486379,MR,False,[0.50488382 4.38160169 0.60342924],"(16, 611, 513)",True,6
MR_crossmoda_crossmoda2023_ldn_23_ceT1,11.250604391098022,1.846519470214844,1.8859124183654783,1.898038387298584,1.8682608604431152,1.8603641986846924,1.8915090560913088,2.673757364458287,3.8810745236516233,0.6838243829599545,0.9761063898187108,0.5660796203438385,0.6425623562095568,0.6578489983262922,0.667466975002788,0.6852480215444507,0.6838243829599545,0.93395741694186,0.9661971655540968,0.9648318823936256,0.9683812680947732,0.9767095954768208,0.9761063898187108,MR,False,[0.41015625 0.41015625 1.5       ],"(8, 512, 512)",True,4
CT_TotalSeg_cardiac_s0085,19.29145646095276,3.0938808917999268,3.215780019760132,3.1503777503967285,3.2134134769439697,3.2191274166107178,3.398876905441284,2.756337382957231,2.69890422098107,0.7014785952652877,0.6905443377077087,0.5839627238116718,0.6616321750679172,0.6844308540368624,0.6955059520336903,0.6948451917200762,0.7014785952652877,0.5643205834266768,0.6444328657819127,0.6685379173705818,0.6785518480936774,0.6843258537720001,0.6905443377077087,CT,False,[1.5 1.5 1.5],"(95, 135, 135)",True,7
US_Cardiac_patient0189_2CH_half_sequence,10.256722927093506,1.6947412490844729,1.6823596954345703,1.7192504405975342,1.7701692581176758,1.6945135593414309,1.6956887245178225,3.424088882669251,3.504027221439672,0.8563844647230804,0.8766689504144001,0.8465217108592421,0.8554324601746175,0.8558233945087838,0.8561110781644725,0.8562459475471452,0.8563844647230804,0.8594107274454332,0.874851663435754,0.8755570147292033,0.876142946297629,0.8765669534877624,0.8766689504144001,US,False,[0.308 0.308 1.   ],"(21, 422, 512)",True,3
MR_heart-ACDC_ACDC_patient057_frame09_myo,2.5094029903411865,0.0,0.5225014686584473,0.5077033042907715,0.495795726776123,0.4881482124328613,0.4952542781829834,2.106743298338841,2.9715449999332657,0.5621354600642781,0.7515951694974189,0.0,0.482930113364896,0.5192678716490658,0.5227493261455526,0.5421933138296362,0.5621354600642781,0.0,0.7296677638850972,0.7448014065258725,0.732762164826872,0.7533499618892628,0.7515951694974189,MR,True,[ 0.703125  0.703125 10.      ],"(7, 512, 428)",False,1
CT_GTVpNCCT_segrap_0045,3.6029212474823,0.5812156200408936,0.5798568725585938,0.6103370189666748,0.5921261310577393,0.6562144756317139,0.5831711292266846,2.7679822533106413,3.149554660107839,0.6914388028028913,0.7869189835269783,0.6978934973178071,0.6937561942517344,0.6922278877778514,0.6917060668993859,0.6914508001060914,0.6914388028028913,0.7903291765922549,0.7877325121019855,0.7876057205665661,0.7876582360995938,0.7869649556271975,0.7869189835269783,CT,True,[0.54296875 0.54296875 3.        ],"(34, 512, 512)",True,1
MR_BraTS-T1c_bratsgli_0393,2.4867262840271,0.0,0.4959073066711426,0.4970192909240722,0.4696166515350342,0.5038242340087891,0.5203588008880615,0.0117734861614805,0.0,0.0072770078655893,0.0,0.0,0.0052580882769562,0.0,0.0055059380902077,0.0,0.0072770078655893,0.0,0.0,0.0,0.0,0.0,0.0,MR,True,[1. 1. 1.],"(72, 218, 182)",False,3
MR_Head_HNTSMRG24_70_midRT_T2,10.71627140045166,1.7485151290893557,1.83380389213562,1.7289597988128662,1.8124122619628904,1.754443883895874,1.8381364345550537,3.416680976049752,3.89878167674095,0.8732820392017002,0.9928503822881226,0.7715987241626144,0.8183990090412472,0.850654305148098,0.8570628414977793,0.863123305282401,0.8732820392017002,0.8698662546523453,0.929143071150282,0.973737373121407,0.981019768819431,0.9830278080809092,0.9928503822881226,MR,False,[0.5 0.5 2. ],"(45, 512, 512)",True,3
MR_ISLES2022_DWI_sub-strokecase0142,2.7303409576416016,0.4832756519317627,0.4703938961029053,0.4410929679870605,0.446779727935791,0.4367506504058838,0.4520480632781982,3.23691234949786,3.984511598004462,0.8047538200339559,0.9962143893019328,0.8213689482470785,0.8256578947368421,0.8101694915254237,0.805414551607445,0.8061224489795918,0.8047538200339559,0.9966383870846972,0.9970774533785868,0.9954137591991254,0.9962424074574364,0.9962095100076404,0.9962143893019328,MR,True,[2. 2. 2.],"(8, 115, 115)",True,1
US_Cardiac_patient0194_4CH_half_sequence,11.100337743759155,1.7271583080291748,1.8632442951202397,1.846060276031494,1.884465217590332,1.852548360824585,1.92686128616333,3.3606573367748163,3.3500324021720718,0.8707924420731472,0.8661520026270897,0.7533849172708669,0.8109743738894967,0.8419512699104842,0.8359175255414394,0.8419051333415709,0.8707924420731472,0.7522443163727068,0.8059555454949031,0.8336215783950104,0.8364230857849999,0.8439339639310645,0.8661520026270897,US,False,[0.308 0.308 1.   ],"(23, 454, 551)",True,3
US_Cardiac_patient0226_2CH_half_sequence,11.202781677246094,1.839045524597168,1.9106557369232176,1.891176462173462,1.8810288906097408,1.873612880706787,1.8072621822357176,3.094009642001192,3.2257043661255977,0.8212125714519481,0.8366562036684938,0.6839910321845976,0.7135879283013052,0.7475989945135483,0.7612365485097649,0.8177738491012518,0.8212125714519481,0.7434084585010426,0.7699936938496726,0.7887496349529138,0.7984729801601523,0.8351568022534481,0.8366562036684938,US,False,[0.308 0.308 1.   ],"(18, 552, 669)",True,3
MR_BraTS-T1c_bratsgli_0215,2.402811050415039,0.0,0.4650523662567138,0.4834175109863281,0.4912519454956054,0.4917874336242676,0.471301794052124,0.0420829200492346,0.0,0.0106422954075744,0.0,0.0,0.0101213153881007,0.0104689612701982,0.0106067005920174,0.0106254527891813,0.0106422954075744,0.0,0.0,0.0,0.0,0.0,0.0,MR,True,[1. 1. 1.],"(82, 218, 182)",False,3
MR_ProstateADC_ADC-ProstateX-0021,2.6805975437164307,0.4354772567749023,0.4494044780731201,0.4358654022216797,0.4570939540863037,0.446599006652832,0.4561574459075928,3.617872917515111,3.703403312525514,0.9143885701428732,0.9618931148059492,0.864405083558491,0.8945999375715327,0.9004189494038027,0.9057797164667394,0.907179997787366,0.9143885701428732,0.8168053090618054,0.8913021665063167,0.9067010576274696,0.9276321705408996,0.9424724437010118,0.9618931148059492,MR,True,[2.         2.         2.99999976],"(15, 128, 84)",True,1
MR_BraTS-T2f_bratsgli_0360,2.4944710731506348,0.0,0.4705188274383545,0.4772794246673584,0.4860150814056396,0.527768611907959,0.5328891277313232,0.0288820369404773,0.0,0.0212137463714448,0.0,0.0,0.0191551567698356,0.0,0.0039957046175361,0.0047018807523009,0.0212137463714448,0.0,0.0,0.0,0.0,0.0,0.0,MR,True,[1. 1. 1.],"(83, 218, 182)",False,3
MR_BraTS-T2w_bratsgli_0959,2.374130249023437,0.0,0.4758946895599365,0.4643330574035644,0.4739511013031006,0.4815680980682373,0.4783833026885986,0.3456669742327379,0.0,0.1028578467602858,0.0,0.0,0.0623447803374154,0.0695320715036803,0.0954993675033911,0.0980342216768158,0.1028578467602858,0.0,0.0,0.0,0.0,0.0,0.0,MR,True,[1. 1. 1.],"(63, 218, 182)",False,3
MR_BraTS-T2f_bratsgli_0546,2.5191433429718018,0.0,0.4931244850158691,0.4916894435882568,0.5091924667358398,0.5199012756347656,0.5052356719970703,1.0985546157032815,0.9432055346249212,0.3070146721823755,0.2711678253408454,0.0,0.1261601085481682,0.2824192147081079,0.2911429022247935,0.3084051084051084,0.3070146721823755,0.0,0.0,0.2610980901945528,0.2730427044155656,0.27348082734438,0.2711678253408454,MR,True,[1. 1. 1.],"(59, 218, 182)",False,2
MR_Spider_167_t2_vet,19.457629203796387,3.250539779663086,3.265657901763916,3.300226211547852,3.277510166168213,3.136637926101685,3.227057218551636,2.9364281260016885,2.4444511786178125,0.7355849186680464,0.6132892461029366,0.7081362364362221,0.7333425177803028,0.7321925874855487,0.7345363644045821,0.7352354558873831,0.7355849186680464,0.6286700015869984,0.6099951500149235,0.6084026406273172,0.6116271978950102,0.612779142036555,0.6132892461029366,MR,False,[0.58698456 3.30697341 0.625     ],"(24, 478, 448)",True,7
CT_TotalSeg_muscles_s1315,20.868634462356567,3.431290626525879,3.3960883617401123,3.4504568576812744,3.50004243850708,3.562223434448242,3.5285327434539795,3.605935936829749,3.5495098350930148,0.9050223546300232,0.8958704515970144,0.8668476803189913,0.8926998367843806,0.8949100483301538,0.904871314012494,0.9072934787799,0.9050223546300232,0.8420866245436833,0.8745790008260932,0.8780308369522425,0.8902550071254949,0.8959992648037232,0.8958704515970144,CT,False,[1.5 1.5 1.5],"(58, 181, 181)",True,8
CT_LungMasks_LUNG1-123,10.759986162185667,1.797207593917847,1.842416524887085,1.755167007446289,1.6983506679534912,1.837357759475708,1.829486608505249,3.852335560671893,3.703637776079104,0.9630848041848644,0.9259150635380524,0.957120587681604,0.9626613431865207,0.963262956647849,0.9631261953301528,0.963073335008198,0.9630848041848644,0.8723930166929583,0.923154414982704,0.9268878558825032,0.9262786514874014,0.9259365294488208,0.9259150635380524,CT,False,[0.9765625 0.9765625 3.       ],"(81, 512, 512)",True,2
CT_LungLesions_lung_058,2.9950051307678223,0.4830217361450195,0.4876017570495605,0.4850766658782959,0.5302793979644775,0.5037944316864014,0.5052311420440674,3.049133039450841,3.858192562590388,0.7717842323651453,0.9781531111950024,0.7494707127734651,0.7573632538569425,0.7591036414565826,0.7599720083974808,0.7654836464857342,0.7717842323651453,0.958392374235692,0.959301042445872,0.9585995896206408,0.958602076473865,0.9722638196754456,0.9781531111950024,CT,True,[0.859375   0.859375   1.24481332],"(10, 512, 512)",True,1
MR_BraTS-T1c_bratsgli_0156,2.6832022666931152,0.0,0.5329477787017822,0.5283474922180176,0.5419559478759766,0.5300188064575195,0.5499322414398193,0.024221170442227,0.0,0.0051389757797837,0.0,0.0,0.0060460871549167,7.907638779060572e-05,0.0094923208191126,0.0090572417679735,0.0051389757797837,0.0,0.0,0.0,0.0,0.0,0.0,MR,True,[1. 1. 1.],"(75, 218, 182)",False,4
CT_TotalSeg_cardiac_s1258,32.088685035705566,5.236665725708008,5.524290084838867,5.321615934371948,5.23655366897583,5.318195581436157,5.451364040374756,3.503935306025016,3.605780763881726,0.8794683436060403,0.9035012244549792,0.848965298595148,0.8682196633405486,0.8745114951168095,0.8766510134874014,0.8789287939475112,0.8794683436060403,0.8629944493203774,0.893782515941026,0.9018501729561093,0.9017687210024992,0.9035199997251148,0.9035012244549792,CT,False,[1.5 1.5 1.5],"(122, 221, 221)",True,11
CT_TotalSeg_organs_s0140,14.334381580352783,2.3710198402404785,2.430461883544922,2.37882137298584,2.476618766784668,2.353306770324707,2.324152946472168,3.2166856643774624,3.3631322309380347,0.8323373303617199,0.8928339797250915,0.6896515088005809,0.7713721029511967,0.7933753505383356,0.8043647741093697,0.8170908230732985,0.8323373303617199,0.7099419908872383,0.791559954446858,0.826314248089106,0.8390188775514001,0.8556021382115538,0.8928339797250915,CT,False,[1.5 1.5 1.5],"(47, 196, 196)",True,5
MR_BraTS-T1c_bratsgli_0898,2.6054859161376958,0.0,0.5103251934051514,0.5196473598480225,0.4933032989501953,0.5564055442810059,0.5258045196533203,0.9506907171792603,0.7604634119878408,0.2580576276977393,0.2080293531435292,0.0,0.2242490913901382,0.2264708881411236,0.2279124745725438,0.255153994921654,0.2580576276977393,0.0,0.1770780785670142,0.1803744037582577,0.1713539264467672,0.2161813659275441,0.2080293531435292,MR,True,[1. 1. 1.],"(72, 218, 182)",False,2
CT_AbdTumor_case_00580,3.135666847229004,0.5160417556762695,0.5068051815032959,0.51448655128479,0.5233018398284912,0.5243875980377197,0.5506439208984375,3.5710680484190207,3.8752056172132,0.8943979027754032,0.9727288352539122,0.8806024409244352,0.8892305939973802,0.8910201518524862,0.893706852285046,0.8945267958950969,0.8943979027754032,0.9268924220337644,0.963712126968402,0.964354824270487,0.9703950118125833,0.9722353000189728,0.9727288352539122,CT,True,[0.71484375 0.71484375 2.19402981],"(13, 512, 512)",True,1
MR_BraTS-T1c_bratsgli_1203,2.561471462249756,0.0,0.4762954711914062,0.5069162845611572,0.4995183944702148,0.5273363590240479,0.5514049530029297,0.5301919782321745,0.0,0.1686191626409018,0.0,0.0,0.0686118923788424,0.1060221439304194,0.1465219787599635,0.1590323280319194,0.1686191626409018,0.0,0.0,0.0,0.0,0.0,0.0,MR,True,[1. 1. 1.],"(70, 218, 182)",False,3
CT_totalseg-vertebrae_s0703,64.82171845436096,10.813976287841797,10.973413467407228,11.108257055282593,10.540466785430908,10.667833805084229,10.717771053314207,2.757815454031604,2.7015355293617827,0.7032391781594249,0.6835716301923488,0.6171483972837228,0.676072642963225,0.6840253404934052,0.6888020157397181,0.6953321872371554,0.7032391781594249,0.6185685868575941,0.6606162510992168,0.6719333136476232,0.6761031778425138,0.6814050972258632,0.6835716301923488,CT,False,[1.5 1.5 1.5],"(402, 265, 265)",True,20
MR_BraTS-T1n_bratsgli_0508,2.38015365600586,0.0,0.4785566329956054,0.5008735656738281,0.4606709480285644,0.4660217761993408,0.4740307331085205,0.3062329095232438,0.0,0.0918668106341378,0.0,0.0,0.0665521127801489,0.0665485106626265,0.072856450831584,0.0876184863218898,0.0918668106341378,0.0,0.0,0.0,0.0,0.0,0.0,MR,True,[1. 1. 1.],"(55, 218, 182)",False,3
CT_TotalSeg_organs_s0592,73.1826400756836,11.586546659469604,11.821319818496704,12.114508152008057,12.797863245010376,12.236479759216309,12.625922441482544,1.5455600762447812,1.3092002447756017,0.4120701036581035,0.3495699343021178,0.2850522545508662,0.3524363997987194,0.3754519326757869,0.3877914821138882,0.4000634097266944,0.4120701036581035,0.2044639271051551,0.2877478393844835,0.3143660321454475,0.3338860917743944,0.3422892340124588,0.3495699343021178,CT,False,[1.5 1.5 1.5],"(361, 319, 319)",True,21
MR_BraTS-T1n_bratsgli_1082,2.5742087364196777,0.0,0.4958045482635498,0.5114743709564209,0.5442750453948975,0.5221502780914307,0.5005044937133789,0.0348633073592671,0.0,0.007460308534368,0.0,0.0,0.0124817731116943,0.0113592953777181,0.0,0.0135329711585177,0.007460308534368,0.0,0.0,0.0,0.0,0.0,0.0,MR,True,[1. 1. 1.],"(87, 218, 182)",False,3
MR_Spider_131_t1_spi,5.472273111343384,0.8336939811706543,0.9157681465148926,0.9110209941864014,0.9549229145050048,0.932744026184082,0.9241230487823486,1.161455564205416,1.9096509102904533,0.2816645772131055,0.4550194611393638,0.3307778466490501,0.3416142844737176,0.3256441268096023,0.3156325339423931,0.208539472610009,0.2816645772131055,0.538073731195677,0.5645722825706946,0.5304754169795871,0.4870747708537001,0.3823048506021367,0.4550194611393638,MR,True,[0.60604249 3.30353406 0.625     ],"(8, 463, 448)",True,1
CT_AbdTumor_pancreas_105,2.635128736495972,0.4397244453430176,0.4203877449035644,0.4340560436248779,0.4518544673919678,0.4371147155761719,0.451991319656372,2.9586346793784286,3.3940379335704183,0.8120150187734668,0.9280844612061824,0.5512779035910709,0.6292800296131779,0.6829366680112948,0.7641037848131397,0.7909467023606717,0.8120150187734668,0.6349183137580958,0.7233991053022263,0.7811073689341743,0.8812483842300755,0.905940397151964,0.9280844612061824,CT,True,[0.76953101 0.76953101 5.        ],"(3, 512, 512)",True,1
Microscopy_SELMA3D_patchvolume_vessel_006_1_0_1,89.28422594070435,14.570679664611816,14.481966018676758,15.30995750427246,15.434317827224731,14.51960563659668,14.9676992893219,2.565059084533977,3.664672097549068,0.6541226980767925,0.9321424671631716,0.5592773363672777,0.6081104526524488,0.6389531513892621,0.6476366095222547,0.6473527482578394,0.6541226980767925,0.841389224168355,0.8896637558532665,0.9136190372901812,0.9163056474079212,0.9238443013427468,0.9321424671631716,Mi,False,[1. 1. 1.],"(12, 250, 250)",True,33
MR_BraTS-T2f_bratsgli_0365,2.4165656566619877,0.0,0.4685473442077636,0.4907295703887939,0.497891902923584,0.4744424819946289,0.4849543571472168,0.2320551683549455,0.0,0.0880787076621407,0.0,0.0,0.0602935911206587,0.0542912116867041,0.0509956476524284,0.0525821596244131,0.0880787076621407,0.0,0.0,0.0,0.0,0.0,0.0,MR,True,[1. 1. 1.],"(68, 218, 182)",False,3
US_Cardiac_patient0215_4CH_half_sequence,8.725271940231323,1.4588637351989746,1.3941271305084229,1.3811824321746826,1.437471628189087,1.4566600322723389,1.5969669818878174,3.2456888648425406,3.402156514468098,0.8424198790394174,0.8748206526794347,0.7244151414717613,0.7733010193588891,0.784418587927744,0.8126181584470581,0.8407916692685852,0.8424198790394174,0.794793599944504,0.8208145777674772,0.8309400491679256,0.8513179136644983,0.8720809364122181,0.8748206526794347,US,True,[0.308 0.308 1.   ],"(14, 357, 433)",True,3
MR_BraTS-T1c_bratsgli_0607,2.5594396591186523,0.0,0.5011539459228516,0.4936103820800781,0.5368423461914062,0.5378944873809814,0.4899384975433349,0.0094818308285043,0.0,0.0019346517626827,0.0,0.0,0.0,0.0,0.0085145049471629,0.0,0.0019346517626827,0.0,0.0,0.0,0.0,0.0,0.0,MR,True,[1. 1. 1.],"(85, 218, 182)",False,4
MR_BraTS-T1c_bratsgli_0586,2.686093330383301,0.0,0.5045790672302246,0.5258405208587646,0.5361735820770264,0.5551974773406982,0.5643026828765869,0.4536671912689579,0.0,0.1234091785576552,0.0,0.0,0.1014327987550696,0.1187019641332194,0.1075030594590032,0.1150411790203727,0.1234091785576552,0.0,0.0,0.0,0.0,0.0,0.0,MR,True,[1. 1. 1.],"(64, 218, 182)",False,3
CT_TotalSeg_organs_s0275,56.25342535972595,9.738623857498167,9.3374924659729,9.513413667678831,9.185970783233644,9.41970992088318,9.058214664459229,3.384801015395776,3.2702822295521985,0.8452471976028337,0.8225961841772843,0.7790107666452519,0.8214272654218248,0.8452074201607247,0.8516052359288764,0.8546511277938457,0.8452471976028337,0.7033705207172234,0.7782159885547504,0.81511854983582,0.8253566907529892,0.8294009025973722,0.8225961841772843,CT,False,[1.5 1.5 1.5],"(245, 283, 283)",True,18
MR_WMH_T1_Singapore_92,57.21297740936279,9.398690700531006,9.52653694152832,9.573281526565552,9.637314796447754,9.530275821685793,9.54687762260437,1.1587872484575854,1.8112602388319847,0.2927171884549078,0.4596463663812035,0.2703670558497322,0.2859905807776089,0.2880032053644453,0.2894354000767072,0.2919947584001744,0.2927171884549078,0.4240312855132231,0.4383498234247767,0.4478099424574568,0.4552248319391699,0.4592273695323681,0.4596463663812035,MR,False,[1.         1.         2.99999857],"(18, 256, 232)",True,22
CT_TotalSeg_muscles_s1050,43.00716710090637,7.166413068771362,7.214961528778076,7.351386070251465,7.250465393066406,7.280489683151245,6.743451356887817,3.0379415411950155,2.434084124198785,0.7740171096724271,0.6312426669812552,0.6737002536524144,0.7288574261513614,0.7495326795484087,0.7650738573317766,0.7718977364029364,0.7740171096724271,0.5183705898751761,0.5666385452776058,0.5913662700978481,0.616279252619656,0.62749799535185,0.6312426669812552,CT,False,[1.5 1.5 1.5],"(217, 122, 255)",True,15
CT_AbdTumor_hepaticvessel_070,13.01055097579956,2.0973472595214844,2.1641764640808105,2.069147109985352,2.303459882736206,2.1549696922302246,2.2214505672454834,3.518789546746216,3.914956534678936,0.8825288939525091,0.9752810209615752,0.8538164350986691,0.8694716914580167,0.8787659854472214,0.881977559910547,0.8820457086831839,0.8825288939525091,0.9198500829127388,0.9757832354379262,0.9806175018978284,0.9796655944181056,0.9791413101632503,0.9752810209615752,CT,False,[0.64453101 0.64453101 5.        ],"(41, 512, 512)",True,4
MR_totalseg_mr_s0088,53.09156775474548,8.792026281356812,8.949013710021973,8.776427745819092,8.786267757415771,8.86605453491211,8.921777725219727,0.7576178450776696,0.5163990406950402,0.267920285994471,0.3958011266988632,0.1073950465020228,0.1242303086447704,0.1623015145226589,0.194782446243754,0.204458586991636,0.267920285994471,0.0,0.0,0.0,0.0,0.3184984773456085,0.3958011266988632,MR,False,[3.30000043 0.28650001 0.28650001],"(762, 768, 15)",True,5
MR_ISLES2022_DWI_sub-strokecase0129,8.172183275222778,1.418606519699097,1.3376262187957764,1.3357431888580322,1.3674888610839844,1.3462347984313965,1.3664836883544922,3.1173664721957226,3.94013551149978,0.7761924962292609,0.9850335948917768,0.7647545375393476,0.8013854707866193,0.7761924962292609,0.7761924962292609,0.7761924962292609,0.7761924962292609,0.9816619189433108,0.9850358587571224,0.9850335948917768,0.9850335948917768,0.9850335948917768,0.9850335948917768,MR,True,[2. 2. 2.],"(8, 112, 112)",True,3
CT_totalseg-vertebrae_s0764,67.12075138092041,10.853512287139893,11.295200109481812,11.19821548461914,11.22499179840088,11.276479721069336,11.27235198020935,1.8475029330596435,1.7517616484874807,0.470948433437018,0.4481918255268025,0.3521114005729349,0.4379442028680197,0.4623501765024911,0.467018906472478,0.4636875319321553,0.470948433437018,0.3540501657112725,0.4155925603176604,0.4401818923208488,0.4377540348694994,0.4419335283749011,0.4481918255268025,CT,False,[1.5 1.5 1.5],"(363, 291, 291)",True,20
MR_totalseg_mr_s0135,8.001086711883545,1.2875564098358154,1.3385460376739502,1.3378722667694092,1.3438348770141602,1.3462543487548828,1.3470227718353271,2.0272686487539904,3.0254111260261385,0.4983540873930625,0.7351559339559551,0.4598850997524589,0.5095358321198245,0.5125267403061374,0.5050503700387905,0.5057465786526191,0.4983540873930625,0.7923847654677946,0.7706523628746291,0.7728354067138371,0.784477360448887,0.7151942104481224,0.7351559339559551,MR,True,[0.6875     0.6875     3.85000181],"(21, 320, 320)",True,3
US_Cardiac_patient0201_4CH_half_sequence,12.39680290222168,1.9799723625183103,2.060072660446167,2.143622875213623,2.0749471187591557,2.1257598400115967,2.012428045272827,3.2321120447081384,3.1637395971832656,0.815860505164542,0.8016740955677716,0.731022344242353,0.7943286667818256,0.803988549398233,0.8093487256063291,0.8136801837303925,0.815860505164542,0.7202487697846056,0.7796581365941665,0.7858396279248927,0.790599710023816,0.796634143153588,0.8016740955677716,US,False,[0.308 0.308 1.   ],"(21, 519, 630)",True,3
MR_BraTS-T2w_bratsgli_0758,2.451534986495972,0.0,0.5074548721313477,0.4903798103332519,0.4802424907684326,0.4876320362091064,0.485825777053833,0.3058246009136776,0.0,0.0927958927303511,0.0,0.0,0.0481405482673552,0.0579568738413503,0.0686269131603489,0.1087725934131251,0.0927958927303511,0.0,0.0,0.0,0.0,0.0,0.0,MR,True,[1. 1. 1.],"(50, 218, 182)",False,2
CT_AbdTumor_HCC_040,3.2644357681274414,0.5525360107421875,0.5374829769134521,0.5484590530395508,0.5339527130126953,0.554631233215332,0.5373737812042236,3.5251685288574146,2.775539393357504,0.881158223070459,0.6934402789679677,0.8758350721688596,0.8813246752325594,0.8814708372162506,0.8812803918637021,0.8811758506259525,0.881158223070459,0.6852909034814225,0.694728803421485,0.6944797277201072,0.6935377262116712,0.6934373982309993,0.6934402789679677,CT,True,[0.703125 0.703125 2.5     ],"(20, 512, 512)",True,1
MR_Head_HNTSMRG24_47_preRT_T2,14.588676929473875,2.251448154449463,2.440741777420044,2.321537733078003,2.5549137592315674,2.4011518955230717,2.6188836097717285,3.198779504888212,3.826612350101563,0.8087292797328665,0.961500270942114,0.7413088143605127,0.7716973273297916,0.7970819674955822,0.8047818608078766,0.8067023730534245,0.8087292797328665,0.9325867511251944,0.9433309592211088,0.9524167529544388,0.9617697310445964,0.9600102510209166,0.961500270942114,MR,False,[0.40000001 0.40000001 1.99999905],"(46, 640, 640)",True,4
CT_AbdomenAtlas_BDMAP_00008819,36.55407667160034,5.8709821701049805,6.072848558425903,6.0258948802948,6.127685546875,6.160957336425781,6.295708179473877,3.559261857269268,3.638112732394277,0.8944095119262317,0.9133518341803372,0.8131420098331503,0.8570820989044736,0.8972784245660257,0.8930504536340461,0.8931871736538427,0.8944095119262317,0.8210943337074952,0.8653330774538933,0.9227938536505652,0.913324496130814,0.912651926795782,0.9133518341803372,CT,False,[0.87890625 0.87890625 3.        ],"(106, 383, 512)",True,11
CT_TotalSeg_muscles_s0129,13.850671529769896,2.283637285232544,2.2536461353302,2.347696304321289,2.335691452026367,2.269453525543213,2.360546827316284,3.2887110469856062,3.047209555845488,0.8328872698329363,0.7764750974240192,0.780766766162613,0.8070822980013495,0.8187614234611944,0.8229263061824843,0.8270385334247846,0.8328872698329363,0.712698868606473,0.7434600195182307,0.760347426824733,0.7602647814156795,0.7666297891339507,0.7764750974240192,CT,False,[1.5 1.5 1.5],"(148, 111, 50)",True,5
CT_TotalSeg_cardiac_s0445,15.51067852973938,2.557128667831421,2.543470859527588,2.550002098083496,2.505892038345337,2.7424156665802,2.611769199371338,3.5170188993583285,3.4973880987417587,0.9023900086928522,0.9108142248751608,0.7960473831218181,0.8509887529505764,0.87236297538237,0.8793236328790484,0.8886429102751958,0.9023900086928522,0.7592191636961234,0.8289564611073146,0.8692146663800505,0.8707410984243683,0.8875469909461018,0.9108142248751608,CT,False,[1.5 1.5 1.5],"(134, 239, 239)",True,5
US_Cardiac_patient0243_4CH_half_sequence,10.247166872024536,1.6800901889801023,1.6710090637207031,1.712372064590454,1.6463344097137451,1.7434680461883545,1.7938930988311768,3.3217485404027665,3.130514894805487,0.8491744685141006,0.807405898057143,0.6969774218658661,0.808855589303341,0.8256998579114678,0.8283872763580135,0.8386463772245643,0.8491744685141006,0.6632039624675502,0.753159750078967,0.7748836773657181,0.7782460008635498,0.797102392508164,0.807405898057143,US,False,[0.308 0.308 1.   ],"(21, 519, 630)",True,3
CT_TotalSeg_muscles_s0245,15.254507064819336,2.390019178390503,2.670379161834717,2.567070722579956,2.576980829238892,2.5578854084014893,2.4921717643737797,3.3026697497760957,3.1374689388314385,0.8487285391444379,0.8386463871531309,0.7226922553577012,0.7860015732171164,0.8142687421259509,0.8301558651493695,0.840880086319998,0.8487285391444379,0.6181518205720864,0.6875951149982238,0.7643926979111451,0.7907899598475956,0.8191655299970207,0.8386463871531309,CT,False,[1.5 1.5 1.5],"(95, 277, 277)",True,5
PET_autoPET_psma_35852148926fc57d_2018-03-23,38.53988742828369,6.175313472747803,6.427106142044067,6.604859352111816,6.590051174163818,6.378718137741089,6.363839149475098,3.266999295066519,3.2673525022315517,0.822230233558779,0.8281464490339057,0.739294683756232,0.7977677224564709,0.8169207893892074,0.8188470284596383,0.8212324992100483,0.822230233558779,0.6926805341346717,0.78496260912848,0.8125254040504396,0.8226924452339485,0.8255801238659701,0.8281464490339057,PE,False,[2.734375   2.734375   3.26999998],"(180, 256, 256)",True,13
Microscopy_SELMA3D_patchvolume_nuclei_004_1_0_1,259.8514506816864,42.84844756126404,41.99903702735901,44.05577301979065,43.99524211883545,44.5144145488739,42.43853640556336,2.895141392865006,3.663513567167599,0.7460875503985992,0.9279766517335728,0.6375864833968503,0.6873687594488979,0.7126162921632669,0.7281622632406419,0.7376346825373487,0.7460875503985992,0.8784704096267859,0.9037350171271742,0.9097797396664822,0.9165853322266568,0.9212926608440865,0.9279766517335728,Mi,False,[1. 1. 1.],"(34, 100, 100)",True,96
MR_QIN-PROSTATE-Prostate_PCAMPMRI-00011_1_2_MR,2.7187325954437256,0.466731309890747,0.4429240226745605,0.44573974609375,0.4447362422943115,0.4468133449554443,0.4717879295349121,3.4902653480204293,3.703854163859949,0.8796352583586626,0.9355985223108306,0.8282264222985872,0.859424207106901,0.862723685190241,0.8785670916818458,0.8794448384155608,0.8796352583586626,0.8762781834075389,0.9076878822087764,0.9118637406169648,0.9348923096927384,0.9354549112904422,0.9355985223108306,MR,True,[0.70310003 0.70310003 3.99999642],"(7, 256, 256)",True,1
MR_Spider_179_t1_ivd,18.20412349700928,2.992645025253296,3.0813136100769043,3.024353265762329,2.9970953464508057,3.0382232666015625,3.07049298286438,3.276209228062996,3.6180016561483246,0.834224837041063,0.9260256484238476,0.6861356731836289,0.7808119761667707,0.8137911691482032,0.8249623090701325,0.8299373432407433,0.834224837041063,0.7682874234617124,0.8606524885294279,0.8934978760742015,0.906341865692463,0.9248228459050224,0.9260256484238476,MR,False,[0.72916669 4.39999989 0.72916669],"(15, 384, 384)",True,7
CT_AbdTumor_PETCT_e77124b7f4,32.110915184021,4.99072003364563,5.400404930114746,5.412867546081543,5.3447582721710205,5.398459196090698,5.563705205917358,1.995516838698696,2.368317186529201,0.5104145237807778,0.5922728324738941,0.438498347810958,0.4790346247594976,0.4881995019325001,0.5065379851846341,0.5060547773114241,0.5104145237807778,0.5339245747390222,0.5898380790413835,0.5916262824928364,0.5957211800266545,0.5899142682520712,0.5922728324738941,CT,False,[0.8359375 0.8359375 2.5      ],"(76, 512, 512)",True,10
CT_AbdTumor_PETCT_bd7603e9df,6.044652700424194,1.003188133239746,0.996262788772583,0.9866726398468018,1.0292692184448242,1.0034329891204834,1.025826930999756,2.759843442723201,2.666906711148338,0.6946951575067228,0.6646739304080266,0.6432149473422129,0.6692538367681768,0.6934617712671118,0.6899453949948484,0.6944617793237908,0.6946951575067228,0.6274087467873868,0.6546594738768136,0.6719132182450982,0.6667953925535746,0.6685313982072449,0.6646739304080266,CT,True,[0.8984375 0.8984375 2.5      ],"(23, 512, 512)",True,2
CT_GTVpEnhance_segrap_0095,2.6809980869293213,0.4394938945770263,0.4502596855163574,0.4353599548339844,0.4543051719665527,0.4531011581420898,0.4484782218933105,3.2349496693117423,3.007156247644522,0.8442585551330799,0.8228719540349974,0.715458680370961,0.7530923916799116,0.7987786259541985,0.8059817139315048,0.8315138560195435,0.8442585551330799,0.5803890537625256,0.6303309230671895,0.7313360800525683,0.7486327952536358,0.8005859337872244,0.8228719540349974,CT,True,[1.00976562 1.00976562 3.        ],"(17, 256, 256)",True,1
MR_Spider_80_t2_spi,4.499351739883423,0.7301924228668213,0.7588369846343994,0.7377045154571533,0.7220697402954102,0.8189327716827393,0.7316153049468994,1.820636099665119,2.3340058394193437,0.5556247533002938,0.6911054765724934,0.3188427454906825,0.375911891777038,0.4024217245921572,0.4387151951554277,0.513730857378868,0.5556247533002938,0.4408772078683455,0.5042859777180095,0.5240198597075153,0.5672464069743403,0.645043845592236,0.6911054765724934,MR,True,[0.68170923 3.28875302 0.625     ],"(8, 413, 448)",True,1
MR_BraTS-T1c_bratsgli_1282,2.595715284347534,0.0,0.5445051193237305,0.5267140865325928,0.5200831890106201,0.5048904418945312,0.4995224475860595,1.4484356894553882e-05,0.0,0.0,0.0,0.0,2.8968713789107764e-05,0.0,0.0,0.0,0.0,0.0,0.0,0.0,0.0,0.0,0.0,MR,True,[1. 1. 1.],"(82, 218, 182)",False,4
MR_BraTS-T1n_bratsgli_1197,2.3188905715942383,0.0,0.4545180797576904,0.4590120315551758,0.4622066020965576,0.4727661609649658,0.4703876972198486,0.0551747986827331,0.0,0.0,0.0,0.0,0.0367294934317472,0.0140292736813035,0.0,0.022780778285556,0.0,0.0,0.0,0.0,0.0,0.0,0.0,MR,True,[1. 1. 1.],"(40, 218, 182)",False,2
MR_BraTS-T1c_bratsgli_0392,2.5687954425811768,0.0,0.5472702980041504,0.5042386054992676,0.5082151889801025,0.5124475955963135,0.4966237545013428,0.0009832726477153,0.0,0.0003392322044439,0.0,0.0,0.0003520996256625,0.0,0.0003495128664423,0.0002880938662196,0.0003392322044439,0.0,0.0,0.0,0.0,0.0,0.0,MR,True,[1. 1. 1.],"(68, 218, 182)",False,4
MR_BraTS-T1c_bratsgli_0578,2.562769889831543,0.0,0.5083811283111572,0.5114710330963135,0.5197591781616211,0.518779993057251,0.5043785572052002,0.0528433144578633,0.0,0.0085944630362032,0.0,0.0,0.0205681194149068,0.0167368573918094,0.012495432955791,0.0090297328847078,0.0085944630362032,0.0,0.0,0.0,0.0,0.0,0.0,MR,True,[1. 1. 1.],"(65, 218, 182)",False,4
MR_BraTS-T1c_bratsgli_0091,2.518673658370972,0.0,0.4798996448516845,0.4901549816131592,0.5195572376251221,0.5272066593170166,0.5018551349639893,0.0021618528259531,0.0,0.0002846454131424,0.0,0.0,0.0009271621421154,0.0012119771863117,0.0002282757571145,0.0001156961048978,0.0002846454131424,0.0,0.0,0.0,0.0,0.0,0.0,MR,True,[1. 1. 1.],"(70, 218, 182)",False,4
CT_AMOS_amos_0048,54.45885133743286,9.11011028289795,9.055743932724,8.936856746673584,8.903757572174072,8.992396354675293,9.459986448287964,2.949902421316266,3.258958094811034,0.751675205159245,0.837295481040415,0.6670580961390667,0.7155918736707599,0.7345525679601931,0.7392541155341739,0.7424621984068965,0.751675205159245,0.7323695335746272,0.7883504990949748,0.8113001014578418,0.8153681708371576,0.8194668324483395,0.837295481040415,CT,False,[0.64973956 0.64973956 5.        ],"(65, 768, 768)",True,15
PET_autoPET_fdg_c517c47bed_02-06-2003-NA-PET-CT Ganzkoerper  primaer mit KM-36150,21.21017050743103,3.3843774795532227,3.5302422046661377,3.4683351516723637,3.5103702545166016,3.660444498062134,3.6564009189605713,2.6093690063879684,2.152306733895399,0.6522773691549164,0.5351641393737646,0.6375858094135187,0.6449699207569279,0.6567693948167377,0.6518503111212324,0.6521256554940762,0.6522773691549164,0.524602479866145,0.5237520101784259,0.5475114404759132,0.5404480201451463,0.5348891984982445,0.5351641393737646,PE,False,[2.03642011 2.03642011 3.        ],"(277, 400, 400)",True,5
MR_Spider_217_t2_spi,5.646841526031494,0.9151287078857422,0.9826705455780028,0.9270963668823242,0.944765329360962,0.9276747703552246,0.9495058059692384,1.0943978102330725,2.3350686500688163,0.2914768543364577,0.6089869830247189,0.2547581646025533,0.2900450634985662,0.2569466363369214,0.2572793869531615,0.2894108280254777,0.2914768543364577,0.5183845027271444,0.5884939280410779,0.5642337201674457,0.5643505488185726,0.6077439255498994,0.6089869830247189,MR,True,[0.69599894 4.37193747 0.46820399],"(7, 447, 658)",True,1
CT_AbdomenAtlas_BDMAP_00008042,36.85742926597595,6.041270017623901,6.202027082443237,6.239616870880127,6.086352586746216,6.202592611312866,6.0855700969696045,3.5025256877007083,3.6194042596040097,0.88707965958253,0.920317256718376,0.8061304063474456,0.8481720373734407,0.8702968606590727,0.8820460894612959,0.882556889102354,0.88707965958253,0.8303334265340971,0.8626936718122856,0.8977925507859589,0.914018515642879,0.9160877289098408,0.920317256718376,CT,False,[0.9765625 0.9765625 3.       ],"(148, 278, 511)",True,11
MR_BraTS-T1n_bratsgli_0975,2.4734764099121094,0.0,0.4764773845672607,0.5091409683227539,0.4901900291442871,0.5119493007659912,0.4857187271118164,0.0060793080734603,0.0,0.0,0.0,0.0,0.0090923260767911,0.0,0.0007774140752864,0.0007557309597783,0.0,0.0,0.0,0.0,0.0,0.0,0.0,MR,True,[1. 1. 1.],"(53, 218, 182)",False,4
MR_BraTS-T1n_bratsgli_1298,2.304743766784668,0.0,0.4424352645874023,0.455604076385498,0.459536075592041,0.4716448783874511,0.4755234718322754,0.1769238919124943,0.0,0.045367717287488,0.0,0.0,0.0424337488648559,0.0428978635735049,0.0451641925326135,0.0449611027302038,0.045367717287488,0.0,0.0,0.0,0.0,0.0,0.0,MR,True,[1. 1. 1.],"(33, 218, 182)",False,3
CT_AbdTumor_case_00245,4.423404693603516,0.7498345375061035,0.7397611141204834,0.6983287334442139,0.7085778713226318,0.7285161018371582,0.7983863353729248,3.834854897778583,3.580659895485666,0.9591927789408656,0.8977824278804943,0.9588285820410436,0.9596115558901744,0.9568349256287694,0.9593813567530916,0.959236447981202,0.9591927789408656,0.9304007126326084,0.9025050495599448,0.8829753970252333,0.8993834085737302,0.8981573511664823,0.8977824278804943,CT,True,[0.97600001 0.97600001 3.        ],"(40, 512, 512)",True,1
US_Cardiac_patient0251_2CH_half_sequence,10.244615077972412,1.6067931652069092,1.5989785194396973,1.5951223373413086,1.7566189765930176,1.8122472763061523,1.8748548030853271,3.386479717614611,3.5129194709734097,0.8704776655074268,0.9015400021243456,0.8168862179260602,0.833514535689137,0.8410506445929568,0.8451205370808688,0.8483124353425032,0.8704776655074268,0.8484350402123614,0.8674148078103873,0.8738644289617681,0.875321245426082,0.8792563916181932,0.9015400021243456,US,False,[0.308 0.308 1.   ],"(17, 454, 551)",True,3
MR_ProstateT2_T2-ProstateX-0113,3.1559767723083496,0.4979560375213623,0.5355648994445801,0.5388236045837402,0.5323324203491211,0.5313816070556641,0.5199182033538818,3.7119069662926094,3.928103221037623,0.930159265312704,0.985468595957679,0.929181301780146,0.9274926024098156,0.9260319239961052,0.9276528041720068,0.9293963042632386,0.930159265312704,0.9893349801832269,0.9786602443824548,0.9796051822114774,0.98212545481548,0.9843081638405988,0.985468595957679,MR,True,[0.5        0.5        2.99999928],"(13, 384, 384)",True,1
CT_AbdTumor_case_00578,6.051469087600708,1.0163557529449463,0.872124195098877,1.0161128044128418,1.0513145923614502,1.0590722560882568,1.036489486694336,3.6161164217949824,3.9468407701086248,0.905452821242295,0.991663070828234,0.8814997921112124,0.8994522773409844,0.9048467741259504,0.9048777805310332,0.9039393178463592,0.905452821242295,0.9598991255678444,0.974114132775586,0.9843146502194844,0.989656909706516,0.9899806083807144,0.991663070828234,CT,True,[0.76171875 0.76171875 1.        ],"(25, 512, 512)",True,2
CT_AbdomenAtlas_BDMAP_00001825,31.20331573486328,5.069822788238525,5.534332752227783,4.959416627883911,5.115580558776856,5.204254865646362,5.319908142089844,3.2337476731055856,3.3567297153582016,0.8212006864009368,0.8585584784278248,0.7382830174690379,0.7890239641678375,0.8051520527624948,0.8080317437210296,0.815451551337674,0.8212006864009368,0.7267239185551997,0.8137372864939545,0.8351746834172491,0.8397711089219231,0.8456360405581395,0.8585584784278248,CT,False,[0.67578101 0.67578101 5.        ],"(74, 348, 512)",True,10
MR_WMH_T1_Amsterdam_GE3T_109,27.1063072681427,4.532307147979736,4.618889331817627,4.567374706268311,4.418905258178711,4.496236324310303,4.472594499588013,0.6317823141508412,0.0,0.1491564062974253,0.0,0.1598193597653138,0.1603181395643095,0.167536952797648,0.1594729344729344,0.1500351539493912,0.1491564062974253,0.0,0.0,0.0,0.0,0.0,0.0,MR,False,[1.20000005 0.97659999 3.        ],"(9, 256, 132)",True,10
CT_TotalSeg_muscles_s0016,50.39168548583984,8.033337354660034,8.220145463943481,8.424854516983032,8.463854789733887,8.767553091049194,8.481940269470215,3.2363679954726745,2.965983599641562,0.8156921168522554,0.7532151476609,0.7667708911917007,0.7941957487817712,0.8060922939570592,0.8124778063139727,0.812853962384629,0.8156921168522554,0.6796783436574325,0.7206067553703119,0.7338542044332317,0.7472249196985271,0.747993523994197,0.7532151476609,CT,False,[1.5 1.5 1.5],"(294, 259, 259)",True,15
MR_WMH_FLAIR_Amsterdam_GE1T5_151,61.3823561668396,10.073888063430786,10.295857667922974,10.184906244277954,10.413926362991331,10.14105463027954,10.272723197937012,1.5752930525028257,2.3695722365519325,0.441081335766522,0.6601389330574751,0.2996545165084427,0.3561061231130584,0.3742818678584662,0.3975091425195511,0.404908312685018,0.441081335766522,0.4612936946714902,0.5530376778011439,0.5600037337684808,0.5976894588433143,0.6052907385108278,0.6601389330574751,MR,False,[1.29992843 1.21090007 3.        ],"(27, 256, 128)",True,23
MR_BraTS-T2w_bratsgli_0573,2.690015316009521,0.0,0.5334384441375732,0.5473761558532715,0.5366694927215576,0.5293622016906738,0.5431690216064453,0.1614803470148686,0.0,0.0877723611951274,0.0,0.0,0.0268394709480861,0.0323014528466553,0.034043475903941,0.0378295021926654,0.0877723611951274,0.0,0.0,0.0,0.0,0.0,0.0,MR,True,[1. 1. 1.],"(81, 218, 182)",False,3
CT_AbdTumor_PETCT_bdd21f5590,2.8266468048095703,0.481691837310791,0.4800407886505127,0.5027885437011719,0.4528250694274902,0.4581203460693359,0.4511802196502685,3.4062075280760027,3.560812941480897,0.853227551388388,0.8921816677172174,0.8185415488976823,0.8415841584158416,0.8523465703971119,0.853227551388388,0.853227551388388,0.853227551388388,0.8512518758412605,0.8779380439046304,0.8913897502355383,0.8921816677172174,0.8921816677172174,0.8921816677172174,CT,True,[0.9765625 0.9765625 2.5      ],"(8, 512, 512)",True,1
CT_TotalSeg_muscles_s0229,38.828200340271,6.304663896560669,6.333516597747803,6.245128870010376,6.64958930015564,6.5805394649505615,6.714762210845947,3.10715708200165,2.471252384971625,0.7973521067152187,0.6767438906114503,0.6494401413257919,0.7121607965267032,0.7589338922984947,0.7886148368104074,0.8048519012717871,0.7973521067152187,0.4664441881838225,0.5243516167747645,0.5820581181784438,0.6293557362273494,0.659290776872725,0.6767438906114503,CT,False,[1.5 1.5 1.5],"(108, 269, 269)",True,14
MR_BraTS-T2w_bratsgli_0306,2.6688356399536133,0.0,0.5492105484008789,0.5385560989379883,0.542482852935791,0.5185401439666748,0.5200459957122803,0.1184175632452233,0.0,0.0694856368104397,0.0,0.0,0.0372028351476922,0.0281626070055001,0.0058104502022897,0.0311002700583674,0.0694856368104397,0.0,0.0,0.0,0.0,0.0,0.0,MR,True,[1. 1. 1.],"(48, 218, 182)",False,2
MR_BraTS-T1n_bratsgli_0927,2.6205825805664062,0.0,0.5223336219787598,0.5297353267669678,0.5244927406311035,0.5265281200408936,0.5174927711486816,0.0320262397795193,0.0,0.0125964320154291,0.0,0.0,0.0099595170708988,0.0063994793643906,0.0,0.0143487858719646,0.0125964320154291,0.0,0.0,0.0,0.0,0.0,0.0,MR,True,[1. 1. 1.],"(74, 218, 182)",False,4
MR_BraTS-T2f_bratsgli_0647,2.448155879974365,0.0,0.4783589839935303,0.4939875602722168,0.4837105274200439,0.5018720626831055,0.4902267456054687,0.4514060388222586,0.0,0.138709311557219,0.0,0.0,0.0744508890367975,0.0923232454996086,0.1153877786002138,0.1371149144254278,0.138709311557219,0.0,0.0,0.0,0.0,0.0,0.0,MR,True,[1. 1. 1.],"(51, 218, 182)",False,4
Microscopy_SELMA3D_patchvolume_vessel_020_3_1_0,187.5169904232025,30.99197506904602,30.61959671974182,30.745799779891968,31.57951712608337,31.945696353912357,31.634405374526978,2.4960631971215483,3.748948260393608,0.6428009114424196,0.9556995837089112,0.516895389183093,0.587682821246178,0.6138906534687147,0.6300498952788486,0.6368807820296861,0.6428009114424196,0.8731216242027635,0.9177115249201202,0.9313672725803018,0.9380774282827647,0.9427980052160256,0.9556995837089112,Mi,False,[1. 1. 1.],"(12, 250, 250)",True,70
MR_BraTS-T2f_bratsgli_1155,2.426743745803833,0.0,0.4877746105194092,0.4796390533447265,0.478346586227417,0.494265079498291,0.4867184162139892,0.2408928552324526,0.0,0.0837397095065806,0.0,0.0,0.034120816819066,0.0497057298813771,0.0628798912515778,0.0693769709366743,0.0837397095065806,0.0,0.0,0.0,0.0,0.0,0.0,MR,True,[1. 1. 1.],"(64, 218, 182)",False,3
MR_BraTS-T2w_bratsgli_0547,2.428356409072876,0.0,0.4788262844085693,0.4847209453582763,0.4929888248443603,0.4799714088439941,0.4918489456176758,0.4008271532665133,0.0,0.1545092443968848,0.0,0.0,0.0732810417531517,0.1036595703456126,0.0893133291733362,0.0939591106725461,0.1545092443968848,0.0,0.0,0.0,0.0,0.0,0.0,MR,True,[1. 1. 1.],"(68, 218, 182)",False,2
MR_BraTS-T1c_bratsgli_1018,2.272794246673584,0.0,0.4469575881958008,0.4592554569244385,0.4566729068756103,0.4451451301574707,0.4647631645202636,0.429034862145418,0.0,0.1786680111839391,0.0,0.0,0.078034461726136,0.0913283749532554,0.1025398966059788,0.106815354131146,0.1786680111839391,0.0,0.0,0.0,0.0,0.0,0.0,MR,True,[1. 1. 1.],"(36, 218, 182)",False,2
CT_TotalSeg_organs_s1257,50.43574786186218,8.535555601119995,8.818195104598999,8.333147048950195,8.018426656723022,8.282665014266968,8.447758436203003,3.1919140991594697,3.1764807211421555,0.808383490878561,0.8062949162624213,0.7429947569952762,0.7786170159687348,0.7949040151851279,0.8001686464896481,0.8033411840610456,0.808383490878561,0.6978752828467834,0.760196769309199,0.7929884930079739,0.8000596130798764,0.800186772268495,0.8062949162624213,CT,False,[1.5 1.5 1.5],"(155, 220, 220)",True,18
MR_heart-ACDC_ACDC_patient076_frame01_lvrv,5.408176898956299,0.8949558734893799,0.8917236328125,0.9001410007476807,0.9096188545227052,0.9166033267974854,0.8951342105865479,3.624487982867656,3.804213311522232,0.908384128793896,0.9558863660800664,0.8690595038865868,0.8986138955874541,0.9038338207606612,0.9087626038184956,0.9083925460978236,0.908384128793896,0.8845019542227492,0.9344095933219996,0.946205296813591,0.9566274315962076,0.9562326034114008,0.9558863660800664,MR,True,[ 1.5625  1.5625 10.    ],"(7, 256, 256)",True,2
CT_AbdomenAtlas_BDMAP_00004308,30.16804051399231,5.231493234634399,5.073223114013672,4.964833498001099,5.0268614292144775,4.816117286682129,5.055511951446533,3.524628649494844,3.500698865105414,0.8818078376635314,0.8781964801812795,0.8419429426180193,0.8790744427992353,0.8812740147265944,0.8826479830590737,0.8802655114777926,0.8818078376635314,0.7951446764742782,0.863911224963529,0.8750376170513484,0.8790633823311735,0.8755440131504871,0.8781964801812795,CT,False,[0.68767101 0.68767101 1.5       ],"(95, 417, 505)",True,9
CT_AbdTumor_Adrenal_Ki67_Seg_004,4.363168478012085,0.6989951133728027,0.732593297958374,0.7428076267242432,0.7429742813110352,0.718804121017456,0.7269940376281738,3.6936339622397583,3.4998185293564728,0.9287571132493394,0.8957345096771457,0.8763300015900256,0.9105866100532022,0.9221029058091534,0.9247870888815696,0.9270721058977645,0.9287571132493394,0.7231983727900941,0.8292301791542644,0.8675508244964185,0.879770631583691,0.8900147288606582,0.8957345096771457,CT,True,[0.71484381 0.71484381 3.        ],"(35, 512, 512)",True,1
CT_AbdTumor_pancreas_111,2.636082887649536,0.4400854110717773,0.4378690719604492,0.4301743507385254,0.4374494552612304,0.4501702785491943,0.4403343200683594,3.329915914454819,3.865471469366096,0.8190772420943494,0.9494940860752444,0.7927187316500294,0.827186512118019,0.8299454635597422,0.8481781376518218,0.8286604361370716,0.8190772420943494,0.935466493183933,0.9563103141496848,0.9713381097603808,0.9830903103910524,0.958140849102198,0.9494940860752444,CT,True,[0.84179699 0.84179699 5.        ],"(2, 512, 512)",True,1
Microscopy_SELMA3D_patchvolume_vessel_006_2_1_0,48.09128952026367,7.892559051513672,7.727060079574585,7.906903266906738,8.14333701133728,8.121793985366821,8.299636125564575,2.787848397257306,3.5054520100878586,0.7290921860960993,0.9027026071300092,0.605296500877995,0.659092892587154,0.6868932374957847,0.6971908482845852,0.7096717721353096,0.7290921860960993,0.819418017267858,0.85844038710053,0.8636624651512369,0.8739140051976529,0.887304042623699,0.9027026071300092,Mi,False,[1. 1. 1.],"(12, 250, 250)",True,18
PET_autoPET_fdg_44b08f570e_02-10-2001-NA-PET-CT Ganzkoerper  primaer mit KM-98707,33.29577970504761,5.340761661529541,5.429272174835205,5.471235275268555,5.701724290847778,5.534288644790649,5.818497657775879,2.941662239948186,2.7539814113153804,0.7423607378884683,0.6977302328658243,0.6865645160034544,0.7238740262102864,0.7298672867362543,0.737683170311918,0.7409944008506365,0.7423607378884683,0.61642544349077,0.6667536747661086,0.6789067566719571,0.6946611668387687,0.6981715339886878,0.6977302328658243,PE,False,[2.03642011 2.03642011 3.        ],"(128, 400, 400)",True,11
MR_BraTS-T1c_bratsgli_0726,2.4933791160583496,0.0,0.4825198650360107,0.4924783706665039,0.4986145496368408,0.5050013065338135,0.5147650241851807,0.1930926435782053,0.0,0.0770191356821643,0.0,0.0,0.0115530564901445,0.0295280720639057,0.0541000542561335,0.0651784211720116,0.0770191356821643,0.0,0.0,0.0,0.0,0.0,0.0,MR,True,[1. 1. 1.],"(70, 218, 182)",False,3
MR_BraTS-T2w_bratsgli_1214,2.384297609329224,0.0,0.4702792167663574,0.4642760753631592,0.4821653366088867,0.4836025238037109,0.4839744567871094,0.1638649265425042,0.0,0.0510920737825113,0.0,0.0,0.0341864922764686,0.0365073649193202,0.0412297212512324,0.0434885573424616,0.0510920737825113,0.0,0.0,0.0,0.0,0.0,0.0,MR,True,[1. 1. 1.],"(38, 218, 182)",False,3
CT_GTVpEnhance_segrap_0043,3.098916530609131,0.5093204975128174,0.5419394969940186,0.4983696937561035,0.5066719055175781,0.516261100769043,0.5263538360595703,2.493923847420794,2.425186354809976,0.6266284927980114,0.613617145763793,0.6051590120349888,0.6095478204294079,0.6230678819328942,0.6261922718601659,0.6265755370140245,0.6266284927980114,0.5636099100583228,0.5687000803953209,0.6098695469979378,0.6110321440629382,0.6131260506695432,0.613617145763793,CT,True,[0.55566406 0.55566406 3.        ],"(25, 512, 512)",True,1
MR_Spider_1_t2_vet,19.69230604171753,3.2607576847076416,3.4124510288238525,3.0908238887786865,3.369992971420288,3.200217962265014,3.358062505722046,3.1180900852320947,2.7837756549379256,0.7842264071052449,0.6957314214776236,0.6851006260538612,0.7536186431609698,0.7810916354867182,0.7837695043152679,0.784306420297001,0.7842264071052449,0.6494645088880417,0.6934523914974264,0.6982806183016371,0.6951795619878081,0.6957235681609556,0.6957314214776236,MR,False,[0.50060673 3.32114716 0.625     ],"(30, 578, 448)",True,7
CT_totalseg-vertebrae_s0394,56.53058433532715,9.051517009735107,9.41644024848938,9.520471096038818,9.610393524169922,9.27863335609436,9.65312910079956,3.786128631681331,3.940290682010618,0.9504751635346896,0.9906514140779724,0.9247647593297036,0.936735239096574,0.943668109092904,0.949245574478603,0.949609746794192,0.9504751635346896,0.9589692249772468,0.9711292086613328,0.9800215974153366,0.9893338692379317,0.9900449039876972,0.9906514140779724,CT,False,[1.5 1.5 1.5],"(274, 225, 225)",True,19
CT_LungMasks_LUNG1-111,12.071691036224363,1.958178997039795,2.058113813400269,2.006565809249878,1.94072699546814,2.024871587753296,2.0832338333129883,3.84490961612268,3.569157451583149,0.961117410363705,0.8919228051674437,0.9562569785743318,0.9614353470472748,0.961327796953196,0.9611690617851084,0.9611363786788862,0.961117410363705,0.8548907598366644,0.8930091424316218,0.8926337659203152,0.892073566800585,0.8919841450627157,0.8919228051674437,CT,False,[0.9765625 0.9765625 3.       ],"(91, 512, 512)",True,2
PET_autoPET_fdg_35c9c85a96_04-08-2005-NA-PET-CT Ganzkoerper  primaer mit KM-92929,55.57226490974426,8.94539213180542,8.988816976547241,9.35788631439209,9.110564708709717,9.460204362869264,9.709400415420532,3.012893592711097,3.057960623956593,0.7542248815442246,0.7665482900225569,0.7096751605953571,0.7610203474545375,0.7483932909886494,0.752946509394315,0.7539311778287517,0.7542248815442246,0.6998063078668937,0.7657959461774769,0.7618455797626875,0.7641887029040347,0.7657542231898543,0.7665482900225569,PE,False,[2.03642011 2.03642011 3.        ],"(65, 400, 400)",True,20
CT_AbdTumor_PETCT_b899150306,36.35751485824585,5.92433762550354,5.8671956062316895,6.139945268630981,6.2021098136901855,6.056874752044678,6.167051792144775,1.967585851614977,2.57090479346938,0.5283758759311724,0.6951960628180711,0.460590123446583,0.4718268230344307,0.4823255967712534,0.4877027798852836,0.497456125475638,0.5283758759311724,0.6064845917525324,0.6240964886906301,0.6308620935934918,0.6360756353199907,0.6443207888015469,0.6951960628180711,CT,False,[0.80273438 0.80273438 2.5       ],"(72, 512, 512)",True,11
CT_LungMasks_LUNG1-416,12.211429834365845,1.9304099082946775,2.0733513832092285,2.0322141647338867,2.1002745628356934,2.016549825668335,2.0586299896240234,3.771120488016517,3.319479548618846,0.9443688942827292,0.8342117897623431,0.9415389201712948,0.9429712464757908,0.9392811316567564,0.94349580520551,0.9446734807749908,0.9443688942827292,0.8325022000008175,0.8290426760108861,0.8242716176906582,0.8302246436592947,0.8333560543822787,0.8342117897623431,CT,False,[0.9765625 0.9765625 3.       ],"(97, 512, 512)",True,2
MR_Spider_161_t2_ivd,20.941532611846924,3.4268856048583984,3.492319345474243,3.454688787460327,3.5586097240448,3.558915376663208,3.4501137733459477,3.353660703111924,3.817642702457456,0.8703946497073298,0.9830566949273274,0.7001033387941639,0.7636704956972428,0.8141036759070568,0.8584219171964729,0.8641025373061078,0.8703946497073298,0.808618601683011,0.8798401126379058,0.9313631550314008,0.9732655080701416,0.9815656355732976,0.9830566949273274,MR,False,[3.2999999 0.5859375 0.5859375],"(113, 19, 512)",True,8
CT_AbdTumor_pancreas_155,2.78947377204895,0.4544451236724853,0.4452865123748779,0.4586524963378906,0.484659194946289,0.4796769618988037,0.4667534828186035,3.5937604744664364,3.9422294022328823,0.9124224498629346,0.994017244932224,0.8395331874544129,0.8828022122728469,0.8923118865866958,0.8945877018985549,0.9092485549132948,0.9124224498629346,0.92752920905738,0.9766315636180696,0.984208839860829,0.9788649168565656,0.9938312412403416,0.994017244932224,CT,True,[0.83203101 0.83203101 2.5       ],"(9, 512, 512)",True,1
MR_Spider_29_t1_spi,4.037020683288574,0.6472647190093994,0.6781578063964844,0.663790225982666,0.6777045726776123,0.6967003345489502,0.6734030246734619,1.222008967700985,1.603422712843359,0.3423417933640048,0.4382611175196041,0.2401173758121987,0.2681617107846616,0.2865919837517057,0.3021485731236221,0.3280166587513243,0.3423417933640048,0.3433505947573231,0.3735622199706676,0.3832620637333306,0.3945433545330443,0.4197056258318482,0.4382611175196041,MR,True,[0.70145743 3.28459785 0.625     ],"(10, 402, 448)",True,1
CT_AbdTumor_hepaticvessel_336,2.758124589920044,0.4607975482940674,0.4678676128387451,0.4717741012573242,0.4472808837890625,0.4608564376831054,0.4495480060577392,3.465825078745044,3.8291253983547486,0.8689405129582383,0.958446701882154,0.8576534469723005,0.862513572204126,0.8647881613622542,0.8671469934684533,0.8681628813331541,0.8689405129582383,0.9533804484837756,0.9556140920843176,0.9559135950782012,0.9577452837781704,0.9584361225151412,0.958446701882154,CT,True,[0.80664098 0.80664098 5.        ],"(7, 512, 512)",True,1
MR_ISLES2022_DWI_sub-strokecase0026,10.663395166397097,1.7249736785888672,1.7325797080993652,1.7449321746826172,1.7948660850524902,1.8410186767578125,1.8250248432159424,3.0906359245496358,3.915068568391341,0.7768329463823249,0.97854841013924,0.6663893034918482,0.7469616571843042,0.7662132805415209,0.7807446037362914,0.7817807384885085,0.7768329463823249,0.901299967047535,0.9729452518517387,0.9802013219793624,0.9794879327589932,0.9796324826574964,0.97854841013924,MR,False,[2. 2. 2.],"(15, 112, 112)",True,4
MR_CHAOS-T2_34_T2SPIR,11.110031604766846,1.822709560394287,1.800825834274292,1.8342440128326416,1.912039041519165,1.9094362258911133,1.830776929855347,3.724025035533416,3.7363634324582,0.933372818313266,0.9396400423057096,0.8841538114969693,0.9229808512281726,0.9297052782902578,0.9327140187721976,0.9334289037002412,0.933372818313266,0.8414524621430591,0.916250369440292,0.930743517373153,0.9379884949551056,0.9396862142569404,0.9396400423057096,MR,False,[1.73828125 1.73828125 8.80000019],"(24, 256, 256)",True,4
CT_LungLesions_LUNG1-277,5.860587120056152,0.9167482852935792,1.001655340194702,0.9265921115875244,1.0253422260284424,0.9291276931762696,1.0611214637756348,1.956254379304298,1.5145961901489169,0.5582649502845513,0.4373792014447296,0.4352124123621417,0.4294680244084056,0.4472955921492116,0.5013087342125995,0.5137835655960086,0.5582649502845513,0.3846355584035932,0.3893922114338808,0.3796935334660312,0.3481585188799411,0.3733584313636393,0.4373792014447296,CT,True,[0.9765625 0.9765625 3.       ],"(55, 512, 512)",True,1
CT_AbdTumor_PETCT_223f70f0b0,3.272622346878052,0.5282487869262695,0.5306475162506104,0.5350685119628906,0.6092219352722168,0.5368516445159912,0.5325839519500732,2.3163673362844155,2.342804338846124,0.6269169019542712,0.6527647124431752,0.3651863227504936,0.5585199610516066,0.5308293325802504,0.5982590345555262,0.5945605376456999,0.6269169019542712,0.3787470937442366,0.5331206425975588,0.5267562540673822,0.6088251715076572,0.6142802357507178,0.6527647124431752,CT,True,[0.88671875 0.88671875 2.5       ],"(15, 512, 512)",True,1
CT_TotalSeg_organs_s0721,53.13705992698669,9.33732295036316,8.946287631988525,8.646637201309204,8.511181831359863,8.815752267837524,8.879878044128418,3.3285650726254987,3.1699384335551675,0.8362142911352115,0.7994683834968268,0.7459700265677102,0.818099785660188,0.8271628005630127,0.8327162125185584,0.8415290211462275,0.8362142911352115,0.697173926205971,0.7758790006218719,0.7857873687947222,0.7922549950327443,0.8042223776683516,0.7994683834968268,CT,False,[1.5 1.5 1.5],"(246, 227, 227)",True,18
MR_BraTS-T2w_bratsgli_1051,2.615196943283081,0.0,0.5102155208587646,0.5279407501220703,0.5374236106872559,0.5263566970825195,0.5132603645324707,0.6672954574558485,0.3543888744619885,0.3132795641327803,0.3248323404376342,0.0,0.0868957158174444,0.106338155333962,0.1587591240875912,0.2021105380591828,0.3132795641327803,0.0,0.0,0.0,0.0,0.1919727042431713,0.3248323404376342,MR,True,[1. 1. 1.],"(77, 218, 182)",False,2
Microscopy_SELMA3D_patchvolume_vessel_020_3_1_1,173.020738363266,28.157054901123047,28.07192349433899,29.009735107421875,29.64170336723328,29.437376499176025,28.70294499397278,2.3276174085368493,3.613459611885373,0.5932346772957101,0.907151894805757,0.503859200057659,0.552308042283519,0.5804452818382798,0.5865455479614399,0.5878552189475149,0.5932346772957101,0.8459553350364963,0.8838530805438725,0.9030291600019932,0.907201221611247,0.907726742597318,0.907151894805757,Mi,False,[1. 1. 1.],"(12, 250, 250)",True,65
CT_AbdTumor_colon_163,2.864290475845337,0.4454915523529053,0.4789612293243408,0.4577724933624267,0.4779226779937744,0.4767067432403564,0.5274357795715332,2.11491385708298,3.41252046449204,0.5632949727437916,0.8846039783473839,0.4232141441370015,0.4721108275610645,0.5116791979949875,0.5300258397932817,0.5555059191422828,0.5632949727437916,0.7219885032168766,0.7835901403512139,0.8358696940825463,0.8631365336472381,0.8794171774129568,0.8846039783473839,CT,True,[0.93164098 0.93164098 5.        ],"(6, 512, 512)",True,1
MR_WMH_T1_Amsterdam_GE3T_143,24.19196629524231,4.126910209655762,3.952203512191773,4.2032856941223145,3.869164228439331,3.863619565963745,4.176783084869385,0.8611355711338924,1.1839989010070042,0.2321434165333928,0.3582348521900274,0.1814255672241726,0.1807292044860283,0.2032413257212774,0.2229823193433481,0.2284756155595562,0.2321434165333928,0.0,0.0,0.3204945536370756,0.3323708959266305,0.3520160253482845,0.3582348521900274,MR,False,[1.20000005 0.97659999 3.        ],"(17, 256, 132)",True,9
MR_QIN-PROSTATE-Prostate_PCAMPMRI-00012_1_1_MR,4.014665126800537,0.6621289253234863,0.6330382823944092,0.6675403118133545,0.6768455505371094,0.6740312576293945,0.7010807991027832,3.5185778667702663,3.7658830611948737,0.879691786168291,0.9410631859345898,0.8757308273024094,0.8804503939977042,0.8793744309655002,0.8795109880004236,0.8796213577213451,0.879691786168291,0.9507598644264152,0.9435824546021984,0.9413377210416972,0.9411360187265396,0.9410865011582432,0.9410631859345898,MR,True,[0.27340001 0.27340001 3.49999595],"(15, 512, 512)",True,1
MR_BraTS-T1n_bratsgli_0300,2.544179201126098,0.0,0.5068798065185547,0.50276780128479,0.4958868026733398,0.5174117088317871,0.521233081817627,0.6200274961940877,0.0,0.1714591748377054,0.0,0.0,0.1351072818829643,0.1475724764233321,0.1547422274695002,0.1644295639409203,0.1714591748377054,0.0,0.0,0.0,0.0,0.0,0.0,MR,True,[1. 1. 1.],"(67, 218, 182)",False,3
CT_GTVpEnhance_segrap_0069,3.182420015335083,0.551807165145874,0.5036659240722656,0.547435998916626,0.5300207138061523,0.5451056957244873,0.5043845176696777,3.0044811266002496,3.1599276547237025,0.7622987189579904,0.8113811846081432,0.741941372835385,0.7679589875040052,0.741612862387644,0.7482382727336663,0.7495011382479413,0.7622987189579904,0.7414816880556351,0.7857871837486685,0.7764245149064299,0.7909335861264082,0.7939853695124583,0.8113811846081432,CT,True,[0.5078125 0.5078125 3.       ],"(19, 512, 512)",True,1
MR_BraTS-T2w_bratsgli_0598,2.568387508392334,0.0,0.4868535995483398,0.4983944892883301,0.5266304016113281,0.5254092216491699,0.531099796295166,0.0167059570493114,0.0,0.0,0.0,0.0,0.0058133084825489,0.0061699301598183,0.0053640191186826,0.0022653535295359,0.0,0.0,0.0,0.0,0.0,0.0,0.0,MR,True,[1. 1. 1.],"(70, 218, 182)",False,3
CT_LNQ_LymphNode-0818,12.45374083518982,2.06109881401062,2.1153783798217773,1.9479830265045168,1.9824318885803225,2.241708517074585,2.105140209197998,3.154288046697403,3.91838816592502,0.7999455046934627,0.98863992217978,0.6988685037228727,0.7622042535058273,0.7842177772747859,0.7903403476126366,0.7986550427103355,0.7999455046934627,0.8802080699056264,0.958138741404254,0.9749691222227852,0.9826907053928252,0.9873390065173924,0.98863992217978,CT,False,[0.73632801 0.73632801 2.5       ],"(39, 512, 512)",True,4
MR_BraTS-T2w_bratsgli_0641,2.417086124420166,0.0,0.4698164463043213,0.4771461486816406,0.4877631664276123,0.4962902069091797,0.4860701560974121,0.1366776827727592,0.0,0.0377716018191005,0.0,0.0,0.0277749343160337,0.0340301409820126,0.0325508251387862,0.0373234485843931,0.0377716018191005,0.0,0.0,0.0,0.0,0.0,0.0,MR,True,[1. 1. 1.],"(32, 218, 182)",False,3
CT_COVID-19-20-CT-SegChallenge_volume-covid19-A-0228,91.91633677482604,15.651225328445436,14.565731525421144,14.873003721237184,15.455919981002808,15.50636386871338,15.864092350006104,1.5807629368702822,2.1810395404836034,0.414133928031363,0.5801475618643245,0.3529703953579424,0.370617035710116,0.3858701206057009,0.3946710580496391,0.4078462763442027,0.414133928031363,0.4937721514846112,0.5205389526700288,0.5301013502765373,0.5398933268653229,0.5607016060745665,0.5801475618643245,CT,False,[0.741 0.741 5.   ],"(28, 512, 512)",True,33
CT_AbdTumor_liver_84,43.506831645965576,7.084848880767822,7.035112857818604,7.591359376907349,7.273592233657837,7.23127555847168,7.290642738342285,2.931245988908298,2.703467008225997,0.7575499572575801,0.7192960940828195,0.6307412714509966,0.676340688020297,0.7230319461177308,0.7382866755410312,0.7529820446105975,0.7575499572575801,0.5398798400362577,0.5940991809403163,0.6598886605182868,0.6806217382566055,0.706258971939537,0.7192960940828195,CT,False,[0.7578125  0.7578125  0.69999999],"(190, 512, 512)",True,10
PET_autoPET_psma_01a52e26ce5b5e26_2016-11-21,162.8256392478943,25.89480471611023,26.716581106185917,27.87665820121765,27.341624975204468,27.17479038238525,27.82117986679077,1.9425279346192883,2.0738528630906568,0.5180961714540069,0.5600051858959066,0.3903048663136691,0.4389093355551522,0.4672809254832711,0.4826481365970706,0.514096119034367,0.5180961714540069,0.3976027170785661,0.460138766868445,0.4964600471062678,0.5137896605203456,0.5535311790818673,0.5600051858959066,PE,False,[4.0728302 4.0728302 5.       ],"(129, 168, 168)",True,59
Microscopy_SELMA3D_patchvolume_cfos_009_3_0_1,2.716454267501831,0.465505838394165,0.4496548175811767,0.4554219245910644,0.4496288299560547,0.4274513721466064,0.4687914848327636,3.4671717171717176,4.0,0.8636363636363636,1.0,0.8,0.8888888888888888,0.8636363636363636,0.8636363636363636,0.8636363636363636,0.8636363636363636,1.0,1.0,1.0,1.0,1.0,1.0,Mi,True,[1. 1. 1.],"(24, 50, 50)",True,1
CT_GTVpNCCT_segrap_0102,2.8824779987335205,0.4769484996795654,0.4577062129974365,0.4753155708312988,0.4760191440582275,0.4795057773590088,0.5169827938079834,3.1442912265185408,3.403558240032534,0.8078121571209129,0.8906535217724149,0.6981192528275287,0.7397789020048716,0.7731242721676925,0.7967266339033556,0.8006447908846,0.8078121571209129,0.7199202928440854,0.7848598664536882,0.8296974571315691,0.8619850726183772,0.8741190161695362,0.8906535217724149,CT,True,[0.54199219 0.54199219 3.        ],"(19, 512, 512)",True,1
CT_AMOS_amos_0398,51.554221868515015,7.805800437927246,8.560765981674194,8.650516510009766,8.896204471588135,8.883912563323975,8.7570219039917,3.149055024952488,3.453133791331449,0.8048214503588318,0.8801527791843164,0.7193344267597421,0.7636672188609168,0.7801653978210902,0.7857031807808982,0.7989421117406253,0.8048214503588318,0.7919372851067524,0.8361746641888399,0.8546814591415614,0.8645078808112818,0.8757807296920277,0.8801527791843164,CT,False,[0.62760419 0.62760419 5.        ],"(54, 768, 768)",True,15
MR_BraTS-T2f_bratsgli_0688,2.525907039642334,0.0,0.5035924911499023,0.512516975402832,0.5136289596557617,0.5146284103393555,0.4815402030944824,0.254739198713228,0.0,0.0921811043354774,0.0,0.0,0.0357750242954324,0.0269093272668183,0.0726509417591072,0.0912008653718475,0.0921811043354774,0.0,0.0,0.0,0.0,0.0,0.0,MR,True,[1. 1. 1.],"(86, 218, 182)",False,3
CT_TotalSeg_cardiac_s0943,14.434950113296509,2.339891195297241,2.4778897762298584,2.459369421005249,2.3980824947357178,2.4082963466644287,2.3514208793640137,3.08609779316304,3.232193140576792,0.8467062173891231,0.9184679723916662,0.5579430097685514,0.6644340373355909,0.7253963727841516,0.7809785493139746,0.8241527437025564,0.8467062173891231,0.5756467870125522,0.6800180706499781,0.740106188382142,0.8084839497034245,0.8843599809704028,0.9184679723916662,CT,False,[1.5 1.5 1.5],"(73, 289, 289)",True,5
MR_BraTS-T1n_bratsgli_0167,2.789622068405152,0.0,0.5458412170410156,0.5565295219421387,0.5582430362701416,0.5595254898071289,0.5694828033447266,0.3229821589602958,0.0,0.1402644951551305,0.0,0.0,0.0426812821647048,0.0400378596341099,0.084408837658882,0.1070625730073861,0.1402644951551305,0.0,0.0,0.0,0.0,0.0,0.0,MR,True,[1. 1. 1.],"(117, 218, 182)",False,3
CT_TotalSeg_organs_s0601,11.366698503494264,1.9879469871521,1.8702449798583984,1.903946876525879,1.876264333724976,1.857360601425171,1.8709347248077397,2.471046123521144,1.5114149209974663,0.6596349493585414,0.4130502800264358,0.5158701626214206,0.5370485519422235,0.6048613089908979,0.6258395564194097,0.6420035074604536,0.6596349493585414,0.3239122754101616,0.3300098252491272,0.3741841164703067,0.3832480411853741,0.382452710704004,0.4130502800264358,CT,False,[1.5 1.5 1.5],"(123, 218, 218)",True,4
CT_AbdTumor_case_00108,3.315659523010254,0.5217082500457764,0.5484521389007568,0.5582849979400635,0.5476162433624268,0.5701372623443604,0.5694606304168701,3.807110202422096,3.877635669317384,0.9520399110231056,0.970343673658733,0.939601790399753,0.9507754031324744,0.951757488457037,0.9519045292044958,0.9520405276827733,0.9520399110231056,0.9543618159369625,0.965964567208366,0.9693805912551434,0.9698533552865388,0.9702476023421516,0.970343673658733,CT,True,[0.86523438 0.86523438 5.        ],"(19, 512, 512)",True,1
CT_TotalSeg_muscles_s0277,32.10456085205078,5.253377199172974,5.39464259147644,5.381619215011597,5.306735515594482,5.271161794662476,5.4970245361328125,3.490285617569989,3.526760540176787,0.8861547439949325,0.8991071518252881,0.7700934631811854,0.8434241148397515,0.8661333197509339,0.8780048084995452,0.8813580599021676,0.8861547439949325,0.774441742922992,0.8456322055303663,0.8743784797859977,0.8880408947313257,0.8919714869816366,0.8991071518252881,CT,False,[1.50000012 1.5        1.5       ],"(195, 162, 224)",True,11
PET_autoPET_psma_ba6433757dfc9d21_2021-06-04,15.600125551223757,2.561764001846313,2.654664993286133,2.518320083618164,2.63946533203125,2.580610752105713,2.6453003883361816,2.8988990177657312,3.226010958883608,0.7309795774839938,0.8102806908080789,0.6652571906580935,0.7005307141418002,0.7232860986782047,0.7292906467757738,0.7305671264988556,0.7309795774839938,0.7748012482304036,0.7879215704015551,0.8086705494398843,0.8080513747772203,0.8101879040616866,0.8102806908080789,PE,False,[4.0728302 4.0728302 2.       ],"(316, 200, 200)",True,5
MR_BraTS-T1c_bratsgli_0390,2.6335132122039795,0.0,0.5123085975646973,0.5343217849731445,0.5240938663482666,0.5288650989532471,0.533923864364624,0.1664442495743635,0.0,0.0743129386948562,0.0,0.0,0.0200423872942777,0.0384313129008543,0.0242224880382775,0.0566127856406646,0.0743129386948562,0.0,0.0,0.0,0.0,0.0,0.0,MR,True,[1. 1. 1.],"(88, 218, 182)",False,2
CT_TotalSeg_cardiac_s1233,56.71219301223755,9.49726676940918,9.208379745483398,9.39653730392456,9.682796955108644,9.393468379974363,9.533743858337402,3.371709995474545,3.615020844115604,0.8630903207835464,0.928894108242188,0.6809720677831597,0.7954523234633969,0.8316203876391001,0.8517752680417876,0.8590430176701858,0.8630903207835464,0.7344834935540512,0.847740611218732,0.8878504213219274,0.9158879662813336,0.9229650967818828,0.928894108242188,CT,False,[1.5 1.5 1.5],"(375, 265, 265)",True,18
CT_TotalSeg_muscles_s0467,96.06319427490234,15.891510248184204,16.00774049758911,15.341114521026611,16.6824734210968,16.107792139053345,16.03256344795227,3.44795922447827,3.2121403817682985,0.8828089766822316,0.83485323077023,0.7414099001202218,0.8223756711305481,0.8544219965757409,0.862855179721091,0.8780897242750489,0.8828089766822316,0.6613679268866912,0.7461088288728353,0.7884346897375792,0.8044263318837119,0.8287983303254747,0.83485323077023,CT,False,[1.5 1.5 1.5],"(495, 320, 320)",True,23
CT_TotalSeg_cardiac_s1043,26.94728279113769,4.636887311935425,4.44301438331604,4.414391994476318,4.49280571937561,4.454539060592651,4.50564432144165,3.366782223973856,3.729933448613007,0.8514887807680583,0.943166284306723,0.7339926896315532,0.8106601486024173,0.8348017619502691,0.8485351182809382,0.8523708790574112,0.8514887807680583,0.8079517059794075,0.8942116623459256,0.924293376487116,0.9416752753091396,0.9452758234904272,0.943166284306723,CT,False,[1.5 1.5 1.5],"(96, 164, 164)",True,10
CT_TotalSeg_cardiac_s1006,60.895379066467285,9.50915002822876,9.811986446380615,10.465545654296877,9.956396102905272,10.576436519622805,10.57586431503296,2.956177889053918,3.1566899738082848,0.7455522811085227,0.7973535791221128,0.5893326684155151,0.709800776969458,0.7332254838128449,0.7480421372086096,0.7472337389934732,0.7455522811085227,0.6329597771494451,0.7560144732365424,0.783160490750166,0.7983552242355607,0.7984902326432304,0.7973535791221128,CT,False,[1.5 1.5 1.5],"(385, 264, 264)",True,18
CT_AbdTumor_hepaticvessel_393,10.753575563430786,1.7091960906982422,1.7645368576049805,1.8022644519805908,1.8223843574523928,1.8265645503997805,1.8286292552948,0.0565824876380943,0.0,0.0176380368098159,0.0,0.0082349050468791,0.0086902503131186,0.013781662157397,0.0172643710242801,0.0123723108949498,0.0176380368098159,0.0,0.0,0.0,0.0,0.0,0.0,CT,False,[0.88671899 0.88671899 5.00003004],"(4, 512, 512)",True,4
CT_TotalSeg_organs_s0960,19.99171471595764,3.2581913471221924,3.350371837615967,3.268028974533081,3.313080310821533,3.4610819816589355,3.3409602642059326,2.994838840496036,3.0093138376171438,0.7280942066531865,0.7530497609684969,0.6995209078155206,0.7159515973716969,0.7431511614818863,0.7602934787430078,0.7693712982587001,0.7280942066531865,0.6723437606594549,0.7080386443864872,0.7450793963064991,0.757949525695074,0.7757407129380788,0.7530497609684969,CT,False,[1.5 1.5 1.5],"(73, 220, 220)",True,7
MR_Spider_218_t2_ivd,19.77265477180481,3.0956060886383057,3.191807746887207,3.253122568130493,3.485604047775269,3.289403915405273,3.4571104049682617,3.0311910104865545,3.3785487118689748,0.758958939022808,0.849295624611074,0.7405439399695782,0.7518989784190261,0.7579857477220308,0.7608924246166799,0.7568838794269268,0.758958939022808,0.823181295794422,0.8350131132965168,0.8433363955105968,0.8486272711010552,0.844430676303527,0.849295624611074,MR,False,[0.45259601 3.32802979 0.625     ],"(19, 626, 448)",True,7
PET_autoPET_fdg_43647ff727_03-02-2006-NA-PET-CT Ganzkoerper  primaer mit KM-05703,3.119210958480835,0.55361008644104,0.5175979137420654,0.5086708068847656,0.5393350124359131,0.494962215423584,0.5050349235534668,3.515809940673244,2.8010502882193804,0.8840413318025259,0.7062162524207393,0.869195320808224,0.8737030411449016,0.8709084222140493,0.8827534039334342,0.8832759280520475,0.8840413318025259,0.6586808657654115,0.6866202338903842,0.6909025140570003,0.7089219557824202,0.7048075752243984,0.7062162524207393,PE,True,[2.03642011 2.03642011 3.        ],"(23, 400, 400)",True,1
MR_BraTS-T2w_bratsgli_1254,2.4800167083740234,0.0,0.5091960430145264,0.4930174350738525,0.5058648586273193,0.4972383975982666,0.4746999740600586,0.6782796071796526,0.2850860309232698,0.2255554833679833,0.2081533005365421,0.0,0.1205142100192678,0.1432445178024051,0.1605354104169956,0.2014648322666263,0.2255554833679833,0.0,0.0,0.0,0.0,0.1810093806549987,0.2081533005365421,MR,True,[1. 1. 1.],"(65, 218, 182)",False,2
MR_Spider_74_t1_vet,17.093746185302734,2.788952589035034,2.807464599609375,2.9222700595855717,2.883356094360352,2.8339765071868896,2.8577263355255127,3.0029002275976406,2.534726740622136,0.7639352833167034,0.6327685734290983,0.6709627738326315,0.7307184949637269,0.7405096721997969,0.752889547562326,0.7621741186953024,0.7639352833167034,0.6024381884983427,0.6437192560418018,0.6418253594974018,0.623185928745737,0.6314715376435472,0.6327685734290983,MR,False,[0.62523884 3.29995484 0.625     ],"(24, 448, 448)",True,6
US_Cardiac_patient0237_4CH_half_sequence,11.963134050369264,2.000715970993042,1.9725456237792969,1.976344108581543,2.000136137008667,1.9770371913909912,2.0363550186157227,3.266666302421409,3.1507261574844367,0.8242325287491804,0.7976652055747172,0.7838316833447153,0.7992558241658401,0.8078973358590021,0.822826033961433,0.8241987561434643,0.8242325287491804,0.7406993911598488,0.7637156821069397,0.7756611179746883,0.7972488586173906,0.7971257370515294,0.7976652055747172,US,False,[0.308 0.308 1.   ],"(21, 552, 669)",True,3
Microscopy_SELMA3D_patchvolume_cfos_009_0_0_1,68.10875988006592,11.678065299987791,11.378574848175049,11.085811138153076,11.085886478424072,11.112990140914915,11.76743197441101,3.266898722442229,3.9321627014350105,0.8254384897738638,0.9860974643783094,0.8005146270151334,0.7981405070910534,0.8073809253315097,0.8229814995015557,0.824746799176705,0.8254384897738638,0.9864587897942828,0.98079258261229,0.979201990652612,0.984671577040857,0.9848441102462416,0.9860974643783094,Mi,False,[1. 1. 1.],"(25, 50, 50)",True,25
CT_AbdomenAtlas_BDMAP_00006609,52.50177049636841,8.678058862686157,8.885308504104614,8.621811151504517,8.681156158447266,8.645293235778809,8.990142583847046,2.453449736186805,2.375541499025676,0.6166922784460918,0.6019539305246391,0.58245830903616,0.6075923341203986,0.6109299833254428,0.6143713382032605,0.6160061083748565,0.6166922784460918,0.5316223742449431,0.5840681014358987,0.5876739016532391,0.5951472424211792,0.5997093389709889,0.6019539305246391,CT,False,[0.94199997 0.94199997 0.80000001],"(541, 288, 478)",True,10
CT_totalseg-vertebrae_s0623,68.33977723121643,11.167643547058104,11.097848653793337,10.99276566505432,11.558738708496094,11.54488468170166,11.977895975112917,3.774977582017327,3.888223084983352,0.946463380454592,0.9778861936073232,0.9159829095892164,0.9362505225920468,0.9440998171786082,0.9460633710888728,0.9434574422265262,0.946463380454592,0.9443471411563752,0.9605625846859844,0.9694283381487976,0.9748382849408752,0.9747320727470258,0.9778861936073232,CT,False,[1.5 1.5 1.5],"(405, 243, 243)",True,21
CT_TotalSeg_organs_s0209,43.97673678398132,7.196956396102905,7.408536911010742,7.289069414138794,7.219326257705688,7.251766681671143,7.611081123352051,2.7119098229642407,2.5941150086839144,0.709350033269482,0.6914020049055637,0.5376876352972731,0.6405515241313781,0.661738049221749,0.6749405488962774,0.7002804461457843,0.709350033269482,0.520288937284612,0.5990183830531304,0.628610494001234,0.6456964259937188,0.6745978947096147,0.6914020049055637,CT,False,[1.5        1.50000012 1.5       ],"(318, 122, 74)",True,16
Microscopy_SELMA3D_patchvolume_vessel_006_0_1_0,44.60097336769104,7.308917999267578,7.330454587936401,7.322361946105957,7.543774127960205,7.490433931350708,7.60503077507019,2.028086132098493,3.027628896446828,0.5142886160616589,0.7745091184664832,0.4646821695410302,0.4843776728957544,0.509905270888142,0.5101594090732661,0.5086883076583788,0.5142886160616589,0.7291563787751858,0.7269964810998225,0.7511841356684346,0.7604856267142798,0.7652063342809607,0.7745091184664832,Mi,False,[1. 1. 1.],"(13, 250, 250)",True,17
CT_AbdTumor_case_00572,12.83872938156128,2.178086996078491,2.1042282581329346,2.066277027130127,2.1734278202056885,2.136927604675293,2.179781675338745,3.7589171083939,2.299292763529558,0.940009424707958,0.5801043585359872,0.9013245852824112,0.9400149534608492,0.9375864909171696,0.9409920348512824,0.940326393541044,0.940009424707958,0.3910612040747699,0.5827466490308902,0.5564284908137521,0.581170847462647,0.5802679214697205,0.5801043585359872,CT,False,[0.69921875 0.69921875 1.        ],"(193, 512, 512)",True,1
CT_TotalSeg_organs_s0763,75.72910904884338,12.183523178100586,12.844422340393066,12.521090269088743,12.276827335357666,12.59248423576355,13.31076169013977,1.9323201912870875,1.8454153892243963,0.4892029124667211,0.4738630564761511,0.4384551675083036,0.469852579515761,0.4810913262952278,0.4840187517573532,0.4876823672432653,0.4892029124667211,0.3868248115328865,0.4365744272906164,0.4567548945816241,0.462374874520991,0.4710668782383971,0.4738630564761511,CT,False,[1.5 1.5 1.5],"(396, 292, 292)",True,22
MR_BraTS-T2w_bratsgli_0662,2.2873992919921875,0.0,0.4443535804748535,0.4579091072082519,0.4599342346191406,0.4555666446685791,0.4696357250213623,0.192828339787184,0.0,0.061289806369019,0.0,0.0,0.0392379510471864,0.0422731012568445,0.047416910354369,0.0528744494678676,0.061289806369019,0.0,0.0,0.0,0.0,0.0,0.0,MR,True,[1. 1. 1.],"(38, 218, 182)",False,3
MR_BraTS-T2w_bratsgli_0817,2.5269503593444824,0.0,0.4676730632781982,0.4858648777008056,0.4968810081481933,0.5434267520904541,0.533104658126831,0.7612794191579081,0.2878439245846381,0.2161182948268322,0.1955160743375633,0.0,0.1382854380440577,0.1756159836588791,0.1979011135639848,0.2105604554995991,0.2161182948268322,0.0,0.0,0.0,0.0,0.1900858874158564,0.1955160743375633,MR,True,[1. 1. 1.],"(59, 218, 182)",False,3
MR_BraTS-T1c_bratsgli_0855,2.465415954589844,0.0,0.4502184391021728,0.4925191402435303,0.4892687797546386,0.4951741695404053,0.5382354259490967,0.6160164887288688,0.0,0.1650403259936397,0.0,0.0,0.1354156435189732,0.1497459562765114,0.1540747003939943,0.1619678473020565,0.1650403259936397,0.0,0.0,0.0,0.0,0.0,0.0,MR,True,[1. 1. 1.],"(66, 218, 182)",False,3
MR_BraTS-T2w_bratsgli_0790,2.412827968597412,0.0,0.4617617130279541,0.4745345115661621,0.4793844223022461,0.5037312507629395,0.4934160709381103,0.0956333931654066,0.0,0.0438967845983267,0.0,0.0,0.0108277189605389,0.003452243958573,0.0229253251106046,0.041893572316796,0.0438967845983267,0.0,0.0,0.0,0.0,0.0,0.0,MR,True,[1. 1. 1.],"(39, 218, 182)",False,2
MR_BraTS-T2w_bratsgli_0079,2.5435290336608887,0.0,0.5279765129089355,0.4912421703338623,0.5115106105804443,0.5103781223297119,0.5024216175079346,0.1877959460251274,0.0,0.1072661985682592,0.0,0.0,0.0306303103031919,0.0239090758254521,0.0253979878784464,0.0695406278855032,0.1072661985682592,0.0,0.0,0.0,0.0,0.0,0.0,MR,True,[1. 1. 1.],"(68, 218, 182)",False,3
MR_ProstateT2_T2-MSD-prostate_39,2.917566537857056,0.4638845920562744,0.4712700843811035,0.4957444667816162,0.4732983112335205,0.5005860328674316,0.5127830505371094,3.370804111200991,3.5420778596511986,0.8455643769416638,0.8919743640950698,0.8554090136742455,0.8415014340940267,0.841277763913152,0.8416909216909217,0.8443025200790721,0.8455643769416638,0.9050362515330556,0.8797452966608499,0.8818100262528816,0.8846189209879272,0.88978908203243,0.8919743640950698,MR,True,[0.60000002 0.59999973 3.99999809],"(14, 320, 320)",True,1
CT_AbdomenAtlas_BDMAP_00000805,34.35930514335632,5.536536693572998,5.50014853477478,5.815572500228882,5.676734209060669,5.949364185333252,5.880949020385742,3.282627568647968,3.42470745507271,0.8361245988382275,0.8718887548794786,0.6901883007872295,0.8014707315447518,0.8174991692466047,0.8185046260219059,0.8278261081879673,0.8361245988382275,0.7696458828391276,0.83196295883347,0.8511299235642161,0.8596907875525304,0.861960887099489,0.8718887548794786,CT,False,[5.         0.89999998 0.89999998],"(349, 365, 131)",True,10
MR_totalseg_mr_s0075,10.960478067398071,1.789910078048706,1.7947585582733154,1.8041431903839111,1.8315637111663816,1.846385717391968,1.893716812133789,3.113750134822508,2.7808153722287043,0.7901226426967018,0.7124987704914629,0.682325592532466,0.7367702228306963,0.7738087764023703,0.7862823994714743,0.7902125261849641,0.7901226426967018,0.6116293834241365,0.6309559863210161,0.6906961051612239,0.7051018717298723,0.7132900169313687,0.7124987704914629,MR,False,[0.625      4.79999828 0.625     ],"(255, 19, 256)",True,4
CT_AbdTumor_case_00251,3.0014240741729736,0.4870779514312744,0.5207743644714355,0.5081801414489746,0.4999380111694336,0.4827051162719726,0.5027484893798828,3.6350700567359007,3.878972357022317,0.9177902766006626,0.9750630830667604,0.8043983745137666,0.8698301721898103,0.9076811485455591,0.9172309247094492,0.9163477590856556,0.9177902766006626,0.8752378666087047,0.9350421085977438,0.9699404723396918,0.9810296844515052,0.9729496043988686,0.9750630830667604,CT,True,[0.6796875 0.6796875 5.       ],"(9, 512, 512)",True,1
CT_LungLesions_lung_049,3.216436624526977,0.5325021743774414,0.5356190204620361,0.5352065563201904,0.5317935943603516,0.5548915863037109,0.5264236927032471,2.5198775414424075,2.720454624428013,0.6249678690771999,0.6710260868846528,0.6643325387365911,0.6397089225171587,0.637485601448083,0.6250856751199452,0.6249678690771999,0.6249678690771999,0.7879894868008651,0.6972728352778134,0.6942861733784631,0.6709929030836633,0.6710260868846528,0.6710260868846528,CT,True,[0.703125 0.703125 1.25    ],"(14, 512, 512)",True,1
CT_totalseg-vertebrae_s0329,39.04046368598938,6.29503059387207,6.548725366592407,6.479659080505371,6.490987300872803,6.505358934402466,6.720702409744263,2.6938625424188403,2.598841452644925,0.670687439178245,0.6477089920829123,0.5732508721361755,0.661896666477877,0.6761963302793231,0.6814148468780186,0.6699593124334379,0.670687439178245,0.592841732330836,0.6368387607958308,0.6447276192980568,0.6594537009819641,0.6523862559255323,0.6477089920829123,CT,False,[1.5 1.5 1.5],"(287, 329, 304)",True,12
MR_BraTS-T1n_bratsgli_0565,2.5613510608673096,0.0,0.4969182014465332,0.5156173706054688,0.521803617477417,0.5101780891418457,0.5168337821960449,0.016755353616093,0.0,0.0063568749602695,0.0,0.0,0.0018010489308973,0.0016308225461217,0.0056441590720795,0.0054014100523083,0.0063568749602695,0.0,0.0,0.0,0.0,0.0,0.0,MR,True,[1. 1. 1.],"(80, 218, 182)",False,4
MR_Spider_168_t1_vet,16.523685455322266,2.880807876586914,2.601198196411133,2.6672751903533936,2.8151931762695312,2.7547924518585205,2.804418563842773,2.9628714562319898,2.4055514207812663,0.7415237972913675,0.6019659516663836,0.6976522298018688,0.7382382459706259,0.7404695355754867,0.7411515044123883,0.7413693946131183,0.7415237972913675,0.5978606348754812,0.5993009032185533,0.6013183096439695,0.6017060708671921,0.6018936128276363,0.6019659516663836,MR,False,[0.66248377 3.29267969 0.625     ],"(24, 424, 448)",True,6
MR_ISLES2022_DWI_sub-strokecase0032,2.81591796875,0.4758970737457275,0.4780631065368652,0.4976866245269775,0.4559855461120605,0.4515173435211181,0.456768274307251,3.797386807004809,4.0,0.9514563106796116,1.0,0.8771929824561403,0.9345794392523364,0.9514563106796116,0.9514563106796116,0.9514563106796116,0.9514563106796116,1.0,1.0,1.0,1.0,1.0,1.0,MR,True,[2. 2. 2.],"(3, 112, 112)",True,1
MR_Spider_232_t2_vet,19.830655574798584,3.382734060287476,3.325238943099976,3.4435906410217285,3.247931718826294,3.2118465900421143,3.219313621520996,3.012366675025985,2.524354313569308,0.76490885090415,0.6374784291206631,0.7244902684158615,0.735296161884267,0.7471405985138436,0.752831949750307,0.7622916203676259,0.76490885090415,0.6091425855434794,0.6219036291276907,0.6312165000476718,0.6333053113131725,0.6301414730842864,0.6374784291206631,MR,False,[0.62523884 3.29995484 0.625     ],"(24, 448, 448)",True,7
MR_ISLES2022_DWI_sub-strokecase0086,2.6545557975769043,0.4347081184387207,0.4441783428192138,0.4471120834350586,0.4213392734527588,0.4405205249786377,0.4666974544525146,3.78177908602151,3.948830939495127,0.945093560572784,0.9877160847927012,0.882081737907322,0.941136382996848,0.9471947194719472,0.946966409165871,0.944502985598876,0.945093560572784,0.8544575403442857,0.977594987185164,0.9907181958136044,0.9898048504256948,0.9856523572668952,0.9877160847927012,MR,True,[2. 2. 2.],"(22, 112, 112)",True,1
MR_BraTS-T2w_bratsgli_1103,2.3884408473968506,0.0,0.4752473831176758,0.4714086055755615,0.4678101539611816,0.4737207889556885,0.5002539157867432,0.0326307834499989,0.0,0.0135155772755039,0.0,0.0,0.0165079365079365,0.0013780431786862,0.0070433937823834,0.009197589597209,0.0135155772755039,0.0,0.0,0.0,0.0,0.0,0.0,MR,True,[1. 1. 1.],"(30, 218, 182)",False,2
CT_AbdTumor_pancreas_311,2.97648286819458,0.4973747730255127,0.4976749420166015,0.5042953491210938,0.5026681423187256,0.4949171543121338,0.4795525074005127,3.370780200605056,3.83879761538184,0.8588674906582351,0.9778769328433752,0.7767303609341826,0.8096381257224149,0.8372656905716683,0.8405068008198249,0.858754901023238,0.8588674906582351,0.8488013689073586,0.912052953286554,0.9541387497196738,0.959930095272971,0.9797638273242304,0.9778769328433752,CT,True,[0.765625 0.765625 2.5     ],"(8, 512, 512)",True,1
MR_BraTS-T2f_bratsgli_0383,2.663922071456909,0.0,0.5104117393493652,0.5668401718139648,0.5212395191192627,0.5353765487670898,0.5300540924072266,0.0011960616983008,0.0,0.0006408015845275,0.0,0.0,0.0001693714778431,0.0001867255134951,0.0002692514808831,0.0003349981727372,0.0006408015845275,0.0,0.0,0.0,0.0,0.0,0.0,MR,True,[1. 1. 1.],"(69, 218, 182)",False,4
MR_BraTS-T2w_bratsgli_1171,2.4945831298828125,0.0,0.5055313110351562,0.4892401695251465,0.5076541900634766,0.5139682292938232,0.4781892299652099,0.0195205110091855,0.0,0.0272547076313181,0.0,0.0,0.0021507886224949,0.0,0.004817762882279,0.0,0.0272547076313181,0.0,0.0,0.0,0.0,0.0,0.0,MR,True,[1. 1. 1.],"(64, 218, 182)",False,4
CT_AbdomenAtlas_BDMAP_00006857,46.15012884140015,7.075938701629639,7.82124662399292,7.623438596725464,7.802876949310303,7.940654754638672,7.885973215103149,3.3019063836573506,3.247048921015646,0.8419326639040317,0.8402225731577779,0.7661762269916548,0.7984699834278647,0.812813958922404,0.8302356376724588,0.8386554633965393,0.8419326639040317,0.7316787668462972,0.7807260359895912,0.7908710285725733,0.8132506930606455,0.8324528948087426,0.8402225731577779,CT,False,[0.78125 0.78125 3.     ],"(168, 452, 512)",True,11
MR_BraTS-T1n_bratsgli_0768,2.5799152851104736,0.0,0.5052731037139893,0.5247068405151367,0.5314059257507324,0.5094983577728271,0.5090310573577881,0.8287788495220023,0.5467999431320121,0.3129032258064516,0.2881882850667233,0.0,0.1811669337355076,0.2377413692217671,0.2008028335301062,0.1431995669991494,0.3129032258064516,0.0,0.0,0.2243348211475163,0.1783709794511341,0.0,0.2881882850667233,MR,True,[1. 1. 1.],"(77, 218, 182)",False,1
CT_AMOS_amos_0301,53.26604509353638,8.89996600151062,8.808152198791504,8.752514839172363,9.047550678253174,8.945478677749634,8.812382698059082,2.9409096858940997,2.7841537885137746,0.7591682921297177,0.7242761315780021,0.672840832421329,0.704258115208844,0.7191388202965733,0.7377701313873691,0.7522875305408762,0.7591682921297177,0.6101490311680767,0.6607579777097663,0.675462204524765,0.6948438174227728,0.7213307119223523,0.7242761315780021,CT,False,[0.74609399 0.74609399 2.5       ],"(151, 512, 512)",True,15
CT_TotalSeg_organs_s1264,62.36939978599548,9.553666353225708,10.354537963867188,10.440848112106323,10.821395635604858,10.671647310256958,10.527304410934448,2.9676424197543017,2.6768370282642904,0.7546640691914595,0.6925007422565005,0.6931621555615237,0.7215262438400891,0.7358842530871121,0.7459084364620687,0.7477545736893466,0.7546640691914595,0.5908993930785726,0.6365833502289192,0.658315145226647,0.672648594567046,0.6813312422278874,0.6925007422565005,CT,False,[1.5 1.5 1.5],"(273, 285, 285)",True,20
MR_BraTS-T1c_bratsgli_0353,2.50688910484314,0.0,0.5043871402740479,0.5141723155975342,0.4922571182250976,0.4854621887207031,0.5106103420257568,0.0685236074653673,0.0,0.0002413564230978,0.0,0.0,0.0372843628269337,0.0254098132531797,0.0013560854333823,0.0229948491537895,0.0002413564230978,0.0,0.0,0.0,0.0,0.0,0.0,MR,True,[1. 1. 1.],"(95, 218, 182)",False,3
CT_TotalSeg_cardiac_s0140,13.185750246047974,2.2223892211914062,2.1466188430786133,2.1627681255340576,2.199821949005127,2.2302534580230717,2.2238986492156982,3.1598084448832244,3.548260348273536,0.8062551581172777,0.9046164757168564,0.667136867835433,0.7371560476196943,0.7816008403457738,0.79977021283487,0.8067317888340945,0.8062551581172777,0.7228753797700703,0.8267341832211128,0.8795799930178541,0.8971897900598498,0.9058152357268474,0.9046164757168564,CT,False,[1.5 1.5 1.5],"(67, 196, 196)",True,5
MR_BraTS-T2f_bratsgli_1257,2.673818588256836,0.0,0.5374445915222168,0.548879861831665,0.5569813251495361,0.5097794532775879,0.5207333564758301,0.0028039825824223,0.0,0.0017956545160711,0.0,0.0,0.0008011694262502,0.0,0.0015055706112616,0.0,0.0017956545160711,0.0,0.0,0.0,0.0,0.0,0.0,MR,True,[1. 1. 1.],"(86, 218, 182)",False,4
CT_LungMasks_LUNG1-072,11.160467147827148,1.8869476318359373,1.914095163345337,1.8819515705108645,1.7541308403015137,1.89661169052124,1.826730251312256,3.827884010403036,3.663012561386029,0.95709413426425,0.9162593359692744,0.9492833612595007,0.9562757550274325,0.9569519636428558,0.9571351631114516,0.957111939002887,0.95709413426425,0.8620563093059115,0.9125780428705754,0.9156967127897776,0.9166649168484252,0.9162322423279012,0.9162593359692744,CT,False,[0.9765625 0.9765625 3.       ],"(79, 512, 512)",True,2
MR_BraTS-T2w_bratsgli_0294,2.382499933242798,0.0,0.4733772277832031,0.4742529392242431,0.4707033634185791,0.4777791500091553,0.4863872528076172,0.0821200658375361,0.0,0.023442041623067,0.0,0.0,0.0158537320026506,0.0195137172071142,0.0205960130187144,0.0223624487988486,0.023442041623067,0.0,0.0,0.0,0.0,0.0,0.0,MR,True,[1. 1. 1.],"(80, 218, 182)",False,4
US_Cardiac_patient0262_2CH_half_sequence,11.191866397857666,1.916473627090454,1.8581812381744385,1.8323769569396973,1.8834309577941892,1.8324511051177976,1.8689525127410889,3.439358823987248,3.5724602504654976,0.8711345550431906,0.9058429481082348,0.8216130799762175,0.8258316677562231,0.8586062749452625,0.8620128836740216,0.8702565539682565,0.8711345550431906,0.8424691039273083,0.8589138973293585,0.8911363711621827,0.8938737949190635,0.9050716616654544,0.9058429481082348,US,False,[0.308 0.308 1.   ],"(15, 487, 590)",True,3
MR_Head_HNTSMRG24_91_midRT_T2,6.277752161026001,1.0209693908691406,1.07173752784729,1.0605709552764893,1.018481969833374,1.0385119915008545,1.0674803256988523,3.4107009956948744,3.977837616346133,0.8634245211368813,0.997828962430794,0.7718346360132796,0.8374681957153787,0.8487465056146557,0.8532113914961276,0.8582967401579606,0.8634245211368813,0.8505107238414247,0.9775734349320075,0.995591381915478,0.996915051949522,0.9976299837997316,0.997828962430794,MR,True,[0.83333331 0.83333331 1.        ],"(54, 480, 480)",True,2
CT_totalseg-vertebrae_s1292,50.2906539440155,8.169743537902832,8.725838899612427,8.159711837768555,8.29552173614502,8.691403150558472,8.248434782028198,3.809375624892658,3.93372389316465,0.9547866434984628,0.985205502076046,0.9420281670102012,0.9495524104601188,0.95096661707207,0.9521359777138532,0.9541035031274436,0.9547866434984628,0.971507285291397,0.9816193616490922,0.9822595481303622,0.9828092578217696,0.9852426553499488,0.985205502076046,CT,False,[1.5 1.5 1.5],"(270, 221, 221)",True,17
CT_AMOS_amos_0287,65.71605277061462,10.011170387268066,10.933393239974976,11.077936172485352,10.795856952667236,11.049745321273804,11.84795069694519,2.4294802777102573,2.573399314817738,0.6104865391641758,0.6488192383751374,0.5901395583280328,0.6048983235282941,0.6066460919539565,0.6069331557574211,0.6082085986526449,0.6104865391641758,0.602594047720963,0.6414186255976411,0.6412210901214671,0.6431580594660828,0.6439012332437988,0.6488192383751374,CT,False,[0.97656202 0.97656202 1.25      ],"(278, 512, 512)",True,15
CT_TotalSeg_organs_s1326,72.15240669250488,11.590513944625854,12.1019549369812,12.118154048919678,12.465945482254028,11.802649021148682,12.07318925857544,3.1203106568468137,2.903755097127217,0.7892781297998546,0.7383973515587313,0.7231597464715249,0.7551342712502812,0.7754012128038212,0.7822921937310983,0.790411049786826,0.7892781297998546,0.6395995796287844,0.6922484400019858,0.7204724818597211,0.730550159594419,0.7374095598927185,0.7383973515587313,CT,False,[1.5 1.5 1.5],"(399, 221, 221)",True,22
CT_TotalSeg_muscles_s0320,50.22221088409424,7.845085859298706,7.9492692947387695,8.091390132904053,9.011935234069824,8.579080820083618,8.745449542999268,3.3685292980031623,3.01317957307858,0.8569658053943748,0.7717187904188141,0.7816397556480866,0.8272065208315389,0.8366716179059243,0.8400523354994008,0.8497191814848803,0.8569658053943748,0.6759464087885808,0.7342249518938165,0.7456091324139489,0.7485827558391681,0.7660158136691471,0.7717187904188141,CT,False,[1.5 1.5 1.5],"(282, 272, 272)",True,15
CT_totalseg-vertebrae_s0590,29.637898445129395,4.801223516464233,4.871935844421387,4.98950719833374,4.924893856048584,5.218541145324707,4.831796884536743,3.611293955639384,3.748224780339071,0.9274969998586802,0.9478734862583488,0.8522096472114888,0.8721168215704903,0.889351968476827,0.9067839817820074,0.9153510946659648,0.9274969998586802,0.9114618373653548,0.9218009407232362,0.9315392271612056,0.9365651911087494,0.9452831485783236,0.9478734862583488,CT,False,[1.5 1.5 1.5],"(155, 192, 260)",True,10
MR_crossmoda_crossmoda2023_ukm_8_ceT1,10.822770357131958,1.7869184017181396,1.7609071731567385,1.845473289489746,1.783797264099121,1.831906795501709,1.813767433166504,3.080822292911869,3.835722566524434,0.7677925478207914,0.9558918649955728,0.7120505683564685,0.7688914328633645,0.7716061719338483,0.7690755161699775,0.7717986144659655,0.7677925478207914,0.937138363653997,0.970662366422372,0.9597653003944282,0.9565039151478836,0.95617623527315,0.9558918649955728,MR,False,[0.5625     0.5625     2.49999976],"(15, 320, 320)",True,4
CT_TotalSeg_organs_s0785,53.78397393226624,8.922187089920044,8.977212905883789,9.113845348358154,8.880673885345459,8.892420291900635,8.997634410858154,3.39386815491178,3.141805405385591,0.8620771868693498,0.8050676078263764,0.7704276182191889,0.8241576448936684,0.8388466758071041,0.8515017492474493,0.8604023139757178,0.8620771868693498,0.6748140067536506,0.75201743976392,0.7713032819092428,0.7907252443172189,0.8012343553639812,0.8050676078263764,CT,False,[1.5 1.5 1.5],"(190, 179, 209)",True,19
MR_BraTS-T2w_bratsgli_0150,2.571091651916504,0.0,0.4873154163360595,0.4853677749633789,0.5399181842803955,0.5387170314788818,0.5197732448577881,0.1441091876778806,0.0,0.0,0.0,0.0,0.0281565913562656,0.0,0.1091689178452248,0.0208619741545229,0.0,0.0,0.0,0.0,0.0,0.0,0.0,MR,True,[1. 1. 1.],"(61, 218, 182)",False,4
CT_LNQ_LymphNode-0064,5.970775127410889,0.973006010055542,0.993149995803833,1.0301880836486816,1.023653507232666,0.9763052463531494,0.9744722843170166,3.0557994215195783,3.733180339473731,0.778368879440406,0.9486353999196432,0.6633206681727939,0.7221492167133727,0.7547606338361116,0.7683511113759609,0.7824286282306163,0.778368879440406,0.802780765711723,0.8702717335661201,0.9226213667403408,0.9479174154595807,0.9531879905309278,0.9486353999196432,CT,True,[1.05599999 1.05599999 3.        ],"(14, 512, 512)",True,2
MR_Spider_104_t2_vet,19.74036955833435,3.2125613689422607,3.268306970596313,3.304387092590332,3.3046650886535645,3.3487980365753174,3.3016510009765625,3.0370297512485847,2.411733637961798,0.7601255628097653,0.6041810218301797,0.7313556928326423,0.7566159086611987,0.7586808986989313,0.7598960726567566,0.760082044157415,0.7601255628097653,0.601063245338156,0.6024282347855399,0.6007704754544408,0.6035501790686169,0.6041083551308807,0.6041810218301797,MR,False,[0.72916669 4.80000005 0.72916669],"(15, 384, 384)",True,7
CT_TotalSeg_organs_s1369,69.85404372215271,11.04888081550598,11.947887897491457,11.447540998458862,11.847893714904783,11.960530757904053,11.601309537887571,2.6638097339967644,2.5039810252717745,0.6782416407997841,0.6444770284053307,0.5794950297390921,0.63949086476954,0.6598739040825444,0.6711815371064999,0.673888040023058,0.6782416407997841,0.5069892650244152,0.5882378309482379,0.6177871093330032,0.6323728502661025,0.6374636359958846,0.6444770284053307,CT,False,[1.5 1.5 1.5],"(362, 290, 290)",True,21
MR_crossmoda_crossmoda2023_ldn_76_ceT1,11.049105882644652,1.831498384475708,1.8425514698028564,1.825456142425537,1.8421390056610107,1.83150315284729,1.875957727432251,2.861168300913458,3.9513909838842745,0.7219227963015465,0.990277041552986,0.651938632350573,0.7023624427832059,0.7139313372212047,0.716348663955938,0.7187456801939391,0.7219227963015465,0.9787367786229544,0.981109393728842,0.9870345371536904,0.9889947151292954,0.9896685139603746,0.990277041552986,MR,False,[0.41015625 0.41015625 1.5       ],"(8, 512, 512)",True,4
CT_LNQ_LymphNode-0952,2.893905639648437,0.4813382625579834,0.4772324562072754,0.4740529060363769,0.480471134185791,0.4872345924377441,0.4935762882232666,3.446605703420748,3.934288086545944,0.8757192174913694,0.9864716748459472,0.8398921832884098,0.8545961002785515,0.8569826135726304,0.8598761958356781,0.8645892351274788,0.8757192174913694,0.9639748106315554,0.9810987716460672,0.9819780316019696,0.9830505194620464,0.9854743122359214,0.9864716748459472,CT,True,[0.9765625 0.9765625 3.       ],"(12, 512, 512)",True,1
CT_totalseg-vertebrae_s0556,82.97067666053772,13.181782484054564,13.36649465560913,13.650749921798706,14.26823616027832,14.311171770095823,14.192241668701172,3.518120018623077,3.6319390340794575,0.877069400143144,0.9078513905361998,0.8390033138598053,0.8677197292803372,0.8773998268116904,0.8826995400353445,0.8856260870643015,0.877069400143144,0.8697178173345254,0.8979755857694588,0.9070720158162996,0.9097311985418948,0.9122223315684348,0.9078513905361998,CT,False,[1.5 1.5 1.5],"(379, 333, 333)",True,24
MR_ProstateADC_ADC-ProstateX-0228,2.554058313369751,0.422081708908081,0.4111106395721435,0.425485610961914,0.4381797313690185,0.4235706329345703,0.4336299896240234,3.4878379445703542,3.804215438632246,0.8728923476005188,0.9563763075024444,0.8490509189514914,0.86875,0.8684294361261549,0.8744365743721829,0.8741507602717568,0.8728923476005188,0.8805213480537615,0.9398104298808164,0.9474004841749594,0.9541271121795106,0.954594473586146,0.9563763075024444,MR,True,[2.         2.         3.99999976],"(7, 106, 128)",True,1
CT_TotalSeg_muscles_s0645,27.701658725738525,4.437258958816528,4.480483293533325,4.622007608413696,4.610540866851807,4.876722574234009,4.67464542388916,3.383806911820588,3.3507291492249864,0.87582885636568,0.8682266134695079,0.7076974419144524,0.7732962802997148,0.8314500966819272,0.8574854507847918,0.8703087960211722,0.87582885636568,0.7120699126548948,0.7775068661786348,0.8229634900389883,0.8489432093180673,0.8559557100438597,0.8682266134695079,CT,False,[1.5 1.5 1.5],"(173, 219, 219)",True,9
CT_totalseg-vertebrae_s0042,39.72411751747131,6.482601642608643,6.787644386291504,6.800154685974121,6.431843996047974,6.584508657455444,6.637364149093628,3.776259490148005,3.8351543667890406,0.9552061440063486,0.9695599326068328,0.9011260697582713,0.9217471397903444,0.9415641576002288,0.9457062363462266,0.9505124543032024,0.9552061440063486,0.9196437851081312,0.9381472338449486,0.9563335006970004,0.9609894347244592,0.9639778481416904,0.9695599326068328,CT,False,[1.5 1.5 1.5],"(282, 285, 285)",True,12
MR_Spider_132_t1_vet,21.233184337615967,3.449012041091919,3.519909620285034,3.58158278465271,3.502972364425659,3.612072467803955,3.567635059356689,2.839601282131841,2.305314848667232,0.7265819520989016,0.5848076804374323,0.6308555293927423,0.6973554578152882,0.7048298845200301,0.7038425332801281,0.7189601593745885,0.7265819520989016,0.5593415368094226,0.5695819869432521,0.5788424283073081,0.5707359017770459,0.5785416848925362,0.5848076804374323,MR,False,[1.0625    4.7999999 1.0625   ],"(15, 320, 320)",True,8
US_Cardiac_patient0221_2CH_half_sequence,11.941574811935425,1.9792983531951904,2.042697668075561,1.9175844192504885,1.984451532363892,1.9972825050354004,2.0202603340148926,2.810127950765318,3.030155496094225,0.6961048500790873,0.7556493564517567,0.6739314191870336,0.6987635273741658,0.7020074240017782,0.7053653664300409,0.7053209716068723,0.6961048500790873,0.7503535850583608,0.7557330299225119,0.7573512468882483,0.758678392781107,0.7584346632377353,0.7556493564517567,US,False,[0.308 0.308 1.   ],"(18, 519, 630)",True,3
MR_heart-ACDC_ACDC_patient104_frame01_myo,2.4169375896453857,0.0,0.4925453662872314,0.477337121963501,0.4704158306121826,0.487553596496582,0.4890856742858886,1.986361136579072,2.7711927750773344,0.5458698925289445,0.738382637330932,0.0,0.4238015295653796,0.4873221452024808,0.4980711131768534,0.5161321671525753,0.5458698925289445,0.0,0.6862743260877034,0.6794153457261434,0.6763481388323587,0.7031008088095144,0.738382637330932,MR,True,[ 1.36719  1.36719 10.     ],"(8, 256, 208)",False,1
CT_AbdTumor_pancreas_315,2.8067374229431152,0.4708197116851806,0.4619126319885254,0.4632241725921631,0.4646637439727783,0.4721608161926269,0.4739563465118408,2.558972708867857,2.73305551986427,0.6912854030501089,0.7862880638927718,0.5219464080223574,0.5619469026548672,0.6131556070704144,0.6444534741974807,0.6747474747474748,0.6912854030501089,0.48228054053036,0.5362046780905747,0.6298954180426127,0.6887921947900646,0.7531215360399194,0.7862880638927718,CT,True,[0.85546899 0.85546899 2.5       ],"(10, 512, 512)",True,1
CT_AbdomenAtlas_BDMAP_00005858,43.383291721344,7.1676247119903564,7.139905691146851,6.983735799789429,7.567237138748169,7.421215057373047,7.103573322296143,3.5221190067135626,3.6762513630197113,0.8949276302566626,0.9419217500820508,0.8149423252143043,0.8562076917384824,0.870263035282512,0.8831705443870209,0.8931177660464571,0.8949276302566626,0.8270107780762191,0.884539152359657,0.9021872434929916,0.9213976944823596,0.9394359738235064,0.9419217500820508,CT,False,[0.81835902 0.81835902 2.5       ],"(158, 367, 512)",True,12
MR_ISLES2022_ADC_sub-strokecase0022,5.393646240234375,0.8803646564483643,0.8935227394104004,0.89288330078125,0.9249145984649658,0.8894438743591309,0.9125170707702636,2.613566190617035,3.871616106841321,0.6491677336747759,0.975830727848582,0.765316874905916,0.7588610115491836,0.6608108108108108,0.6237410071942446,0.625,0.6491677336747759,0.984495222585865,0.9867056937397808,0.9658123334872668,0.9626374110215556,0.9618981515383171,0.975830727848582,MR,True,[2. 2. 2.],"(6, 112, 112)",True,2
CT_TotalSeg_cardiac_s0307,25.758804082870483,4.37202000617981,4.4639105796813965,4.180800437927246,4.0706188678741455,4.2512805461883545,4.420173645019531,3.5856114079423973,3.7687961590902295,0.9119814816495052,0.9634381146256954,0.7374302709660193,0.8655630958522273,0.8848107573216243,0.9024336494394886,0.9095947124304185,0.9119814816495052,0.7753587452406692,0.8985774906653665,0.9253612664836376,0.9519802871305758,0.9604468028304848,0.9634381146256954,CT,False,[1.5 1.5 1.5],"(255, 240, 240)",True,8
CT_TotalSeg_muscles_s1426,20.542470693588257,3.3225462436676025,3.404290676116944,3.4489338397979736,3.350551128387451,3.5173346996307373,3.498814105987549,3.685387251096865,3.547665578274565,0.9280847451837836,0.9049530995365652,0.8764631230436969,0.9095988007229856,0.91681294413311,0.9234204075552558,0.926312126455115,0.9280847451837836,0.8238551881978502,0.8646601328823393,0.8756203631706831,0.889538226906973,0.8977003719874563,0.9049530995365652,CT,False,[1.5 1.5 1.5],"(130, 293, 293)",True,7
MR_BraTS-T1c_bratsgli_1139,2.645760059356689,0.0,0.5085675716400146,0.558046817779541,0.5349400043487549,0.5365250110626221,0.5076806545257568,0.158179019493278,0.0,0.0574963110394289,0.0,0.0,0.0380840740056791,0.0325407973323283,0.0421075707624724,0.0357404588759231,0.0574963110394289,0.0,0.0,0.0,0.0,0.0,0.0,MR,True,[1. 1. 1.],"(98, 218, 182)",False,3
MR_Head_HNTSMRG24_86_midRT_T2,4.088763952255249,0.6823635101318359,0.6870706081390381,0.6913199424743652,0.6755425930023193,0.6572494506835938,0.6952178478240967,3.0781753603084683,2.971209652049745,0.7709951544960919,0.7443089481520008,0.7552579120657603,0.7659802869132429,0.7682138588746067,0.7704786262331019,0.7709951544960919,0.7709951544960919,0.7420958763986537,0.7395696723909592,0.7412269055469909,0.7437340688504915,0.7443093673807825,0.7443089481520008,MR,True,[0.5 0.5 2. ],"(28, 512, 512)",True,1
CT_TotalSeg_organs_s1378,13.848211288452148,2.250537395477295,2.3446478843688965,2.27275013923645,2.336491107940674,2.3022983074188232,2.3414864540100098,2.310213861494095,2.1882844006216176,0.6420864697129122,0.597611069919056,0.4584027580652865,0.473675393547359,0.5465595532643095,0.5960678003924065,0.6097055762072434,0.6420864697129122,0.4358949795916264,0.4624991076578691,0.5302179854408787,0.5575540750109631,0.570457251381313,0.597611069919056,CT,False,[1.5 1.5 1.5],"(49, 267, 267)",True,5
MR_BraTS-T2f_bratsgli_0104,2.5776827335357666,0.0,0.492300271987915,0.5165870189666748,0.5204818248748779,0.5208978652954102,0.5274157524108887,0.1398766972066052,0.0,0.0386065891898621,0.0,0.0,0.0317773019271948,0.0332995801953462,0.0369578309551024,0.034427340497628,0.0386065891898621,0.0,0.0,0.0,0.0,0.0,0.0,MR,True,[1. 1. 1.],"(81, 218, 182)",False,3
MR_ProstateT2_T2-ProstateX-0074,3.203021049499512,0.5095229148864746,0.5238659381866455,0.5768802165985107,0.5333402156829834,0.5349817276000977,0.5244300365447998,3.64385902863156,3.811036969399295,0.9140064692961634,0.9574371332567398,0.9039990821976536,0.9084853291038858,0.9100780411605208,0.910227893793612,0.9123071944774026,0.9140064692961634,0.9571560767121188,0.9475464452518204,0.9520928487508172,0.9520891023987084,0.9543632289954888,0.9574371332567398,MR,True,[0.5        0.5        2.99999714],"(15, 384, 384)",True,1
MR_ISLES2022_ADC_sub-strokecase0156,14.603931427001951,2.328708410263061,2.5137996673583984,2.4219932556152344,2.5176119804382324,2.445995330810547,2.3758227825164795,2.2476257224072174,2.877100972085025,0.5713941248204067,0.7325283912729302,0.4941780012736336,0.5206883194934033,0.5507804102436332,0.5751877294244176,0.5756163605822616,0.5713941248204067,0.5812137334076779,0.650210745139643,0.7119440988417021,0.7358142413409632,0.7379730636960732,0.7325283912729302,MR,False,[2. 2. 2.],"(24, 112, 112)",True,5
US_Cardiac_patient0263_4CH_half_sequence,9.74102234840393,1.6845898628234863,1.6466445922851562,1.5971128940582275,1.6025114059448242,1.5785868167877195,1.6315767765045166,3.239231660343777,3.2432120370798443,0.8243662622072022,0.8241653669748276,0.7615092948952694,0.7951671249710164,0.8044549044323567,0.8052843358267326,0.8197257264955785,0.8243662622072022,0.7686994614278272,0.7948251636974776,0.8038460308056751,0.8094528697850185,0.820417871152998,0.8241653669748276,US,True,[0.308 0.308 1.   ],"(20, 422, 512)",True,3
CT_AbdTumor_PETCT_97320b0b58,43.131351709365845,6.978358030319214,7.153958082199097,7.251619338989258,7.266099452972412,7.301975727081299,7.179341077804565,2.232231007564894,2.9332230530650367,0.5526619132300686,0.7389524553917409,0.501706505786916,0.536407972974486,0.563777084995343,0.5755740984509377,0.5483448810163362,0.5526619132300686,0.6327933049665125,0.6938047943101122,0.7377805435116216,0.7555129728888966,0.7235509118135921,0.7389524553917409,CT,False,[0.82226562 0.82226562 2.5       ],"(92, 512, 512)",True,14
MR_ProstateADC_ADC-ProstateX-0246,2.873408794403076,0.4614932537078857,0.4892919063568115,0.4869031906127929,0.4854228496551513,0.4718835353851318,0.4784140586853027,3.3893944520138266,3.464522919480575,0.8472418670438473,0.8659828318916535,0.845821325648415,0.8485278467541681,0.847433628318584,0.8468340997523877,0.8472418670438473,0.8472418670438473,0.8654713056920367,0.8671108389100595,0.8660104202964114,0.8659828318916535,0.8659828318916535,0.8659828318916535,MR,True,[2. 2. 3.],"(8, 128, 88)",True,1
MR_BraTS-T1c_bratsgli_0090,2.6139793395996094,0.0,0.523134708404541,0.5151576995849609,0.5334436893463135,0.5187399387359619,0.523503303527832,0.0029078491073087,0.0,0.0007983649485852,0.0,0.0,0.0004668708448494,0.0005957203450412,0.0006736365596033,0.0010058743059467,0.0007983649485852,0.0,0.0,0.0,0.0,0.0,0.0,MR,True,[1. 1. 1.],"(75, 218, 182)",False,4
MR_BraTS-T2w_bratsgli_0811,2.379385709762573,0.0,0.4668958187103271,0.4706535339355469,0.4773476123809814,0.4768333435058594,0.4876554012298584,0.2855066654999608,0.1506994465914646,0.0028240609997175,0.0,0.0,0.2281820455113778,0.0662636774045451,0.0013669205233352,0.1023730143165326,0.0028240609997175,0.0,0.3013988931829293,0.0,0.0,0.0,0.0,MR,True,[1. 1. 1.],"(19, 218, 182)",False,1
US_Cardiac_patient0237_2CH_half_sequence,11.122236490249634,1.8354063034057615,1.790656566619873,1.8697788715362549,1.865374565124512,1.912384033203125,1.8486361503601076,3.405167117899448,3.3185770494417035,0.8586576636099118,0.8367121383371882,0.8056444865255891,0.839163787327459,0.843583956702226,0.8552073953960169,0.8574650403325199,0.8586576636099118,0.778311506994779,0.8169899405471633,0.8206795180285109,0.8350509312586905,0.8359955607123265,0.8367121383371882,US,False,[0.308 0.308 1.   ],"(19, 552, 669)",True,3
CT_LungMasks_LUNG1-253,10.541118383407593,1.5439190864562988,1.80624794960022,1.6267623901367188,1.8826944828033447,1.8748867511749268,1.806607723236084,3.790529722769057,3.452585374799165,0.9516753129165556,0.8782784932195808,0.9254903324689764,0.941637233623731,0.946014397276586,0.9482011925032124,0.9496578597191158,0.9516753129165556,0.773192885301464,0.8426200281296508,0.8584239412039446,0.8639611509825991,0.8697510219380058,0.8782784932195808,CT,False,[0.9765625 0.9765625 3.       ],"(74, 512, 512)",True,2
PET_autoPET_fdg_63dd9503eb_01-18-2001-NA-PET-CT Ganzkoerper  primaer mit KM-34683,17.380069255828857,2.954731702804565,2.851149797439575,2.873212575912476,2.8147990703582764,2.903223991394043,2.982952117919922,3.06864685142951,2.3514359643132083,0.7809272100093633,0.6079802051955645,0.6824422393361774,0.7220783051213976,0.7761784571370641,0.7669586135866346,0.7740070231404309,0.7809272100093633,0.4835695140229308,0.537517161816656,0.5914988320117133,0.5886047244393506,0.5985837243560344,0.6079802051955645,PE,False,[2.03642011 2.03642011 3.        ],"(80, 400, 400)",True,6
MR_heart-ACDC_ACDC_patient006_frame01_myo,2.2616896629333496,0.0,0.444270372390747,0.4397404193878174,0.4562757015228271,0.449183702468872,0.4722194671630859,2.025247320782515,2.276981167335312,0.5491428181135168,0.5847175686483425,0.0,0.3857302118171683,0.5420527228166657,0.4781165107153637,0.5376415722851432,0.5491428181135168,0.0,0.6408019364806106,0.6078810642179012,0.4973964735551694,0.558943876997765,0.5847175686483425,MR,True,[ 1.7578125  1.7578125 10.       ],"(9, 256, 232)",False,1
US_Cardiac_patient0239_2CH_half_sequence,10.77424144744873,1.6297156810760498,1.8268001079559328,1.816784143447876,1.8117146492004397,1.8736796379089355,1.815547227859497,3.448180762108204,3.522704663267519,0.8696647778578838,0.8901275523788916,0.8342789846550988,0.8441825814867353,0.8612603596574891,0.864176465462716,0.8658202573156889,0.8696647778578838,0.8508094647163,0.8618521222314658,0.878733884975707,0.8827723565902451,0.885208584396388,0.8901275523788916,US,False,[0.308 0.308 1.   ],"(16, 552, 669)",True,3
MR_Spider_125_t1_vet,19.71476531028748,3.5034735202789307,3.3165974617004395,3.219014883041382,3.174212694168091,3.2974586486816406,3.204008102416992,3.0286151930753293,2.556552150316801,0.7568430108355477,0.6383521959693763,0.7274911133424254,0.7533572627945213,0.7577007647329153,0.7567880951440754,0.7590261963833039,0.7568430108355477,0.6542052339947253,0.6367820379552332,0.6396352015084872,0.6379280663762349,0.6414217654697744,0.6383521959693763,MR,False,[0.62523884 3.29995467 0.625     ],"(23, 448, 448)",True,7
MR_BraTS-T1n_bratsgli_0274,2.430102586746216,0.0,0.4680492877960205,0.4955201148986816,0.4950075149536133,0.4772682189941406,0.4942574501037597,0.1176483847853933,0.0,0.0313928680280402,0.0,0.0,0.0244261796042617,0.0260997320888427,0.0315111005013129,0.0321280283790865,0.0313928680280402,0.0,0.0,0.0,0.0,0.0,0.0,MR,True,[1. 1. 1.],"(60, 218, 182)",False,3
MR_crossmoda_crossmoda2023_etz_44_ceT1,10.945353031158447,1.759645700454712,1.8306012153625488,1.8150460720062256,1.873740673065185,1.8160924911499023,1.850226879119873,2.9295652149027385,3.980879952872304,0.7243675269754605,0.997654495941312,0.6728542886360438,0.7111376609220589,0.7430798373579766,0.7359724631224067,0.7327603204735957,0.7243675269754605,0.9581529536276768,0.987164854840612,0.9951552229169808,0.9951821975641448,0.9981328570002164,0.997654495941312,MR,False,[0.8203125 0.8203125 1.5      ],"(13, 256, 256)",True,4
CT_TotalSeg_organs_s0504,23.02626585960388,3.704699754714966,3.760582447052002,4.062928199768066,3.8537144660949703,3.83061957359314,3.813721418380737,2.9173262519124528,2.879088551656123,0.773779546708842,0.7755376185480524,0.6098850046297404,0.6721990361337615,0.7173367586577286,0.7340911963507155,0.742909005482707,0.773779546708842,0.5790840302749438,0.6390543631084471,0.7031539369010773,0.7275256639141892,0.7411129600126073,0.7755376185480524,CT,False,[1.50000012 1.5        1.5       ],"(84, 124, 81)",True,8
MR_AMOSMR_amos_0592,57.42781138420105,9.42674469947815,9.38078498840332,9.594995498657228,9.610737085342407,9.65609574317932,9.758453369140623,3.159020864166843,3.176555230699389,0.8023889312981114,0.8153479674255448,0.7162517310605652,0.7756602352648745,0.7843727611945108,0.7884906810134833,0.7971328386773558,0.8023889312981114,0.6962841126020135,0.7680994870603327,0.7850537403783946,0.7943810458627111,0.8053967172153447,0.8153479674255448,MR,False,[0.82029998 1.10000002 0.82029998],"(451, 168, 512)",True,13
CT_TotalSeg_cardiac_s0332,59.91425132751465,9.641643285751345,9.7975172996521,10.132216453552246,10.00448751449585,10.148728132247925,10.189658641815186,3.049537245400786,3.2073427586687715,0.7834854460970707,0.8273142788895733,0.6103148137602226,0.7154128914983936,0.7527639594467472,0.7689796013185757,0.7783445158377305,0.7834854460970707,0.6365559499944307,0.7532702311776843,0.7900359982215285,0.8078007152704693,0.819213790143145,0.8273142788895733,CT,False,[1.5 1.5 1.5],"(421, 269, 269)",True,18
MR_QIN-PROSTATE-Lesion_PCAMPMRI-00003_0_1_MR,2.823340892791748,0.438046932220459,0.4529614448547363,0.4511516094207763,0.5060412883758545,0.4988582134246826,0.4762814044952392,2.582024228141976,3.6689649440111065,0.6527777777777778,0.9283715202259516,0.5835866261398176,0.6168831168831169,0.6416382252559727,0.6527777777777778,0.6527777777777778,0.6527777777777778,0.8406421218037478,0.8760703347660924,0.9100009760631818,0.9283715202259516,0.9283715202259516,0.9283715202259516,MR,True,[1.01559997 1.01559997 5.99999237],"(2, 256, 256)",True,1
CT_TotalSeg_muscles_s0768,43.65692615509033,7.1931891441345215,7.700923681259155,7.18006157875061,7.205227375030518,7.133006572723389,7.244517803192139,3.0540686994098434,2.8073862107398257,0.7850218128473023,0.7281157889697191,0.7128720883098013,0.7492510176963495,0.7592881295806179,0.7608006369319095,0.7668435176254902,0.7850218128473023,0.6364039421304066,0.6824775127714581,0.695485055317592,0.6989915226900641,0.7076129818615813,0.7281157889697191,CT,False,[1.5        1.5        1.49999988],"(258, 174, 219)",True,15
CT_AbdTumor_pancreas_345,2.795125722885132,0.447786808013916,0.463402509689331,0.492018461227417,0.4627022743225097,0.4669959545135498,0.4622197151184082,3.346011757296834,3.885873987412885,0.8452380952380952,0.9737493279411844,0.738833746898263,0.8086866597724922,0.8313167259786477,0.8454234713254842,0.8423091824874079,0.8452380952380952,0.903579391188795,0.9485183536389864,0.9643537119299128,0.9817433068888894,0.9786431278039978,0.9737493279411844,CT,True,[0.83984399 0.83984399 2.5       ],"(6, 512, 512)",True,1
MR_QIN-PROSTATE-Lesion_PCAMPMRI-00012_1_0_MR,2.576503038406372,0.4396812915802002,0.419337511062622,0.4276001453399658,0.4325597286224365,0.42708420753479,0.4302401542663574,2.310895003162555,3.393661596336687,0.6714285714285714,0.9734357108261402,0.7164179104477612,0.6166666666666667,0.5378151260504201,0.5,0.6290322580645161,0.6714285714285714,0.9472760494513164,0.8915440875314444,0.8035248157062748,0.7910787317776342,0.8665681496739857,0.9734357108261402,MR,True,[0.70310003 0.70310003 4.00000334],"(2, 256, 256)",True,1
CT_totalseg-vertebrae_s0959,63.35979890823364,9.985829830169678,10.714580774307253,11.183312892913818,10.543795585632324,10.479800701141356,10.452479124069214,3.715643052221965,3.877889623922957,0.9342976716313144,0.9748108945341978,0.8879073669526655,0.9145110415335482,0.924064463918184,0.9326956821323628,0.9344785495889872,0.9342976716313144,0.9309288624979392,0.9555898429343468,0.9651704037724363,0.9733133417572866,0.974205509658961,0.9748108945341978,CT,False,[1.5 1.5 1.5],"(376, 233, 233)",True,20
PET_autoPET_fdg_9a2c6e618a_02-14-2000-NA-PET-CT Ganzkoerper  primaer mit KM-05254,59.68248391151428,9.237069845199583,9.669085502624512,10.168050527572632,9.977342128753662,10.580775737762451,10.05016016960144,2.942149692710632,2.9326967339082364,0.7498113309047779,0.7542959043564638,0.6387746089316728,0.7015353097038662,0.7281384785912923,0.7421061306560812,0.7462317631589365,0.7498113309047779,0.6008913425807056,0.6897291177931125,0.7205958746766845,0.7410616832924226,0.749026664864341,0.7542959043564638,PE,False,[2.03642011 2.03642011 3.        ],"(89, 400, 400)",True,21
MR_ISLES2022_DWI_sub-strokecase0228,27.504056692123413,4.600557088851929,4.515347242355347,4.4392006397247314,4.732025146484375,4.670745372772217,4.546181201934815,1.4227328592193265,1.897686770846024,0.3964784333014267,0.5487624695097157,0.3461945745836425,0.3605047337217552,0.3548191538572547,0.3410086163172491,0.3484135055332316,0.3964784333014267,0.4494764870321095,0.464252714166126,0.4791512381209532,0.4533000939286576,0.4587278469584921,0.5487624695097157,MR,False,[1.796875   1.796875   4.80000019],"(10, 128, 128)",True,10
MR_Head_HNTSMRG24_195_midRT_T2,12.800424337387083,2.085919141769409,2.106079339981079,2.126723051071167,2.1374950408935547,2.1900672912597656,2.1541404724121094,3.505159467304499,3.95886892947828,0.8799102020759145,0.9918563553902736,0.8417382646558454,0.8671657929747894,0.8749076370718528,0.8780992109014829,0.8786146218058113,0.8799102020759145,0.9658583215947988,0.9837381758954644,0.9878228747156208,0.9915780238159756,0.9916707653038144,0.9918563553902736,MR,False,[0.5 0.5 2. ],"(36, 512, 512)",True,4
CT_GTVpNCCT_segrap_0022,3.0864429473876958,0.5059487819671631,0.5134191513061523,0.4854216575622558,0.5385441780090332,0.5199451446533203,0.5231640338897705,2.759011594230645,3.0482200985415178,0.7473987626546682,0.8224000312392,0.6390624532870938,0.6587885598289049,0.6778912303570136,0.6642087151936514,0.7138179874381932,0.7473987626546682,0.6261224037479681,0.7373166557526863,0.7630918972854516,0.7319809537595418,0.7732889040005815,0.8224000312392,CT,True,[0.58789062 0.58789062 3.        ],"(17, 512, 512)",True,1
CT_AbdomenAtlas_BDMAP_00005770,41.71001052856445,6.767173051834106,7.26765513420105,6.692525148391724,6.842119693756104,7.259599685668945,6.880937814712524,3.56319471353091,3.683905747622299,0.8938826754866088,0.9249719598707556,0.8229634491836945,0.8775647645152901,0.8915318390157342,0.8936105542443783,0.8923286002698484,0.8938826754866088,0.8384920901985241,0.9009749885108984,0.9221301383327098,0.925445923719288,0.923356211379474,0.9249719598707556,CT,False,[0.77148438 0.77148438 3.        ],"(148, 315, 512)",True,12
MR_BraTS-T1n_bratsgli_0032,2.733626365661621,0.0,0.5181634426116943,0.5703551769256592,0.5422077178955078,0.528489351272583,0.5744106769561768,0.0590799208679565,0.0,0.0355318822472107,0.0,0.0,0.0043136732791905,0.0056600739668757,0.0057149362477231,0.0277821328901571,0.0355318822472107,0.0,0.0,0.0,0.0,0.0,0.0,MR,True,[1. 1. 1.],"(89, 218, 182)",False,3
US_Cardiac_patient0261_4CH_half_sequence,10.745916366577148,1.8349497318267824,1.7213966846466064,1.7173404693603516,1.8001341819763184,1.846069097518921,1.826026201248169,3.300666823034543,3.1351846980030817,0.8405551664732821,0.8047711051914331,0.7550019612788378,0.8013100146293867,0.8216736618006705,0.8221583524824724,0.8359022182000656,0.8405551664732821,0.7133380082032595,0.7527595121689088,0.779396083507068,0.7789709638582035,0.798052341957639,0.8047711051914331,US,False,[0.308 0.308 1.   ],"(21, 552, 669)",True,3
CT_TotalSeg_organs_s0210,67.16931414604187,11.068104028701782,10.943831205368042,11.2577702999115,11.53967261314392,11.368053674697876,10.99188232421875,2.474611680756292,2.281543632498461,0.6310019930849975,0.578279131370574,0.5780939915225635,0.599356468832232,0.6106844149314505,0.6193492256797891,0.6293988091864372,0.6310019930849975,0.5168711337998946,0.5503375332241683,0.5689738069154439,0.5733921764526075,0.5748693168330382,0.578279131370574,CT,False,[1.5 1.5 1.5],"(301, 333, 333)",True,20
CT_AbdTumor_PETCT_2dc17aaeaf,29.380459547042847,4.56941819190979,4.776920795440674,4.9916417598724365,4.958431482315064,5.170399904251099,4.913647413253784,2.663901553035358,2.8949274905104034,0.6785553122998959,0.7413002694670344,0.5998049237822068,0.623128572267008,0.6517346140478061,0.6787177697162539,0.6826072269878459,0.6785553122998959,0.6367356951533983,0.6713548183249137,0.7027873492092906,0.74009488770467,0.745717709700469,0.7413002694670344,CT,False,[0.79492188 0.79492188 0.69999999],"(180, 512, 512)",True,7
CT_TotalSeg_organs_s1280,33.63627600669861,5.316872835159302,5.218021869659424,5.503062009811401,5.658602952957153,6.298912048339844,5.640804290771484,3.3765475233453524,3.1611922378150656,0.8658964482813062,0.823511717308142,0.7719672164767992,0.8136093542176254,0.8258158750409738,0.8333910774722479,0.877587669582665,0.8658964482813062,0.6668910879732924,0.7385731567850908,0.7626490577172752,0.7714621524588304,0.8460385905923434,0.823511717308142,CT,False,[1.5 1.5 1.5],"(144, 221, 221)",True,12
MR_BraTS-T1n_bratsgli_1129,2.5491063594818115,0.0,0.5163424015045166,0.5087921619415283,0.5070481300354004,0.4939103126525879,0.5230133533477783,0.3708406427837687,0.0,0.1693391611230031,0.0,0.0,0.0311583232836408,0.0394273776307118,0.094733103091151,0.1364314198585838,0.1693391611230031,0.0,0.0,0.0,0.0,0.0,0.0,MR,True,[1. 1. 1.],"(66, 218, 182)",False,3
CT_AbdTumor_case_00129,5.429481267929077,0.9125239849090576,0.8861589431762695,0.8593316078186035,0.9192261695861816,0.9031941890716552,0.9490463733673096,2.454443465860301,3.1240824065526525,0.6797470154821399,0.8299425710678803,0.4473079119149395,0.5193387825528776,0.5665091270653297,0.6305279301050284,0.6578635096724342,0.6797470154821399,0.6166791583685813,0.7020269709019593,0.7551038736970042,0.7931941667289402,0.8097995951417882,0.8299425710678803,CT,True,[0.73632812 0.73632812 5.        ],"(6, 512, 512)",True,2
PET_autoPET_fdg_802f19931c_06-30-2002-NA-PET-CT Ganzkoerper  primaer mit KM-43581,3.122776508331299,0.5147655010223389,0.5138034820556641,0.530646562576294,0.5211505889892578,0.548119306564331,0.4942910671234131,3.343932992968915,1.8596278037335603,0.8340466926070039,0.4612817204903147,0.8378687802730075,0.8499627699180938,0.8339648304673078,0.8338844582765998,0.8340789729624587,0.8340466926070039,0.4737665695030927,0.48721112252766,0.462201358230937,0.4617303113599741,0.4614497126336618,0.4612817204903147,PE,True,[2.03642011 2.03642011 3.        ],"(33, 400, 400)",True,1
CT_AMOS_amos_0127,43.52986001968384,7.076769828796387,7.194747447967529,7.340996980667114,7.261956214904785,7.301584482192993,7.353805065155029,3.2519226592190997,3.4891534365367214,0.81933950533171,0.8803746299796332,0.7482910960269131,0.7958824022639285,0.8092306684159746,0.81600075886432,0.8190802781409849,0.81933950533171,0.8018215251638416,0.8556057830079689,0.8672588211699773,0.8737729596035206,0.8801314492694221,0.8803746299796332,CT,False,[0.78200001 0.78200001 5.        ],"(51, 512, 512)",True,15
MR_WMH_T1_Utrecht_29,69.49831533432007,11.677621364593506,11.563031435012816,11.578290700912476,11.765344142913818,11.571187019348145,11.342840671539308,0.7529037082357422,0.0,0.1933991316440585,0.0,0.1729493501383686,0.1800653446716586,0.1851121403327565,0.1850917098228263,0.1959676199223006,0.1933991316440585,0.0,0.0,0.0,0.0,0.0,0.0,MR,False,[0.95833331 0.95833331 3.00000048],"(30, 240, 240)",True,26
MR_Spider_77_t1_ivd,16.20730996131897,2.7161810398101807,2.81692123413086,2.721456527709961,2.580770969390869,2.695374727249145,2.676605463027954,2.8305811253951143,3.115579730352741,0.7292619888187364,0.8047413517982932,0.6194083299353738,0.6703384375530321,0.6962253471781374,0.71896422109785,0.7155913439332428,0.7292619888187364,0.6711941612758028,0.7329268645491395,0.768894908287694,0.7910090384856767,0.7868416754056536,0.8047413517982932,MR,False,[0.72916669 4.39999998 0.72916669],"(12, 384, 384)",True,6
MR_Head_HNTSMRG24_37_preRT_T2,6.802865982055664,1.2028374671936035,0.9933981895446776,1.036438226699829,1.1617028713226318,1.2105162143707275,1.1979730129241943,3.380509490154548,3.640823186770489,0.8462248063485043,0.9156754640329164,0.7813036197011787,0.8281024204251275,0.8499389035574618,0.8484081166895215,0.8449988565207488,0.8462248063485043,0.814203836298492,0.8658912187546298,0.9144676128683048,0.9201544609218536,0.9154177715865572,0.9156754640329164,MR,True,[0.5 0.5 2. ],"(31, 512, 512)",True,2
CT_AbdomenAtlas_BDMAP_00000597,31.729198932647705,5.295320272445679,5.330633163452148,5.26013970375061,5.33734917640686,5.113696098327637,5.3920605182647705,3.1638339660370614,3.532593907900881,0.8256874199921791,0.9156779140403084,0.6572496941630951,0.7370207325008995,0.7768251779967376,0.7926360051615342,0.8130187066322506,0.8256874199921791,0.7334235053861201,0.8154726066622852,0.8660650943811122,0.8908756219176354,0.9100779312508368,0.9156779140403084,CT,False,[0.866 0.866 5.   ],"(110, 273, 453)",True,10
CT_AbdomenAtlas_BDMAP_00000211,54.73184847831726,9.335886240005491,9.146912097930908,9.204435110092165,9.117589235305786,9.180997610092165,8.746028184890747,0.3565891466502545,0.0,0.0911144161239037,0.0,0.053640745720395,0.0760832272345688,0.0907977945127344,0.0910942365518858,0.0910982939063979,0.0911144161239037,0.0,0.0,0.0,0.0,0.0,0.0,CT,False,[0.83984399 0.83984399 0.80000001],"(550, 315, 497)",True,10
MR_ProstateT2_T2-ProstateX-0203,2.69739031791687,0.4199757575988769,0.442073106765747,0.4464988708496094,0.4544284343719482,0.458115816116333,0.4762983322143554,3.5350067970326124,3.617038862145188,0.8845374335217835,0.9001932499205866,0.8853595567545616,0.8881974875839906,0.8823520469436463,0.883015188677808,0.8832721008582709,0.8845374335217835,0.9343598256952848,0.9315437678359604,0.9016508956527276,0.8997807582282092,0.899738699385978,0.9001932499205866,MR,True,[0.5625     0.56250006 3.00000501],"(10, 320, 320)",True,1
CT_LungMasks_LUNG1-304,9.223855018615724,1.4538724422454834,1.5902106761932373,1.4844019412994385,1.6055967807769775,1.4852294921875,1.604543685913086,3.78884737048278,3.528017420956526,0.9489757713159794,0.8921456375834788,0.9239390600593318,0.9430976644277672,0.9457391490480898,0.948227598417924,0.9488439051448933,0.9489757713159794,0.781472710797687,0.8573273902117381,0.8738350113120296,0.8880606951188417,0.8913852006280467,0.8921456375834788,CT,True,[0.9765625 0.9765625 3.       ],"(62, 512, 512)",True,2
MR_CHAOS-T2_8_T2SPIR,11.186206579208374,1.7806220054626465,1.810942888259888,1.862224817276001,1.9734551906585691,1.8443875312805176,1.914574146270752,3.599680105417064,3.452563580937304,0.903356478187424,0.8722809566431505,0.8517813378954633,0.885486099515771,0.9012342638512992,0.901444806419216,0.9025797462949507,0.903356478187424,0.7717352369071807,0.8316386364624347,0.8660960873578886,0.8650610476332562,0.8694466493933667,0.8722809566431505,MR,False,[1.40625    1.40625    7.99999952],"(28, 288, 288)",True,4
MR_crossmoda_crossmoda2023_ukm_3_ceT1,11.75182604789734,2.0651276111602783,2.0063178539276123,1.7767035961151123,1.944237232208252,1.944833517074585,2.014606237411499,2.302766225954133,3.592282310241845,0.6030026093910748,0.9027197751550003,0.4761131450057164,0.5288759124811686,0.5574884887232595,0.5802017217045424,0.5991367545902092,0.6030026093910748,0.8098668211956506,0.8533949633322759,0.8981744714488323,0.911075782460841,0.9049746870885336,0.9027197751550003,MR,False,[0.44921318 0.44921401 2.4000001 ],"(15, 512, 512)",True,4
CT_TotalSeg_organs_s0070,57.50243139266968,9.549813270568848,9.815160512924194,9.583119869232178,9.478911876678469,9.48199224472046,9.593433618545532,3.168275974079524,2.93756115010896,0.8054907792677554,0.7529777913818053,0.7507660229220676,0.7683783219254509,0.7881840197309897,0.7915589043690453,0.8015984993828857,0.8054907792677554,0.6654473693712173,0.698376408824621,0.7258948231133004,0.7354244791161653,0.7505647477762811,0.7529777913818053,CT,False,[1.5 1.5 1.5],"(270, 242, 242)",True,20
MR_crossmoda_crossmoda2023_etz_3_ceT1,10.448825597763062,1.785797357559204,1.794895887374878,1.7973976135253906,1.7104485034942627,1.6593773365020752,1.700908899307251,2.8693448582583434,3.935361294633232,0.7556684636160114,0.9882310915598252,0.6716371948831692,0.6623782063281088,0.6736926511007243,0.741248331216554,0.745380540969005,0.7556684636160114,0.9909096456050482,0.980167288877289,0.9776257151821356,0.9854700947944562,0.9880662944380826,0.9882310915598252,MR,False,[0.8203125 0.8203125 1.5      ],"(7, 256, 256)",True,4
MR_BraTS-T2f_bratsgli_0029,2.436678409576416,0.0,0.4626727104187011,0.5078384876251221,0.4876303672790527,0.4815480709075928,0.4969887733459472,0.0053371227422995,0.0,0.0033977283758858,0.0,0.0,0.0014324900944833,0.0,0.0028786182632336,4.339524388127061e-05,0.0033977283758858,0.0,0.0,0.0,0.0,0.0,0.0,MR,True,[1. 1. 1.],"(74, 218, 182)",False,4
CT_TotalSeg_muscles_s1258,14.74141263961792,2.370378971099853,2.540144920349121,2.358462333679199,2.535914659500122,2.4696238040924072,2.466887950897217,3.527783455103974,3.522674295723598,0.8934070479489911,0.8947563928851491,0.7849028718193514,0.8374621484650282,0.8776489903010646,0.8916627679923987,0.8930370986035012,0.8934070479489911,0.7705436627374359,0.8270343026955809,0.8751259758155634,0.8928072376191174,0.8938457344985522,0.8947563928851491,CT,False,[1.5 1.5 1.5],"(122, 221, 221)",True,5
CT_TotalSeg_organs_s0709,57.93964695930481,9.588466167449951,9.90442156791687,9.625845432281494,9.528433322906494,9.362407207489014,9.930073261260986,3.528762403779795,3.2629757517098064,0.892771194298087,0.8348777981210571,0.7948415379355702,0.8587432945672591,0.8768183647609975,0.8860432330141534,0.8901435615719704,0.892771194298087,0.6838306346510951,0.7720174566168526,0.8072057110623476,0.823018002921564,0.8293044103569404,0.8348777981210571,CT,False,[1.5 1.5 1.5],"(274, 215, 215)",True,20
CT_LungLesions_lung_079,3.4041147232055664,0.5761618614196777,0.5760252475738525,0.5551259517669678,0.5667707920074463,0.5600101947784424,0.5700206756591797,3.0905065435056955,3.4663200124410998,0.7893933613124762,0.8843283848068684,0.6846089150546678,0.7605682012664727,0.7718082033506644,0.7688140839620816,0.7749034749034749,0.7893933613124762,0.7475468511514649,0.8633622442263165,0.8657417722101466,0.8601879189028394,0.866545006811521,0.8843283848068684,CT,True,[0.92968798 0.92968798 1.24501991],"(20, 512, 512)",True,1
MR_Spider_53_t2_ivd,21.917902946472168,3.4624252319335938,3.665140867233277,3.7293760776519775,3.765544176101685,3.588002920150757,3.707413673400879,2.8700354486832813,3.6167137402632425,0.7349617458077093,0.9273820812490968,0.584466472105594,0.6812271713372566,0.7060350069504153,0.7232104961445567,0.7326954870158268,0.7349617458077093,0.7193281133582942,0.860496519689915,0.8901877114530548,0.9102670847646956,0.9223196435759864,0.9273820812490968,MR,False,[0.58360836 4.41923451 0.74373104],"(12, 483, 377)",True,8
CT_TotalSeg_cardiac_s1039,40.96172308921814,6.6793622970581055,6.906392574310303,6.864916801452637,6.952561616897583,6.73664140701294,6.821848392486572,3.459192547634652,3.674868566681525,0.8843248113093507,0.9388293503495948,0.7365499482862263,0.8299406921605522,0.8553414197191881,0.8670052571481675,0.8797131190323448,0.8843248113093507,0.7833469444972417,0.8827228949284237,0.9074956072436952,0.92036512017334,0.9362317166254802,0.9388293503495948,CT,False,[1.5 1.5 1.5],"(217, 249, 249)",True,14
MR_BraTS-T1c_bratsgli_1281,2.593095064163208,0.0,0.5034599304199219,0.5157535076141357,0.5209004878997803,0.5236210823059082,0.5293600559234619,0.0726226363904494,0.0,0.0218980619353058,0.0,0.0,0.0115437629221226,0.0178343542623787,0.0165413533834586,0.0215260163158977,0.0218980619353058,0.0,0.0,0.0,0.0,0.0,0.0,MR,True,[1. 1. 1.],"(83, 218, 182)",False,4
MR_BraTS-T1n_bratsgli_0062,2.4530787467956543,0.0,0.499652624130249,0.4890897274017334,0.4894959926605224,0.498093843460083,0.4767465591430664,0.0217364138906714,0.0,0.0039877957392142,0.0,0.0,0.0053968449214305,0.0064268658232992,0.005739434807227,0.0048777929298227,0.0039877957392142,0.0,0.0,0.0,0.0,0.0,0.0,MR,True,[1. 1. 1.],"(66, 218, 182)",False,4
PET_autoPET_fdg_ca47fe5e7d_09-01-2003-NA-PET-CT Ganzkoerper  primaer mit KM-30672,14.9365336894989,2.4656693935394287,2.4342803955078125,2.539413452148437,2.456312894821167,2.4634430408477783,2.5774145126342773,3.5304875269455653,3.2931905893371427,0.8859914653456016,0.8331817140492179,0.7547783694146482,0.8608247523047772,0.8830124614465281,0.8862290401915821,0.8878379164822661,0.8859914653456016,0.6112580752164442,0.7833988335542963,0.8208305950960901,0.8297650046370486,0.8343047158022467,0.8331817140492179,PE,False,[2.03642011 2.03642011 3.        ],"(180, 400, 400)",True,4
MR_BraTS-T2f_bratsgli_1300,2.675886631011963,0.0,0.5435793399810791,0.5097708702087402,0.5349438190460205,0.5615828037261963,0.5260097980499268,1.3317800488011575,1.4452695843103394,0.3789252139750245,0.4233315157175557,0.0,0.2783325370281892,0.3137876809083397,0.3389396397165543,0.3504238526746565,0.3789252139750245,0.0,0.3150398031779282,0.3359254474185931,0.3649381015722068,0.3752203758717972,0.4233315157175557,MR,True,[1. 1. 1.],"(54, 218, 182)",False,2
CT_AbdTumor_case_00156,8.478399991989136,1.3406147956848145,1.4100229740142822,1.452787160873413,1.4329628944396973,1.422896146774292,1.4191160202026367,3.5177526597044464,3.890759883979392,0.8982040785862,0.994186115943857,0.7695166545353714,0.8291514266856884,0.8654071339587008,0.8934903588628016,0.8951774142469997,0.8982040785862,0.8100182681619447,0.8970205523680945,0.9579675324625616,0.9955065902106848,0.9916824271501704,0.994186115943857,CT,True,[0.9765625 0.9765625 0.5      ],"(60, 512, 512)",True,2
CT_AirwayTree_ATM_191,17.652636289596558,0.0,3.409975051879883,3.553588628768921,3.4464879035949707,3.595622301101685,3.646962404251098,0.0,0.0,0.0,0.0,0.0,0.0,0.0,0.0,0.0,0.0,0.0,0.0,0.0,0.0,0.0,0.0,CT,False,[0.60546899 0.60546899 0.625     ],"(296, 512, 512)",False,1
CT_AbdomenAtlas_BDMAP_00004385,35.39015340805054,5.902812719345093,6.103778600692749,5.975998163223267,5.824065446853638,5.852731943130493,5.730766534805298,3.522635416271206,3.652040922856394,0.888191327609636,0.9183986323995554,0.7959876112438539,0.8610421757119269,0.8782040050770181,0.8832551796270216,0.8865594799063847,0.888191327609636,0.8047734101652502,0.8945113601187336,0.9128468004085842,0.9150660744365882,0.9176730517520774,0.9183986323995554,CT,False,[0.703125 0.703125 3.      ],"(129, 325, 494)",True,10
MR_BraTS-T1n_bratsgli_1022,2.4301962852478027,0.0,0.4888718128204345,0.4879200458526611,0.474139928817749,0.4977884292602539,0.4814760684967041,0.7199924379481628,0.33338028477477,0.2088194524662123,0.2138369762095259,0.0,0.1411749381268724,0.1557481881483586,0.1789801699716713,0.2102668845315904,0.2088194524662123,0.0,0.0,0.0,0.0,0.2264617966700071,0.2138369762095259,MR,True,[1. 1. 1.],"(47, 218, 182)",False,2
MR_ISLES2022_DWI_sub-strokecase0011,13.087628602981567,2.154099464416504,2.196901559829712,2.1362428665161133,2.175311088562012,2.225804567337036,2.1992690563201904,2.582769764047785,3.0893185914157963,0.6475679185269877,0.7786772306986146,0.6286289422517961,0.6421390724598568,0.647460004720445,0.644682529956843,0.645773733877075,0.6475679185269877,0.7627171229248267,0.7704131280249211,0.7722556918489998,0.7694130263623944,0.7731046938426344,0.7786772306986146,MR,False,[2. 2. 2.],"(28, 112, 112)",True,5
Microscopy_SELMA3D_patchvolume_vessel_006_3_0_1,111.08405184745789,18.062371730804443,18.400196075439453,18.336243391036987,18.726129055023197,19.11991858482361,18.4391930103302,2.478884000296489,3.6988039262971286,0.6332288188466751,0.9320968025290998,0.5581842554552217,0.5981830505414557,0.6096765443861798,0.623843117081392,0.6296584041348516,0.6332288188466751,0.8657600369740932,0.9114470281026558,0.921440370670868,0.9266466616800432,0.9289449786303394,0.9320968025290998,Mi,False,[1. 1. 1.],"(12, 250, 250)",True,41
CT_LungMasks_LUNG1-297,11.14449429512024,1.8551092147827148,1.780289888381958,1.8625023365020752,1.81385350227356,1.8944737911224363,1.9382655620574951,3.82640000385788,3.662826329292925,0.957379232376694,0.9182978156452768,0.9324558252993114,0.9546990584445196,0.9558963847323402,0.9571216050546446,0.9573428686602888,0.957379232376694,0.7851989527950408,0.9091391431611358,0.9141849067552,0.9170148383283316,0.9179081048061868,0.9182978156452768,CT,False,[0.9765625 0.9765625 3.       ],"(81, 512, 512)",True,2
CT_TotalSeg_cardiac_s1171,63.488508224487305,9.942035913467407,11.050785779953005,10.618729829788208,10.344491720199583,10.519010305404665,11.013454675674438,2.574421642108216,2.7448846613870765,0.6562302658678774,0.6984930643395089,0.5491546976057513,0.6147359339864331,0.6403241795337902,0.6460299499744071,0.652584412672863,0.6562302658678774,0.5871080749143611,0.6586281632670027,0.6803119817875802,0.6886007646251394,0.6974113011711008,0.6984930643395089,CT,False,[1.5 1.5 1.5],"(334, 333, 333)",True,18
CT_TotalSeg_organs_s0753,52.309948444366455,8.479666233062744,8.312055110931396,8.657955408096313,8.97274923324585,8.776353120803833,9.111169338226318,3.100750590806644,2.9047271467245728,0.7868632691825541,0.7420102619080188,0.7032914865047855,0.7459558625675387,0.7701876937723305,0.7810295687993304,0.7831237623599371,0.7868632691825541,0.6141430452794991,0.6829687555672853,0.7182051170396556,0.737182638243825,0.7368498827034399,0.7420102619080188,CT,False,[1.5 1.5 1.5],"(177, 218, 218)",True,18
CT_TotalSeg_cardiac_s0486,20.63533425331116,3.295544385910034,3.5226800441741943,3.4861879348754883,3.508988380432129,3.3848190307617188,3.4371144771575928,3.1264718384301746,2.9471160086583703,0.8032631761576811,0.7734033733783031,0.5675917340498711,0.7066931768106912,0.7713484422066721,0.8005917959614137,0.799553423777903,0.8032631761576811,0.5618865682621642,0.651889094407152,0.7275498161854131,0.7519759954634996,0.7549439631167297,0.7734033733783031,CT,False,[1.5 1.5 1.5],"(130, 249, 249)",True,7
MR_Spider_113_t2_vet,16.196147203445435,2.613828182220459,2.7032358646392822,2.7316548824310303,2.6814653873443604,2.7175259590148926,2.74843692779541,2.916246423860739,2.363097385534574,0.7502081888635974,0.5909435685113936,0.696866166370601,0.7155640009497434,0.7191005579183815,0.7263253131928235,0.737934457842864,0.7502081888635974,0.5767680030108081,0.585663079904086,0.58685203439763,0.5961203491627395,0.5918216777664645,0.5909435685113936,MR,False,[0.60837454 3.31483108 0.55948623],"(24, 461, 503)",True,6
CT_GTVpNCCT_segrap_0100,2.876228094100952,0.4622581005096435,0.4923062324523926,0.4792509078979492,0.4787516593933105,0.4800398349761963,0.4836213588714599,2.8766584066231724,3.5175036127495707,0.7208765292585859,0.8869194902448413,0.6620545073375262,0.6981018239198032,0.7188247352237787,0.7266028002947679,0.7217416945154315,0.7208765292585859,0.7702879988808252,0.8380760211510135,0.874461793645986,0.892147255996979,0.8883968074086789,0.8869194902448413,CT,True,[0.63183594 0.63183594 3.        ],"(20, 512, 512)",True,1
MR_BraTS-T2w_bratsgli_0951,2.5379726886749268,0.0,0.5183277130126953,0.4981086254119873,0.5468366146087646,0.48195481300354,0.4927449226379394,0.3186957567251126,0.0,0.1364864447123558,0.0,0.0,0.0352676689616411,0.0453097602224504,0.0728547994796085,0.114654140186055,0.1364864447123558,0.0,0.0,0.0,0.0,0.0,0.0,MR,True,[1. 1. 1.],"(66, 218, 182)",False,3
CT_TotalSeg_cardiac_s1023,44.761723279953,7.07123327255249,7.4979493618011475,7.284670114517212,7.501331090927124,7.440433025360107,7.966106414794922,3.4324234262244837,3.546157772573968,0.8688808980303978,0.895450532077377,0.7415999134627917,0.823642093675333,0.8565709331717688,0.8591821888486332,0.8704088083512157,0.8688808980303978,0.7668029539134392,0.8531552951493558,0.8813341847424521,0.8911363231556709,0.8993843510624783,0.895450532077377,CT,False,[1.5 1.5 1.5],"(262, 205, 335)",True,14
Microscopy_SELMA3D_patchvolume_vessel_011_1_0_1,108.0595326423645,17.362317323684692,17.96484684944153,18.176539182662964,17.66869044303894,18.434345722198486,18.45279312133789,2.6497397202080157,3.54208429783664,0.6854331110545432,0.9048796787254104,0.5382429068691008,0.6080195376205909,0.6509895952245387,0.6716776221823197,0.6803461784635899,0.6854331110545432,0.7761602710952656,0.842876595327299,0.8780685260153381,0.8904116468039616,0.8997259879909859,0.9048796787254104,Mi,False,[1. 1. 1.],"(12, 250, 250)",True,39
CT_totalseg-vertebrae_s1283,69.69358325004578,11.93392300605774,10.963975667953491,12.067076206207275,11.541662693023682,11.556906700134276,11.630038976669312,2.6251415031389875,2.5753875914537074,0.6645194029215917,0.6573885463159131,0.5142936747188865,0.6281474763938452,0.6593555864397673,0.6571841886054759,0.6622682884360261,0.6645194029215917,0.5347670616097665,0.6227935215261848,0.6417682234117916,0.6444378691377575,0.6490904649831093,0.6573885463159131,CT,False,[1.5 1.5 1.5],"(360, 283, 283)",True,21
CT_AbdomenAtlas_BDMAP_00006190,40.17066216468811,6.3459320068359375,6.770980596542358,6.563710689544678,6.867427587509155,6.644010782241821,6.97860050201416,2.1427993345051104,1.983625264894142,0.5680852818407947,0.5226204492715556,0.3711631435969425,0.469738003291866,0.5152019369155667,0.5482167374177034,0.56046901760551,0.5680852818407947,0.3424830799992348,0.4312590313482428,0.4805294982912572,0.509992618650553,0.5161634076424328,0.5226204492715556,CT,False,[0.97656298 0.97656298 1.24999821],"(431, 239, 481)",True,9
MR_Spider_11_t2_ivd,21.367115020751957,3.5215485095977783,3.50942325592041,3.561783790588379,3.641160726547241,3.5879170894622803,3.5452816486358643,3.035604541259138,3.50607475984873,0.7815923456677827,0.9020431982020314,0.6219612063539783,0.7195289547965581,0.7514603454367377,0.7607637474718588,0.7728197981183711,0.7815923456677827,0.7238395340105891,0.831528063353696,0.8678530410740085,0.8768873381258806,0.8945487498709774,0.9020431982020314,MR,False,[0.51091838 3.31244424 0.5859375 ],"(18, 589, 512)",True,8
MR_BraTS-T2f_bratsgli_0555,2.4978418350219727,0.0,0.5044896602630615,0.4749834537506103,0.4860405921936035,0.5128839015960693,0.5194442272186279,0.0599733072762623,0.0,0.0163433430773319,0.0,0.0,0.0154277699859747,0.0142326732673267,0.013740674284635,0.0161144031926472,0.0163433430773319,0.0,0.0,0.0,0.0,0.0,0.0,MR,True,[1. 1. 1.],"(46, 218, 182)",False,4
MR_BraTS-T2f_bratsgli_1125,2.526972770690918,0.0,0.493929386138916,0.5007638931274414,0.5138788223266602,0.5060703754425049,0.5123302936553955,2.1568762838584545,2.2569433541288118,0.6725625,0.7042639987066757,0.0,0.3950632811885858,0.4850314931456095,0.5107059920642176,0.6273259080543345,0.6725625,0.0,0.4405489824864587,0.5053857500216772,0.5266788716576487,0.6524722418529181,0.7042639987066757,MR,True,[1. 1. 1.],"(56, 218, 182)",False,1
MR_ISLES2022_DWI_sub-strokecase0076,32.87491464614868,5.3901872634887695,5.409143686294556,5.39885950088501,5.488591194152832,5.6416075229644775,5.546525478363037,2.642234692334709,3.186137183983542,0.6612398075020248,0.7920717894168533,0.652818903793188,0.6392594801089846,0.6611555761355522,0.6673067236026619,0.6635227487909903,0.6612398075020248,0.8035680316483088,0.7906852783944288,0.8052522282193219,0.7952302887558903,0.7942761331026894,0.7920717894168533,MR,False,[2. 2. 2.],"(23, 112, 112)",True,12
MR_BraTS-T1c_bratsgli_1194,2.5506434440612797,0.0,0.5173795223236084,0.5254182815551758,0.5136070251464844,0.490278959274292,0.5039596557617188,0.7323491460271525,0.3022189736205048,0.2159831869375438,0.2141924892949781,0.0,0.1485267339844396,0.1702901765906469,0.1794652117058213,0.2003387972696926,0.2159831869375438,0.0,0.0,0.0,0.0,0.1951227289730158,0.2141924892949781,MR,True,[1. 1. 1.],"(37, 218, 182)",False,2
CT_AbdTumor_pancreas_043,2.985271453857422,0.4918828010559082,0.4984393119812011,0.5286104679107666,0.4974160194396972,0.4887127876281738,0.4802100658416748,2.704531235481241,3.613914481240662,0.7027285782671134,0.9296655753443944,0.5371520588911893,0.628249209187182,0.6604965476715147,0.6829345088161209,0.6956112852664577,0.7027285782671134,0.7427830668031925,0.8491374185124517,0.8879400446279495,0.9131680597210688,0.9234048799632204,0.9296655753443944,CT,True,[0.74609399 0.74609399 5.        ],"(6, 512, 512)",True,1
CT_TotalSeg_muscles_s0455,34.02825689315796,5.863445997238159,5.6195361614227295,5.647049903869629,5.564310312271118,5.631902694702148,5.702011823654175,3.2885343254762045,3.3581064041221387,0.8485233599937548,0.869966705402058,0.6858085642458509,0.7657055143978405,0.8036247432453784,0.8315992707135416,0.8461958743214871,0.8485233599937548,0.6944589260066727,0.791491994901259,0.8142094005065601,0.8462492367560681,0.8669184167078523,0.869966705402058,CT,False,[1.5 1.5 1.5],"(207, 220, 220)",True,11
MR_BraTS-T2w_bratsgli_0347,2.545779228210449,0.0,0.5047173500061035,0.5488052368164062,0.5111064910888672,0.4932022094726562,0.487947940826416,0.5857569279637431,0.0712346492790607,0.2009644965494304,0.1424692985581215,0.0,0.0676059299758174,0.1302241255353068,0.1556051310652537,0.1656424581005586,0.2009644965494304,0.0,0.0,0.0,0.0,0.0,0.1424692985581215,MR,True,[1. 1. 1.],"(37, 218, 182)",False,2
MR_BraTS-T2f_bratsgli_0928,2.615830183029175,0.0,0.5142898559570312,0.5168757438659668,0.5328149795532227,0.5262038707733154,0.5256457328796387,0.0770798940162802,0.0,0.0228968253968253,0.0,0.0,0.0114234804989111,0.0171115065243179,0.0200361136190013,0.0227721209250927,0.0228968253968253,0.0,0.0,0.0,0.0,0.0,0.0,MR,True,[1. 1. 1.],"(73, 218, 182)",False,4
Microscopy_SELMA3D_patchvolume_vessel_020_2_0_1,188.1833248138428,30.92499685287476,30.968567848205566,30.890246391296387,30.90277671813965,31.7693030834198,32.727433919906616,2.4683691621198496,3.730478211846085,0.6280259488820132,0.9426321138986048,0.5213225463694252,0.5786568240558108,0.6063742887324557,0.6269598318387046,0.6316936550797774,0.6280259488820132,0.8568679261046738,0.9080854764060436,0.927141801454266,0.934953800019676,0.9430238152198194,0.9426321138986048,Mi,False,[1. 1. 1.],"(12, 250, 250)",True,70
CT_TotalSeg_cardiac_s0403,58.5867931842804,9.646581649780272,9.835205554962158,10.061430215835571,9.610180854797363,9.884757995605469,9.54863691329956,3.2277382594451947,3.397480186312927,0.826999634031541,0.8673199599589203,0.6654399991460137,0.7418149979310958,0.8004258916211866,0.8218973142670636,0.8210077375756257,0.826999634031541,0.7339530217644781,0.7880990157614132,0.84425828215248,0.8629419624989948,0.8625704538012856,0.8673199599589203,CT,False,[1.5 1.5 1.5],"(371, 267, 267)",True,18
MR_ProstateADC_ADC-ProstateX-0189,2.8082263469696045,0.4953725337982178,0.4736416339874267,0.4708278179168701,0.4430022239685058,0.4576685428619385,0.4677135944366455,3.634425074786165,3.513777952998212,0.9185587683550036,0.9139935530113336,0.8355892648774795,0.8824074646233702,0.8994448650012616,0.9143626916415422,0.920134401654174,0.9185587683550036,0.6467337858928608,0.7770751443829803,0.8416677177771474,0.9030812769201192,0.923494609603788,0.9139935530113336,MR,True,[2.         2.         3.00000072],"(17, 128, 84)",True,1
US_Cardiac_patient0199_2CH_half_sequence,11.53327465057373,1.942340612411499,1.9428179264068604,1.9384801387786863,1.9220857620239256,1.897961139678955,1.889589071273804,3.2583220501715258,3.2684963726024403,0.8374396665809191,0.8414687068372239,0.7620284632328241,0.7839063317957023,0.805916320170175,0.809252099568651,0.832480631244389,0.8374396665809191,0.7613486892470841,0.780955911340404,0.8097902938130757,0.8106430593612163,0.836850710339335,0.8414687068372239,US,False,[0.308 0.308 1.   ],"(20, 487, 591)",True,3
MR_BraTS-T2w_bratsgli_0900,2.5847392082214355,0.0,0.5206782817840576,0.5016453266143799,0.5323030948638916,0.5150384902954102,0.5150740146636963,0.4863841036627895,0.0,0.1611918153272833,0.0,0.0,0.1156790969680176,0.1200451284814602,0.1119120321703292,0.1159914868633494,0.1611918153272833,0.0,0.0,0.0,0.0,0.0,0.0,MR,True,[1. 1. 1.],"(63, 218, 182)",False,2
CT_TotalSeg_cardiac_s1231,24.3443386554718,3.874378681182861,4.066222190856934,4.040065050125122,4.126186370849609,4.111588954925537,4.125897407531738,3.6448902010495514,3.898671214279308,0.922816920097954,0.9899938912022056,0.7842500803762309,0.8827502274453801,0.9033473728113308,0.918738648443142,0.920020606023411,0.922816920097954,0.8158831145693114,0.9393125748619524,0.9618090319162632,0.9852459266408806,0.9869630226900856,0.9899938912022056,CT,False,[1.5 1.5 1.5],"(98, 177, 177)",True,9
CT_TotalSeg_muscles_s1135,86.32853484153748,13.578524589538574,14.901330471038818,14.29296898841858,13.957215547561646,14.63594126701355,14.962553977966309,3.18650463047542,2.8921416037076617,0.8078078289745997,0.7416247513025602,0.7020850710191332,0.7714126609020148,0.7914120320548675,0.8006807737794092,0.8048015797028363,0.8078078289745997,0.6042075843950315,0.6870440034881622,0.7121506077719937,0.7286308074698987,0.7370258110704082,0.7416247513025602,CT,False,[1.5 1.5 1.5],"(443, 299, 299)",True,22
MR_ProstateADC_ADC-ProstateX-0340,2.819310188293457,0.4818964004516601,0.4440536499023437,0.4264183044433594,0.488994836807251,0.5057632923126221,0.4721837043762207,3.669646192792174,3.7684375160637886,0.9217817561807332,0.945618714158755,0.8933931007600857,0.9042262085740348,0.9136623376623376,0.921264855687606,0.9217150170648464,0.9217817561807332,0.8966591303649968,0.9198195472276096,0.942392255725846,0.9471199747753009,0.9462061548694592,0.945618714158755,MR,True,[2. 2. 3.],"(17, 128, 84)",True,1
CT_TotalSeg_cardiac_s0290,15.346837043762209,2.653406143188477,2.4474081993103027,2.41153335571289,2.4608771800994877,2.7323782444000244,2.6412339210510254,2.870679066050529,2.759588965399696,0.7057364015612423,0.6829408650144735,0.653062142406723,0.7227795438871218,0.7297402953074333,0.7134311365765832,0.7132496614423307,0.7057364015612423,0.5932084554891679,0.6815306923083193,0.7005924508262257,0.6871534833993194,0.6896072525127545,0.6829408650144735,CT,False,[1.5 1.5 1.5],"(115, 285, 285)",True,5
CT_TotalSeg_muscles_s0411,25.324868202209476,4.071717262268066,4.319971799850464,4.354840040206909,4.214743375778198,4.130882501602173,4.232713222503662,2.710404268692734,2.56296175056489,0.6963917774275946,0.6655530404208458,0.4924916724283396,0.6246079577756617,0.6724857919551609,0.6840547481471316,0.6933638609888131,0.6963917774275946,0.4911512164039744,0.5846882273098813,0.6316625217911153,0.6481983894408222,0.6579802054675887,0.6655530404208458,CT,False,[1.5 1.5 1.5],"(154, 121, 121)",True,9
CT_TotalSeg_muscles_s0867,25.027589797973636,4.361652374267578,4.112034559249878,3.997857809066773,4.132550477981567,4.255500793457031,4.167993783950806,3.129915901652216,3.0520572565041286,0.810563106086363,0.7937861250349786,0.6278262437344395,0.7352562672376881,0.7676026874397802,0.7838823354737234,0.8055211920766869,0.810563106086363,0.6223822442230417,0.7068686412470481,0.7461550216207601,0.764074000930917,0.7915008508114382,0.7937861250349786,CT,False,[1.5        1.50000012 1.5       ],"(133, 160, 103)",True,9
MR_BraTS-T1c_bratsgli_0060,2.4645373821258545,0.0,0.517458438873291,0.485391616821289,0.4812932014465332,0.4979503154754638,0.4824438095092773,0.6222006984816832,0.0,0.173357111857533,0.0,0.0,0.1130748909089374,0.1510635287459321,0.1618775581426225,0.1660436102098933,0.173357111857533,0.0,0.0,0.0,0.0,0.0,0.0,MR,True,[1. 1. 1.],"(63, 218, 182)",False,3
MR_Spider_75_t1_ivd,15.94873309135437,2.6788737773895264,2.6581952571868896,2.6488490104675293,2.6340901851654053,2.6986935138702397,2.6300313472747803,3.317759760687235,3.792140373344708,0.8422561725476397,0.9622654157078664,0.7522142989235886,0.806661437859364,0.8231937763484428,0.8322094607636172,0.8378977183716735,0.8422561725476397,0.8555967454609165,0.924052326631114,0.9403471746605516,0.9522782002328892,0.9563561272817764,0.9622654157078664,MR,False,[0.60729235 3.30330455 0.625     ],"(14, 462, 448)",True,6
MR_BraTS-T2f_bratsgli_0256,2.4059934616088867,0.0,0.488558292388916,0.4723567962646484,0.4873039722442627,0.4842081069946289,0.4735662937164306,0.6019648872287617,0.0,0.192268542604447,0.0,0.0,0.1161086101993954,0.1305869853243086,0.1450520962335496,0.1721372292689821,0.192268542604447,0.0,0.0,0.0,0.0,0.0,0.0,MR,True,[1. 1. 1.],"(69, 218, 182)",False,3
CT_TotalSeg_organs_s0963,65.49826669692993,10.748020887374878,10.900505304336548,10.956741333007812,10.597320079803469,11.045838117599487,11.24984097480774,3.240150528280937,2.9711843615988816,0.8342179784174755,0.7774065369630355,0.7121078878900045,0.7532727120010113,0.7981118809202344,0.8181780712856621,0.8301152308657966,0.8342179784174755,0.621321181459237,0.6711861814941594,0.7245638141778356,0.751319604130425,0.7710045840620238,0.7774065369630355,CT,False,[1.5 1.5 1.5],"(362, 208, 208)",True,21
CT_TotalSeg_muscles_s0354,38.58759999275208,6.269216060638428,5.995208263397217,6.122945785522461,6.609913349151611,6.812865734100342,6.777450799942017,3.469461460771848,3.5650153328378518,0.8814693509747341,0.9088615548600676,0.7645042660490758,0.8351923328856247,0.8594804770456316,0.8738792201072704,0.8777709216887671,0.8814693509747341,0.7741461428007876,0.8496665633562382,0.8822394243152925,0.9006522450516399,0.9028596043627662,0.9088615548600676,CT,False,[1.5 1.5 1.5],"(238, 247, 247)",True,12
CT_AbdomenAtlas_BDMAP_00008211,36.45838379859924,5.803733825683594,6.165557861328125,6.038781404495239,6.10966157913208,6.091198682785034,6.249450445175171,3.5254041198025403,3.515932791355781,0.8971271354203754,0.9070220015476388,0.8302623763627729,0.8607083865127603,0.8652612249240615,0.8854999392130548,0.895725194698856,0.8971271354203754,0.8114154571934321,0.8513383908767832,0.8543326566505071,0.8795397928918192,0.9028801456012436,0.9070220015476388,CT,False,[0.9765625 0.9765625 3.       ],"(151, 335, 512)",True,10
MR_BraTS-T1n_bratsgli_0789,2.646425008773804,0.0,0.5428991317749023,0.5245158672332764,0.5198931694030762,0.5239577293395996,0.5351591110229492,1.104491886657037,0.9216291898496064,0.3244735306744752,0.2874648577922521,0.0,0.157107834674217,0.256867563687681,0.2995154139602021,0.307318226334808,0.3244735306744752,0.0,0.0,0.2357225251288885,0.2625191331668868,0.2796551026577048,0.2874648577922521,MR,True,[1. 1. 1.],"(84, 218, 182)",False,2
MR_BraTS-T1n_bratsgli_1296,2.6191766262054443,0.0,0.514854907989502,0.5275356769561768,0.5305297374725342,0.5174152851104736,0.5288410186767578,0.0002109288894196,0.0,0.0001197174667784,0.0,0.0,0.0,7.06713780918728e-05,0.0,8.039877793857533e-05,0.0001197174667784,0.0,0.0,0.0,0.0,0.0,0.0,MR,True,[1. 1. 1.],"(62, 218, 182)",False,4
MR_Spider_112_t1_ivd,17.087137937545776,2.826843738555908,2.7650017738342285,2.792280912399292,3.0094754695892334,2.878754138946533,2.814781904220581,3.3765993776912806,3.796430311617324,0.8569745361892345,0.9585459524192448,0.7493920257178704,0.8229665525047385,0.8360657892846838,0.8457053092835823,0.854857734776028,0.8569745361892345,0.8544367389694711,0.9376267108120596,0.9420922494795227,0.9495792842858282,0.9566724462363204,0.9585459524192448,MR,False,[0.62523884 3.29995467 0.625     ],"(15, 448, 448)",True,6
CT_TotalSeg_organs_s0300,64.04716563224792,9.65532612800598,10.675553798675535,11.145865201950071,11.055482149124146,11.11630892753601,10.398629426956177,3.4648148058968884,3.363174504433379,0.8848213769621907,0.8717556200110839,0.7888686947983516,0.8286989908841811,0.8575003980059543,0.8707214408013112,0.8798327831664366,0.8848213769621907,0.7244762869475508,0.7873894708292761,0.8237528638408665,0.8478450762150279,0.8620040189573046,0.8717556200110839,CT,False,[1.5 1.5 1.5],"(234, 325, 325)",True,20
PET_autoPET_psma_e21d5b67b48f750d_2014-10-13,2.9564828872680664,0.4859094619750976,0.4772341251373291,0.4684405326843261,0.4920215606689453,0.5290968418121338,0.5037803649902344,2.9832433574081434,1.3150290280394925,0.7544407363548283,0.3301065919798798,0.7145790554414785,0.7359964784857489,0.7450424929178471,0.7439834476750518,0.7489988093949561,0.7544407363548283,0.3480716228055677,0.3256510936682792,0.3294152290396451,0.3287775452815268,0.3289574108942409,0.3301065919798798,PE,True,[2.734375   2.734375   3.26999998],"(35, 256, 256)",True,1
MR_ProstateT2_T2-MSD-prostate_26,3.187870979309082,0.5936706066131592,0.5744214057922363,0.5297296047210693,0.5061185359954834,0.5183877944946289,0.4655430316925049,3.728687546429348,3.752635485864341,0.9322901685554852,0.9381614002785528,0.9307453350221838,0.9318666484767107,0.9316753211259908,0.9323748247726538,0.9325589920146052,0.9322901685554852,0.9478229279754584,0.938400637166505,0.9369702049718382,0.938429939084662,0.9389543230853123,0.9381614002785528,MR,True,[0.625      0.625      3.60000992],"(16, 320, 320)",True,1
CT_AbdomenAtlas_BDMAP_00000614,26.554812908172607,4.328047275543213,4.251262664794922,4.086084604263306,4.620990991592407,4.534958362579346,4.733469009399414,3.411049394215131,3.487051936228027,0.856835385489159,0.8791007137349043,0.7624261443447713,0.8453079458425223,0.8502773166419628,0.8540094238333387,0.8556909880739891,0.856835385489159,0.76269902116308,0.863416862101936,0.8685934433339031,0.8717849937498642,0.8754147112258394,0.8791007137349043,CT,False,[0.64453101 0.64453101 2.5       ],"(70, 362, 480)",True,8
MR_WMH_T1_Utrecht_10,76.01289582252502,12.32325792312622,12.84276294708252,12.442736148834229,12.689653158187866,12.767988443374634,12.946497201919556,1.3724882185226224,2.175162479571852,0.3441882465771297,0.5521811877874016,0.3244688549320705,0.3372326843660668,0.3379003419971284,0.3456691013167085,0.3482083097371872,0.3441882465771297,0.5070192121598522,0.5348834841620963,0.5334306961011434,0.5471517671810198,0.5510476803149397,0.5521811877874016,MR,False,[0.95833331 0.95833331 2.99999714],"(21, 240, 240)",True,28
MR_BraTS-T1c_bratsgli_1033,2.463651657104492,0.0,0.4799270629882812,0.484257698059082,0.4822521209716797,0.4939308166503906,0.5232839584350586,0.3923481334130325,0.0,0.113004795193252,0.0,0.0,0.0663818150743462,0.0842973724329656,0.0951307979775775,0.1232266578686902,0.113004795193252,0.0,0.0,0.0,0.0,0.0,0.0,MR,True,[1. 1. 1.],"(50, 218, 182)",False,2
MR_BraTS-T2f_bratsgli_1071,2.5117440223693848,0.0,0.521815299987793,0.4972248077392578,0.5272858142852783,0.5012869834899902,0.4641311168670654,0.447314796603727,0.0,0.0954605463592972,0.0,0.0,0.099584907071538,0.1185170956588551,0.1187105667780075,0.1125644074514466,0.0954605463592972,0.0,0.0,0.0,0.0,0.0,0.0,MR,True,[1. 1. 1.],"(32, 218, 182)",False,2
MR_BraTS-T2f_bratsgli_0585,2.6165037155151367,0.0,0.5322272777557373,0.522376537322998,0.5445752143859863,0.5213842391967773,0.4959404468536377,0.0784813069712645,0.0,0.0511025056142026,0.0,0.0,0.0381620538123506,0.0239616336847937,0.0098873935731941,0.0,0.0511025056142026,0.0,0.0,0.0,0.0,0.0,0.0,MR,True,[1. 1. 1.],"(67, 218, 182)",False,3
MR_BraTS-T2f_bratsgli_0974,2.704218626022339,0.0,0.546607494354248,0.5459589958190918,0.514073371887207,0.5647315979003906,0.5328471660614014,0.270977924820082,0.0,0.1150511234732883,0.0,0.0,0.0272288696884624,0.0415714626743511,0.0641750852921498,0.0940913802727055,0.1150511234732883,0.0,0.0,0.0,0.0,0.0,0.0,MR,True,[1. 1. 1.],"(80, 218, 182)",False,3
CT_totalseg-vertebrae_s0077,33.19696879386902,5.357830286026001,5.850387811660767,5.393184185028076,5.529647588729858,5.160515069961548,5.9054038524627686,3.079467810951874,3.048887248705628,0.7846308018077006,0.7693138443570575,0.7152081140184272,0.753938172277318,0.7669266862509851,0.7668942654408665,0.776362372217513,0.7846308018077006,0.7237971598059294,0.7549344444719845,0.7592569479260838,0.7636632745794814,0.7638428817855424,0.7693138443570575,CT,False,[1.5 1.5 1.5],"(224, 255, 255)",True,11
MR_WMH_FLAIR_Singapore_85,30.013838529586792,4.4639201164245605,4.946397304534912,5.222543954849243,5.352399587631226,4.972016334533691,5.056561231613159,0.7778912035878907,0.5207169165711363,0.2326573737622747,0.3674990886893461,0.1371523948769689,0.1675730265730774,0.1780190892226768,0.1921537648457003,0.2076031493518374,0.2326573737622747,0.0,0.0,0.0,0.0,0.3369673722264632,0.3674990886893461,MR,False,[1.         1.         2.99999928],"(23, 256, 232)",True,11
MR_BraTS-T2f_bratsgli_0121,2.562950611114502,0.0,0.4743125438690185,0.5637106895446777,0.4957749843597412,0.5092236995697021,0.5199286937713623,0.0193577236210161,0.0,0.0017788786309389,0.0,0.0,0.0136828611045705,0.0084806766545192,0.0017466372214414,0.0013995398773006,0.0017788786309389,0.0,0.0,0.0,0.0,0.0,0.0,MR,True,[1. 1. 1.],"(81, 218, 182)",False,4
MR_Spider_186_t1_vet,74.20985841751099,12.355409622192385,12.677536487579346,12.255362510681152,11.826084852218628,12.214994192123411,12.880470752716064,2.47143819838581,2.9315900846445917,0.6560801143816842,0.7085365329196344,0.5073565254736415,0.557559023553717,0.6006281401635184,0.6250706480661886,0.6389198411884022,0.6560801143816842,0.7784446176216854,0.7596676106337888,0.7463263103677864,0.7282856207401007,0.7228760817599927,0.7085365329196344,MR,False,[0.08326023 3.35763193 0.625     ],"(28, 3473, 448)",True,7
MR_ProstateADC_ADC-ProstateX-0231,2.8932154178619385,0.5024855136871338,0.4804821014404297,0.4620544910430908,0.4805684089660644,0.4813814163208008,0.4862434864044189,3.526397793221472,3.470660168478034,0.8833233353329334,0.8703603523469025,0.867609059127527,0.877754301237549,0.8802530501581564,0.8824500825701846,0.8831558422078896,0.8833233353329334,0.8443072156866674,0.8630015409965777,0.8659932592441514,0.8680152919606127,0.8699706706015299,0.8703603523469025,MR,True,[2. 2. 4.],"(10, 106, 128)",True,1
MR_Spider_9_t1_vet,19.916934490203857,3.278414487838745,3.199860095977783,3.367797374725342,3.304567337036133,3.341144800186157,3.4251503944396973,2.750301930612176,2.422782507133109,0.7055897973836325,0.6177583484230768,0.6450055753477951,0.6737664714363062,0.6778086469507741,0.6824682339957541,0.7003469152556787,0.7055897973836325,0.6097611565445291,0.598337567456322,0.5989755167350098,0.6020456391170932,0.6137133933413071,0.6177583484230768,MR,False,[0.5667317  4.83518045 0.8125    ],"(16, 464, 320)",True,7
MR_BraTS-T1c_bratsgli_1308,2.684210062026977,0.0,0.5373108386993408,0.5589430332183838,0.5487627983093262,0.5099377632141113,0.5292556285858154,0.0788810647773021,0.0,0.0166411554613603,0.0,0.0,0.0220170168151941,0.0224013070047284,0.0195239089580288,0.0176267626762676,0.0166411554613603,0.0,0.0,0.0,0.0,0.0,0.0,MR,True,[1. 1. 1.],"(40, 218, 182)",False,3
US_Cardiac_patient0248_2CH_half_sequence,10.842215538024902,1.9486217498779297,1.7979249954223633,1.855032205581665,1.748685598373413,1.6871557235717771,1.804795265197754,3.365451658269916,3.465223737661229,0.8608032624436112,0.885108026959149,0.8113560516305031,0.8384110619196933,0.8311611314690482,0.8315716324871429,0.8531117321320725,0.8608032624436112,0.8380248507446405,0.8668477809927856,0.8567675072200073,0.8572567577707412,0.875221568694513,0.885108026959149,US,False,[0.308 0.308 1.   ],"(17, 487, 590)",True,3
CT_TotalSeg_organs_s0438,57.36525368690491,9.65278959274292,10.456180572509766,9.644491910934448,9.15806269645691,8.99587607383728,9.457852840423584,3.259920716184242,3.0719622274646534,0.8258578255693699,0.7825571362046674,0.7425315732574349,0.7891976366744522,0.808645882447034,0.8224908704120304,0.8212562322032664,0.8258578255693699,0.6567635522865366,0.7318254286047391,0.7601156694470619,0.778662936396163,0.7759923392167254,0.7825571362046674,CT,False,[1.5 1.5 1.5],"(202, 255, 255)",True,19
MR_BraTS-T2w_bratsgli_1252,2.473893165588379,0.0,0.4774873256683349,0.536346435546875,0.5256030559539795,0.4555683135986328,0.4788880348205566,0.106911270929837,0.0,0.0363941601462961,0.0,0.0,0.0208993033565547,0.0217765911113635,0.0249722167745309,0.031515731292517,0.0363941601462961,0.0,0.0,0.0,0.0,0.0,0.0,MR,True,[1. 1. 1.],"(26, 218, 182)",False,3
MR_BraTS-T2w_bratsgli_0740,2.508734703063965,0.0,0.5527851581573486,0.5006341934204102,0.4724414348602295,0.4837367534637451,0.4991371631622314,0.9177621464025532,0.8260355071677218,0.2806794992002647,0.2830226811559676,0.0,0.1335917854149203,0.2060693162345918,0.2492416871744978,0.255315500685871,0.2806794992002647,0.0,0.0,0.1946792742539613,0.2382223067881663,0.2516225855476103,0.2830226811559676,MR,True,[1. 1. 1.],"(37, 218, 182)",False,2
MR_ProstateT2_T2-ProstateX-0105,3.4732232093811035,0.574317455291748,0.5798125267028809,0.5981457233428955,0.5765564441680908,0.5741429328918457,0.5702481269836426,3.619353741915334,3.7687881214227215,0.9069050729989206,0.9469823399723402,0.9150949791872872,0.904702803526216,0.901876920225544,0.905412226385048,0.9062606570421736,0.9069050729989206,0.966023123483708,0.9393989575616628,0.9364319686806996,0.9441994735232236,0.9449660304517972,0.9469823399723402,MR,True,[0.5        0.5        2.99999928],"(17, 384, 384)",True,1
CT_totalseg-vertebrae_s0739,69.12077522277832,11.158563375473022,11.501341342926024,11.476072072982788,12.272559881210327,11.562679290771484,11.149559259414673,3.249209821536605,3.3661172346699324,0.81357353942264,0.8450810397304203,0.7693626047533771,0.7979835328570928,0.8110310893211589,0.8143839560425848,0.8180162400329953,0.81357353942264,0.8091148499412675,0.8297922928841646,0.8391500624182973,0.8431929827079553,0.8463375232363876,0.8450810397304203,CT,False,[1.5 1.5 1.5],"(414, 263, 263)",True,21
MR_ProstateADC_ADC-MSD-prostate_06,2.976243257522583,0.48055100440979,0.4841370582580566,0.5039505958557129,0.4967465400695801,0.5056130886077881,0.5052449703216553,3.3872148144972885,3.806570802551724,0.8474641625839231,0.9522134928844372,0.843675509419454,0.844249636627907,0.8466729423506595,0.8473053892215568,0.8473795833191566,0.8474641625839231,0.9457962763273888,0.9492217358759504,0.9516756308299944,0.9520413296164472,0.9521362277250884,0.9522134928844372,MR,True,[0.625     0.625     3.5999999],"(16, 320, 320)",True,1
MR_BraTS-T1n_bratsgli_0187,2.6929335594177246,0.0,0.53662109375,0.5605819225311279,0.5274531841278076,0.5212945938110352,0.5469827651977539,0.381538559832282,0.0,0.1208371177717226,0.0,0.0,0.0517576265376851,0.0821302200061386,0.0931185983467542,0.1199923693246852,0.1208371177717226,0.0,0.0,0.0,0.0,0.0,0.0,MR,True,[1. 1. 1.],"(86, 218, 182)",False,3
CT_AbdTumor_hepaticvessel_053,2.9322385787963867,0.4799723625183105,0.5521774291992188,0.5039172172546387,0.4807779788970947,0.4612936973571777,0.4540998935699463,3.1905558306586697,3.82157225807118,0.8335847159376572,0.9752247398448126,0.6813552276034088,0.775096525096525,0.7875953728771844,0.7959882583170255,0.8026315789473685,0.8335847159376572,0.8475477206424574,0.9374047030308356,0.9477080483315012,0.9548240292246408,0.9627254590772142,0.9752247398448126,CT,True,[0.84960902 0.84960902 5.        ],"(6, 512, 512)",True,1
CT_GTVpNCCT_segrap_0067,2.913975477218628,0.4397518634796142,0.4676868915557861,0.4660377502441406,0.515242338180542,0.5174777507781982,0.5077788829803467,2.821988380838487,3.534030358455717,0.7096842327595311,0.9069136417503436,0.6365623081645181,0.6988338372308261,0.7063657626904356,0.7053981754578503,0.7059654076950229,0.7096842327595311,0.7568923051015506,0.8552604450167691,0.8684642327382514,0.8859725281435992,0.8985065541903103,0.9069136417503436,CT,True,[0.53515625 0.53515625 3.        ],"(17, 512, 512)",True,1
CT_LNQ_LymphNode-0985,8.566458463668823,1.3719401359558103,1.425644874572754,1.4145543575286863,1.415844440460205,1.4749135971069336,1.4635610580444336,2.883883168551609,3.727083453109152,0.7394994081164864,0.9510100835834724,0.6525527140013803,0.6828275069910218,0.718207072316821,0.7254012561944815,0.7291113824865523,0.7394994081164864,0.8574672871527266,0.8958552482677923,0.9337501202696296,0.9318218548510884,0.9380788120628007,0.9510100835834724,CT,True,[0.67968798 0.67968798 3.75      ],"(8, 512, 512)",True,3
MR_BraTS-T1c_bratsgli_0582,2.561300754547119,0.0,0.5176424980163574,0.5238232612609863,0.5168418884277344,0.5038282871246338,0.4991648197174072,0.0096753340280246,0.0,0.005524861878453,0.0,0.0,0.0063273261397661,0.0,0.003749240018915,0.0,0.005524861878453,0.0,0.0,0.0,0.0,0.0,0.0,MR,True,[1. 1. 1.],"(55, 218, 182)",False,4
US_Cardiac_patient0246_2CH_half_sequence,11.683847427368164,1.898243188858032,1.9223735332489011,1.9168522357940676,1.9646179676055908,1.9220988750457764,2.059661626815796,3.4058622142128048,3.456036050739564,0.8549717084351367,0.8696657281144257,0.8244147966271654,0.8447577783139769,0.8499337449319276,0.8516025873140401,0.8544611385922797,0.8549717084351367,0.8321571783969618,0.8528328694131272,0.8610908297775381,0.8650681094254976,0.8686278127727515,0.8696657281144257,US,False,[0.308 0.308 1.   ],"(20, 519, 630)",True,3
PET_autoPET_fdg_510fb36781_02-06-2003-NA-PET-CT Ganzkoerper  primaer mit KM-07563,6.390740633010864,1.022369623184204,1.1483261585235596,1.1131248474121094,0.9825060367584229,1.0933074951171875,1.0311064720153809,1.2863588482889003,0.9193962876139844,0.3266300178982357,0.234648845751723,0.3073184265165471,0.3156402888871631,0.3187779144281183,0.3219799479368025,0.3244658325312801,0.3266300178982357,0.223537366651005,0.2235349593069859,0.2269506557114456,0.2305764999856191,0.2327772293875653,0.234648845751723,PE,True,[2.03642011 2.03642011 3.        ],"(75, 400, 400)",True,2
MR_BraTS-T2w_bratsgli_0730,2.6092288494110107,0.0,0.5145711898803711,0.5288851261138916,0.5121951103210449,0.5139205455780029,0.5396568775177002,0.030920374509606,0.0,0.0075556136756607,0.0,0.0,0.0058082299665288,0.0088555503464082,0.0071454090746695,0.0082374932674333,0.0075556136756607,0.0,0.0,0.0,0.0,0.0,0.0,MR,True,[1. 1. 1.],"(67, 218, 182)",False,3
CT_GTVpEnhance_segrap_0072,3.5859158039093018,0.6160805225372314,0.6210527420043945,0.5984134674072266,0.5552582740783691,0.5679543018341064,0.6271564960479736,3.078989167668773,3.3166306979137308,0.7720797720797721,0.850251728296094,0.6583204350267783,0.7194673587295702,0.7747735568473706,0.7791202799908545,0.7793217654258766,0.7720797720797721,0.6553378515441629,0.7481698405997327,0.824776402809739,0.8404505279779519,0.8521929826781268,0.850251728296094,CT,True,[0.50097656 0.50097656 3.        ],"(23, 512, 512)",True,1
CT_TotalSeg_organs_s0735,50.88830852508545,8.291745662689209,8.765461683273315,8.73477816581726,8.703220129013062,8.41954779624939,7.973555088043213,3.4165029617605764,3.254063720081372,0.8692024997371555,0.837820009639497,0.7940832606936342,0.8276567398233641,0.8421998025445211,0.8596543810791026,0.8662191583566929,0.8692024997371555,0.7219563898612184,0.7732785429541793,0.7941048553718355,0.8218554520441138,0.8325541363685848,0.837820009639497,CT,False,[1.5 1.5 1.5],"(213, 136, 229)",True,18
MR_AMOSMR_amos_0559,39.35628080368042,6.322287082672119,6.494267463684082,6.549110651016235,6.9334001541137695,6.478953838348389,6.578261613845825,3.0030420799225466,2.876605842684434,0.7840345031003986,0.7580942972928386,0.648701563165306,0.7002233844510606,0.7252228698644357,0.7619238552160342,0.7737664110663472,0.7840345031003986,0.6141749873737129,0.6641533474251692,0.6899360901950655,0.7304359830826446,0.7451099470477198,0.7580942972928386,MR,False,[1.1875 3.     1.1875],"(269, 60, 320)",True,13
MR_BraTS-T2f_bratsgli_0140,2.813955068588257,0.0,0.5439608097076416,0.61456298828125,0.5893938541412354,0.5380594730377197,0.5279779434204102,0.1738448368493924,0.0,0.1412357109500314,0.0,0.0,0.0324034334763948,0.0298609926568912,0.0286365555874413,0.0285277163918465,0.1412357109500314,0.0,0.0,0.0,0.0,0.0,0.0,MR,True,[1. 1. 1.],"(96, 218, 182)",False,3
MR_crossmoda_crossmoda2023_etz_48_ceT1,10.86213493347168,1.9325096607208248,1.782356023788452,1.7245914936065674,1.7743189334869385,1.8486440181732176,1.7997148036956787,2.5576376694249925,3.7881698110871658,0.6478534178699996,0.9559447054051708,0.5600336366837855,0.5966485785758389,0.6322747448277575,0.6482349929511103,0.6548769334232056,0.6478534178699996,0.850015052422106,0.9084349937115728,0.9467536650773372,0.9533859142410106,0.955840382210446,0.9559447054051708,MR,False,[0.8203125  0.8203125  1.49999964],"(13, 256, 256)",True,4
CT_AbdTumor_case_00521,11.024807453155518,1.829660177230835,1.8706014156341555,1.7936503887176514,1.8185741901397705,1.9004700183868408,1.8118512630462649,1.2739401094889309,1.7875589990338845,0.3285883020431838,0.4551230250960927,0.3080675152507552,0.3194274979650326,0.3106678519573426,0.3156677519040369,0.3235966056234429,0.3285883020431838,0.4294253138681351,0.4598473907595279,0.4371281573886847,0.4417352346051477,0.4512103991122415,0.4551230250960927,CT,False,[0.69335938 0.69335938 5.        ],"(8, 512, 512)",True,4
MR_Spider_214_t2_spi,3.563417911529541,0.6233627796173096,0.5573673248291016,0.5919203758239746,0.589871883392334,0.6097385883331299,0.5911569595336914,2.6155771521457694,3.082393411279792,0.6725466886528358,0.7915557464293371,0.6220518376531378,0.6611178826397354,0.6451467607536971,0.6368299754665081,0.6667681302792786,0.6725466886528358,0.7752843002291351,0.8396143239746567,0.752562335699547,0.7334114487804907,0.7808345915977579,0.7915557464293371,MR,True,[0.90815557 4.20644261 0.9375    ],"(6, 331, 320)",True,1
MR_ISLES2022_DWI_sub-strokecase0211,19.73904800415039,3.4617953300476074,3.209988832473755,3.3067498207092285,3.2312891483306885,3.3624656200408936,3.1667592525482178,1.8667931444559225,2.207910387458025,0.5138858789567481,0.6442861716924211,0.3741122622830145,0.4302112503529846,0.4384331229306274,0.4492928893087384,0.50701856756169,0.5138858789567481,0.4467342063687226,0.4823392447768239,0.5005281815956601,0.5158333050702354,0.6282361925575067,0.6442861716924211,MR,False,[2. 2. 2.],"(41, 112, 112)",True,7
MR_ProstateT2_T2-ProstateX-0206_5,3.1034951210021973,0.5081310272216797,0.5425565242767334,0.5165050029754639,0.5130012035369873,0.5084364414215088,0.5148649215698242,3.7690934732062,3.91898117471944,0.9423552521869392,0.9802017177577004,0.9424080127982194,0.9420803115387872,0.9422176391233412,0.94230945870516,0.942348593514835,0.9423552521869392,0.9834473382671808,0.9788150387536686,0.9793318657038982,0.9798771289868748,0.980263801772982,0.9802017177577004,MR,True,[0.5 0.5 3. ],"(13, 384, 384)",True,1
CT_AbdTumor_pancreas_167,3.284464836120605,0.5163364410400391,0.567655086517334,0.5635950565338135,0.5749597549438477,0.52333664894104,0.5385818481445312,3.4178998807285974,3.650319124693837,0.8994997150275473,0.9756641194432116,0.6944561403508772,0.7795279766640149,0.8265852675228935,0.8711589644326155,0.8806418029273072,0.8994997150275473,0.7184556830829094,0.8067682390174193,0.8664017712978088,0.9369059819030204,0.9557951922626928,0.9756641194432116,CT,True,[0.75976598 0.75976598 2.5       ],"(12, 512, 512)",True,1
MR_totalseg_mr_s0001,107.8521888256073,17.91313338279724,17.551358699798584,18.642876625061035,18.00956916809082,18.70169758796692,17.0335533618927,2.839888291052488,2.942459424174547,0.720694096013906,0.7494661154325419,0.6543504049529428,0.6840793558548809,0.7081606187164965,0.7122308736436047,0.7171100727579938,0.720694096013906,0.6836817802769602,0.7167910817166877,0.7313273946163801,0.7350847220962573,0.742918708887295,0.7494661154325419,MR,False,[0.74220002 0.74220002 4.40000916],"(76, 512, 512)",True,31
CT_TotalSeg_muscles_s0748,8.497122764587402,1.3492729663848877,1.5113844871520996,1.4092154502868652,1.4075753688812256,1.4098691940307615,1.4098052978515625,3.541308573777634,3.5506752627082427,0.8886043189999419,0.8942067266754045,0.801865716400902,0.8745714419499034,0.8842971003694801,0.8871448458439742,0.8882787470892572,0.8886043189999419,0.7463750531848558,0.8744675037166346,0.8852502969789929,0.8884047299809996,0.8926831205522302,0.8942067266754045,CT,True,[1.5 1.5 1.5],"(87, 140, 140)",True,3
MR_BraTS-T2w_bratsgli_0709,2.661034345626831,0.0,0.5468494892120361,0.5145041942596436,0.525531530380249,0.5238983631134033,0.550250768661499,0.1243283410316886,0.0,0.0395472582972582,0.0,0.0,0.020828152200945,0.0292495150339476,0.031579970201464,0.0333111505471753,0.0395472582972582,0.0,0.0,0.0,0.0,0.0,0.0,MR,True,[1. 1. 1.],"(63, 218, 182)",False,4
US_Cardiac_patient0275_4CH_half_sequence,10.85742688179016,1.779426336288452,1.8078131675720213,1.805949687957764,1.7946364879608154,1.805633306503296,1.8639678955078125,3.276888954462517,3.367963450820464,0.8338043187608708,0.8633714411211537,0.7728093319909842,0.8042103937194831,0.8217668828348718,0.8170953836360021,0.8190193317514662,0.8338043187608708,0.8060504497411283,0.8284575427118269,0.8378748405708162,0.8410419578945553,0.8431321604386021,0.8633714411211537,US,False,[0.308 0.308 1.   ],"(17, 422, 512)",True,3
MR_BraTS-T2f_bratsgli_1202,2.7955760955810547,0.0,0.5818979740142822,0.560967206954956,0.5297729969024658,0.5564191341400146,0.5665187835693359,0.0005839422900926,0.0,0.0003788452795878,0.0,0.0,0.000191310669396,0.0,0.0002988643156007,0.0,0.0003788452795878,0.0,0.0,0.0,0.0,0.0,0.0,MR,True,[1. 1. 1.],"(90, 218, 182)",False,4
CT_TotalSeg_cardiac_s1137,18.798341035842896,3.0279171466827397,3.053882598876953,3.141724109649658,3.028777837753296,3.28979229927063,3.256247043609619,2.786094016870071,3.023931833848134,0.7290121063329633,0.7834493182220373,0.5699998615048602,0.6174605865610351,0.6793810977910747,0.709610976354705,0.7238655962772921,0.7290121063329633,0.6764291859480923,0.6983642571552368,0.7376760891602046,0.7648673386849699,0.7804816183143223,0.7834493182220373,CT,False,[1.49999988 1.5        1.5       ],"(154, 145, 245)",True,6
MR_ProstateADC_ADC-ProstateX-0148,2.987696886062622,0.5085680484771729,0.5130527019500732,0.4978344440460205,0.4801278114318847,0.4830174446105957,0.505096435546875,3.556295333347685,3.4993338475265023,0.8917405031062227,0.8803844967982456,0.8646517739816032,0.8863983698420784,0.8865937212393905,0.8895692998571137,0.8910628757770305,0.8917405031062227,0.8022794519309923,0.8659061586644771,0.8705878609511355,0.8761026542604606,0.8794980045835448,0.8803844967982456,MR,True,[2.         2.         2.99999714],"(14, 128, 84)",True,1
CT_AbdTumor_case_00461,3.9459731578826895,0.6477358341217041,0.6690418720245361,0.6681108474731445,0.6647787094116211,0.6651790142059326,0.631126880645752,3.666032394904276,3.604845843968425,0.9170867298441686,0.9015417415494228,0.9058936558369826,0.9154778140988172,0.9165037336315428,0.9166019960656212,0.9166443932356192,0.9170867298441686,0.8896604752340211,0.9001964689949127,0.9006724487189052,0.9014870057566154,0.901817284220736,0.9015417415494228,CT,True,[0.859375 0.859375 5.      ],"(24, 512, 512)",True,1
PET_autoPET_fdg_ebb0045704_09-27-2002-NA-Unspecified CT-08213,3.3172316551208496,0.5283365249633789,0.6008977890014648,0.5395245552062988,0.5429942607879639,0.5688929557800293,0.5365855693817139,3.544244256190642,2.6728345143682986,0.9192516302029374,0.7295831845773555,0.7060717159974962,0.8296162239846703,0.84548620708718,0.9039776443308164,0.9203464776788418,0.9192516302029374,0.3510171893427725,0.5399398778373992,0.6136379607771785,0.6871848906194821,0.7372501317642607,0.7295831845773555,PE,True,[2.03642011 2.03642011 3.        ],"(38, 400, 400)",True,1
MR_BraTS-T2f_bratsgli_0568,2.4931976795196533,0.0,0.4911577701568603,0.5184290409088135,0.4863471984863281,0.4919819831848144,0.5052816867828369,0.0056742417055141,0.0,0.0021474804911983,0.0,0.0,0.0010652148183216,0.0009990706319702,0.0012915129151291,0.0017773105036547,0.0021474804911983,0.0,0.0,0.0,0.0,0.0,0.0,MR,True,[1. 1. 1.],"(50, 218, 182)",False,4
CT_TotalSeg_cardiac_s0925,25.82633328437805,4.23431658744812,4.539355754852295,4.136156797409058,4.297370910644531,4.382838487625122,4.236294746398926,3.508052752684788,3.73443488179316,0.892684164463482,0.9540646446174972,0.7794031091566701,0.8517101249339851,0.8688118154262354,0.8805681175585859,0.8864756750012331,0.892684164463482,0.8210104079186669,0.9077842509302082,0.9224620418243982,0.9342177801992552,0.9468306119956535,0.9540646446174972,CT,False,[1.5 1.5 1.5],"(91, 145, 145)",True,9
CT_AbdTumor_pancreas_071,3.095802068710327,0.4966492652893066,0.503913164138794,0.4943544864654541,0.5350618362426758,0.5316579341888428,0.5341653823852539,3.6955737014916346,3.9648717161822766,0.9271420011983224,0.990608591827032,0.908171828951734,0.9209771535950944,0.9221895185982656,0.924328076961222,0.9249965285354388,0.9271420011983224,0.9875939484721976,0.9908748734389182,0.991716447823308,0.9909030393671768,0.9915104963588164,0.990608591827032,CT,True,[0.78125 0.78125 5.     ],"(11, 512, 512)",True,1
CT_AbdTumor_hepaticvessel_432,2.794304609298706,0.4726498126983642,0.4475190639495849,0.4552381038665771,0.4645237922668457,0.4652261734008789,0.4891476631164551,3.357438433796573,3.919360611446162,0.8416075650118203,0.9841492986041062,0.8349928876244666,0.8291139240506329,0.8388625592417062,0.8416075650118203,0.8416075650118203,0.8416075650118203,0.9835488645460658,0.9632346277265836,0.9773700510726044,0.9841492986041062,0.9841492986041062,0.9841492986041062,CT,True,[0.97656202 0.97656202 1.5       ],"(6, 512, 512)",True,1
CT_TotalSeg_organs_s0977,39.0291633605957,5.974400758743286,6.065515041351318,6.6167473793029785,6.362393617630005,7.14755392074585,6.862552642822266,3.4553783860768164,3.064124921188308,0.8799090315300406,0.797614716154681,0.7829601334773061,0.8397597160066124,0.858564171257006,0.8636767608653303,0.8733030801861534,0.8799090315300406,0.6346323432412284,0.7232461589169212,0.7530702287111318,0.7650881043201128,0.7855361506212625,0.797614716154681,CT,False,[1.5 1.5 1.5],"(184, 270, 270)",True,13
MR_BraTS-T2f_bratsgli_0920,2.6176581382751465,0.0,0.4931576251983642,0.4858779907226562,0.5293819904327393,0.5573563575744629,0.5518841743469238,1.380190856883617,1.1573285349564906,0.3811556480999479,0.3337110516957778,0.0,0.2112484427250672,0.3368540462649272,0.3675103109257766,0.3796244542804055,0.3811556480999479,0.0,0.1490240000290113,0.2757042448213607,0.3095298237774233,0.330726940495312,0.3337110516957778,MR,True,[1. 1. 1.],"(57, 218, 182)",False,2
MR_Spider_166_t1_spi,6.198132038116455,1.0868008136749268,1.065122127532959,1.0678207874298096,1.0608723163604736,1.0219106674194336,0.8956053256988525,2.15619842308884,2.634150137647576,0.5909467163943117,0.6996014915689867,0.4170350114313892,0.4641890977952116,0.5232685551086196,0.5325433691867454,0.5728185916987137,0.5909467163943117,0.5576027082684785,0.6324134199626031,0.6292896057845788,0.6500372880870701,0.6888157880101323,0.6996014915689867,MR,True,[3.29999998 0.5859375  0.5859375 ],"(107, 17, 512)",True,1
PET_autoPET_fdg_147a9fcff3_08-16-2001-NA-PET-CT Ganzkoerper  primaer mit KM-80653,11.68100881576538,1.936363935470581,1.8512492179870603,1.8865578174591064,1.9997148513793943,1.9799034595489504,2.027219533920288,2.1791060646763225,1.5538967756820532,0.6948876512118706,0.5559734303258962,0.5179558546061481,0.5203881591209499,0.520328002434165,0.5202804433096165,0.5308597137661307,0.6948876512118706,0.3537000791721727,0.3562332783226138,0.3560878656587188,0.3558797373175807,0.3858258183814988,0.5559734303258962,PE,False,[2.03642011 2.03642011 3.        ],"(149, 400, 400)",True,3
CT_LNQ_LymphNode-0895,3.044750213623047,0.4829387664794922,0.488133430480957,0.532588005065918,0.5250680446624756,0.5107033252716064,0.5053186416625977,3.2894402966360947,3.972573813641601,0.8378466557911909,0.9994805130247182,0.7131441168365941,0.7799577422275883,0.8156565656565656,0.8315481986368062,0.8333333333333334,0.8378466557911909,0.9013403679753246,0.9650968560112948,0.9937877209527184,0.997791377806711,0.9987060303641654,0.9994805130247182,CT,True,[0.78125 0.78125 2.5    ],"(11, 512, 512)",True,1
CT_LungMasks_LUNG1-299,10.517166137695312,1.732435941696167,1.7934105396270752,1.5206115245819092,1.8665518760681152,1.824986457824707,1.7791697978973389,3.822573720673373,3.6176556700030926,0.9541760761432564,0.9002387074707827,0.9453130706592509,0.9560330013804224,0.95495204876374,0.9571888484653333,0.9553282846824604,0.9541760761432564,0.8429626758497297,0.908257381162484,0.9016898143220444,0.9098243775975005,0.9018934337669148,0.9002387074707827,CT,False,[0.9765625 0.9765625 3.       ],"(72, 512, 512)",True,2
CT_AbdTumor_pancreas_099,2.9824295043945312,0.5371975898742676,0.4925417900085449,0.4725708961486816,0.4590156078338623,0.4729382991790771,0.5481653213500977,3.624601256673519,3.9427245554604142,0.9068908941755536,0.9855006631253568,0.909307875894988,0.9026999490575648,0.9046603716113312,0.906611993849308,0.9085334695963208,0.9068908941755536,0.9931502472800348,0.9852139098515283,0.987421580514687,0.9849040303619532,0.9850416580953318,0.9855006631253568,CT,True,[0.71875 0.71875 5.     ],"(5, 512, 512)",True,1
CT_TotalSeg_organs_s1048,24.158912658691406,4.063042163848877,4.09727668762207,4.085200786590576,3.9006309509277344,3.879173040390015,4.133589029312134,2.78292660569066,2.836087486081877,0.6994662924449813,0.7285958565519917,0.6341312144054381,0.674526080223046,0.6903724957949225,0.7020894815348747,0.7034684420268493,0.6994662924449813,0.6302500203414982,0.6738538569851955,0.7000307943803898,0.7121271900844491,0.7227046448484448,0.7285958565519917,CT,False,[1.5 1.5 1.5],"(33, 235, 235)",True,9
CT_totalseg-vertebrae_s0319,41.88601732254028,7.050138711929321,7.057852029800415,7.06996750831604,6.858698129653931,6.759776592254639,7.0895843505859375,3.2150141891989943,3.1761341446166216,0.8167755200361084,0.8091776690028076,0.700388641210463,0.7852087573319557,0.8008441322904803,0.8070880393103798,0.806089878914102,0.8167755200361084,0.710852884549509,0.7722190721110269,0.7853385575908154,0.7976261020931482,0.8024711143757409,0.8091776690028076,CT,False,[1.5        1.50000012 1.50000012],"(301, 213, 270)",True,13
MR_Spider_31_t1_ivd,22.47917628288269,3.56268310546875,3.6942954063415527,3.6184892654418954,3.8948607444763184,3.857600927352905,3.8512468338012695,3.254464967985472,3.730273373657466,0.8293262972395484,0.9474747725189744,0.7667683711184325,0.791176150467074,0.8058323709892954,0.8155038439683446,0.822877529174521,0.8293262972395484,0.875784086411338,0.9077126923793536,0.9255779257338655,0.9363342923824104,0.9407674230920255,0.9474747725189744,MR,False,[0.72916669 4.40000006 0.72916669],"(13, 384, 384)",True,8
MR_BraTS-T2w_bratsgli_1075,2.519855737686157,0.0,0.4938809871673584,0.5213415622711182,0.5012743473052979,0.5054628849029541,0.4978959560394287,0.0769211226046998,0.0,0.0244173140954495,0.0,0.0,0.0159664817121503,0.0178803923270549,0.0181786628487136,0.0206701695251313,0.0244173140954495,0.0,0.0,0.0,0.0,0.0,0.0,MR,True,[1. 1. 1.],"(46, 218, 182)",False,2
MR_BraTS-T2w_bratsgli_1049,2.832162380218506,0.0,0.5541326999664307,0.5377192497253418,0.608069658279419,0.5677337646484375,0.564507007598877,0.0094664130255689,0.0,0.0028543307086614,0.0,0.0,0.0014800668417283,0.0016921676810192,0.0023150132898911,0.0032920332794636,0.0028543307086614,0.0,0.0,0.0,0.0,0.0,0.0,MR,True,[1. 1. 1.],"(95, 218, 182)",False,4
MR_WMH_T1_Utrecht_17,35.15571713447571,5.759255170822144,6.1701953411102295,5.912138938903809,5.793298244476318,5.847938776016235,5.672890663146973,1.463820055701636,2.4594929795520724,0.3535754835976916,0.6127634403633175,0.3303039172523315,0.3487862850860788,0.3749965912306952,0.3754604176869133,0.3621821624421422,0.3535754835976916,0.5945271750242619,0.606269070652153,0.6227083454796448,0.6141836218450956,0.6130847567195964,0.6127634403633175,MR,False,[0.95833331 0.95833331 3.00000095],"(20, 240, 240)",True,13
CT_TotalSeg_organs_s0455,54.65435338020325,8.579254865646362,8.288260221481323,9.29483413696289,9.697050333023071,9.404874563217165,9.390079259872437,3.425614833303627,3.2890204236540583,0.8728160442934396,0.839089102639611,0.7815854544815567,0.8364440016076364,0.850336261245291,0.8569702113607888,0.8636783377470088,0.8728160442934396,0.7126729275622254,0.7954152823425134,0.8157330649597151,0.823857748529549,0.8321774176737321,0.839089102639611,CT,False,[1.5 1.5 1.5],"(199, 220, 220)",True,18
MR_heart-ACDC_ACDC_patient022_frame11_lvrv,5.551775693893433,0.9287102222442628,0.9118332862854004,0.919344425201416,0.9161481857299804,0.9287838935852052,0.946955680847168,2.1161519295168474,3.0331559905780554,0.5193216229062256,0.77445714361229,0.4958580884544399,0.5153187321526158,0.5364120276085345,0.5371710097345586,0.5252487146443339,0.5193216229062256,0.6765559350602974,0.6915646506002051,0.7587295344090912,0.7697927853684311,0.7716227736942856,0.77445714361229,MR,True,[ 1.40625  1.40625 10.     ],"(7, 256, 200)",True,2
MR_BraTS-T1c_bratsgli_0708,2.5829954147338867,0.0,0.5320305824279785,0.5263073444366455,0.5300426483154297,0.5176787376403809,0.4769361019134521,0.1815337681145938,0.0,0.0487075439382361,0.0,0.0,0.0369953324494651,0.0423499729681023,0.0469660525206437,0.0493663044319971,0.0487075439382361,0.0,0.0,0.0,0.0,0.0,0.0,MR,True,[1. 1. 1.],"(73, 218, 182)",False,4
CT_AbdTumor_PETCT_b41bc7c1e5,6.049558162689209,0.9786388874053956,1.0045008659362793,1.004408836364746,1.0480661392211914,1.0219504833221436,0.9919929504394532,3.271351695504083,3.7701981288287194,0.8175990972107539,0.9463500365963142,0.7432535278262249,0.7923613245923204,0.8135746606334842,0.8259196795615052,0.826877144407556,0.8175990972107539,0.8610652626298513,0.9050233762990916,0.9314793759561024,0.9569061659304224,0.9561258804944904,0.9463500365963142,CT,True,[0.89453125 0.89453125 2.5       ],"(7, 512, 512)",True,2
MR_BraTS-T2f_bratsgli_0108,2.647446870803833,0.0,0.5617671012878418,0.5033459663391113,0.526557445526123,0.518812894821167,0.5369634628295898,0.7458805257745742,0.2957962635473493,0.2174378425752318,0.2022243003635599,0.0,0.1151875068734191,0.1780272878349882,0.190479334962177,0.2110612282530834,0.2174378425752318,0.0,0.0,0.0,0.0,0.1946841133655693,0.2022243003635599,MR,True,[1. 1. 1.],"(81, 218, 182)",False,3
CT_LNQ_LymphNode-0638,5.913635015487671,1.0035350322723389,0.9796066284179688,0.9737977981567384,0.9883947372436525,0.9431231021881104,1.0251777172088623,3.4626907375873515,3.9164859192566976,0.8755962206029142,0.9836436187947986,0.8334122941846229,0.8563170199183148,0.8601335999826485,0.8657456991391557,0.8708548182049327,0.8755962206029142,0.9486100076114838,0.9727150143189548,0.9744860118543844,0.9817624333098622,0.982058157535574,0.9836436187947986,CT,True,[0.91406202 0.91406202 2.5       ],"(19, 512, 512)",True,2
CT_LNQ_LymphNode-0788,6.986447095870972,1.103130578994751,1.2032756805419922,1.1925055980682373,1.1396501064300537,1.1443960666656494,1.203489065170288,3.32550372485524,3.4824417805854564,0.8610654360288134,0.9221846992117152,0.7203355926472179,0.7738226749223188,0.8174637385778133,0.8374916534275767,0.853104277374284,0.8610654360288134,0.735378349832527,0.7933157734639855,0.8492007720222832,0.8758876557019626,0.8996031165233604,0.9221846992117152,CT,True,[0.91992199 0.91992199 2.5       ],"(38, 512, 512)",True,2
CT_AbdTumor_PETCT_42e9f16c09,15.86418342590332,2.632056951522827,2.6911215782165527,2.647317886352539,2.6140120029449463,2.58681321144104,2.692861795425415,2.4392411205008657,2.7572935069917515,0.6140738309011329,0.6933800285508177,0.589821212555717,0.6069150787127826,0.608051006997608,0.6094471176553541,0.6112485410409458,0.6140738309011329,0.6723225592791875,0.685714514853552,0.6891454249080037,0.6910843745664359,0.687516435815127,0.6933800285508177,CT,False,[0.796875 0.796875 2.5     ],"(40, 512, 512)",True,5
CT_TotalSeg_cardiac_s1157,41.35745310783386,6.953145503997803,6.290546417236328,6.298466920852661,7.082982301712036,7.22698712348938,7.505324840545654,2.6612149067615998,2.741655425173409,0.6913852607473249,0.7213356108003276,0.5425799625247831,0.6290670445065514,0.6491516255862717,0.6684400222224788,0.6833971063259107,0.6913852607473249,0.5340117817977765,0.6240162547884408,0.6626248898650572,0.6922434675455513,0.7141111349684169,0.7213356108003276,CT,False,[1.5 1.5 1.5],"(189, 253, 253)",True,14
MR_BraTS-T2f_bratsgli_0680,2.569555282592773,0.0,0.5082941055297852,0.4824419021606445,0.5046229362487793,0.5107691287994385,0.563427209854126,0.003156818947886,0.0,0.0006718053885863,0.0,0.0,0.0011763475714957,0.0013147740589361,0.0004429090264859,0.0004750593824228,0.0006718053885863,0.0,0.0,0.0,0.0,0.0,0.0,MR,True,[1. 1. 1.],"(65, 218, 182)",False,4
MR_heart-ACDC_ACDC_patient107_frame10_lvrv,5.638391971588135,0.9225327968597412,0.90887451171875,0.9485929012298584,0.9313066005706788,0.9702167510986328,0.9568684101104736,2.825794557324257,3.0955766718507887,0.7202961247553221,0.7811002719807832,0.6779450898721169,0.6933607599218976,0.6968118203734994,0.7103126637568651,0.7118416308552831,0.7202961247553221,0.7622511340680796,0.7680200209949366,0.7621969353964506,0.7803823984005698,0.7784371915659078,0.7811002719807832,MR,True,[ 1.36719  1.36719 10.     ],"(9, 216, 256)",True,2
MR_crossmoda_crossmoda2023_ldn_48_ceT1,11.766789197921751,1.858980655670166,1.9799084663391116,1.9417145252227783,1.9732255935668943,1.970693826675415,2.042266130447388,2.7835040094095804,3.96841952994874,0.7038661689317904,0.9962302677247888,0.6404337554698746,0.6644211942373962,0.697975433850001,0.6972793010724214,0.7041055929025646,0.7038661689317904,0.96230619651256,0.9653179996866956,0.9952302811278788,0.996966554814711,0.9954485603004076,0.9962302677247888,MR,False,[0.41015625 0.41015625 1.5       ],"(16, 512, 512)",True,4
MR_heart-ACDC_ACDC_patient107_frame10_myo,2.423206090927124,0.0,0.4879281520843506,0.4856302738189697,0.4854817390441894,0.4893951416015625,0.4747707843780517,1.838341208133734,2.3137099179668605,0.5449079293498684,0.6590210364410692,0.0,0.2919084244141591,0.4269605979982263,0.4430764774044032,0.5498959558490908,0.5449079293498684,0.0,0.3992986175954738,0.5477190836008972,0.5708908690776955,0.6659401382699964,0.6590210364410692,MR,True,[ 1.36719  1.36719 10.     ],"(9, 216, 256)",False,1
CT_TotalSeg_muscles_s1184,34.0839102268219,5.641448020935059,5.680987596511841,5.914144277572632,5.5336432456970215,5.599509716033936,5.714177370071411,3.1079376980550126,3.1196910394281425,0.8106946775735583,0.8272599084824148,0.5838670955729429,0.7035362358989373,0.7626442409927171,0.7876247226574198,0.8005532776686285,0.8106946775735583,0.5440861996471668,0.6770557130992647,0.7573007593513548,0.7928803110537587,0.8173521582321893,0.8272599084824148,CT,False,[1.5 1.5 1.5],"(215, 204, 204)",True,11
US_Cardiac_patient0208_2CH_half_sequence,10.377928018569946,1.7683157920837402,1.7673664093017578,1.720991611480713,1.7473368644714355,1.6896626949310305,1.6842546463012695,3.309636934972379,3.312131876418871,0.8557876707076656,0.8592934098850461,0.8034515683142907,0.7629257720284864,0.8198154615857073,0.8277667055628876,0.8526980464557082,0.8557876707076656,0.7953013899587145,0.7679761039027574,0.8192228722078233,0.8247590827662273,0.8545151645509185,0.8592934098850461,US,False,[0.308 0.308 1.   ],"(20, 454, 551)",True,3
MR_ISLES2022_ADC_sub-strokecase0243,2.549410104751587,0.4103963375091553,0.4236140251159668,0.4335145950317383,0.437201976776123,0.4191048145294189,0.4255783557891845,2.3122525857343064,3.034904808273745,0.5941372015714718,0.7995514715156501,0.5042278593680463,0.563091056471224,0.5665066365433493,0.5807194244604317,0.5864123957091776,0.5941372015714718,0.6286768245943215,0.7184463860036521,0.7352272743898451,0.7689152501849749,0.7717633549392735,0.7995514715156501,MR,True,[1.14583337 1.14583337 4.80000019],"(7, 192, 192)",True,1
MR_BraTS-T2w_bratsgli_1150,2.422755002975464,0.0,0.5070228576660156,0.4808306694030761,0.4735586643218994,0.4757058620452881,0.4856369495391845,0.1044219821164102,0.0,0.024480907971142,0.0,0.0,0.0301896874165108,0.026924519651565,0.0249735225587799,0.0251886422122388,0.024480907971142,0.0,0.0,0.0,0.0,0.0,0.0,MR,True,[1. 1. 1.],"(70, 218, 182)",False,4
Microscopy_SELMA3D_patchvolume_vessel_020_0_0_0,188.2384443283081,30.802013874053955,31.546685218811035,31.34134864807129,30.929603338241577,31.5035936832428,32.11519956588745,2.2248382284444905,3.500501445487541,0.5638081264649403,0.880095380458527,0.4836585187456435,0.5292850843637694,0.5535728607673132,0.5607825578670327,0.56393620439579,0.5638081264649403,0.8121363601839355,0.8520879160905785,0.8727784592412864,0.8804698475541478,0.8811614904175541,0.880095380458527,Mi,False,[1. 1. 1.],"(13, 250, 250)",True,69
CT_totalseg-vertebrae_s0206,31.842105627059937,5.712975978851318,5.021966934204102,5.146938800811768,5.540342092514038,5.112579345703125,5.307302474975586,2.809466579992588,2.7708126287144776,0.70511791591391,0.7008211633712871,0.6501223811647712,0.6896979899713107,0.7023000920967986,0.7040308795807897,0.705727655372389,0.70511791591391,0.6482995971346046,0.6703253479487279,0.6884157566977248,0.6959765202864844,0.700847096070261,0.7008211633712871,CT,False,[1.5 1.5 1.5],"(231, 240, 240)",True,10
MR_Head_HNTSMRG24_112_midRT_T2,8.08650517463684,1.2908539772033691,1.427231788635254,1.2538087368011477,1.3863317966461182,1.3715803623199463,1.356698513031006,3.3767380928079027,3.844737095339503,0.8601954595855912,0.971728458890432,0.7515070715827252,0.8169330125925849,0.8393780168931537,0.8442552838764597,0.8545405559492013,0.8601954595855912,0.8357102399120651,0.9395403860044969,0.9580955836406768,0.962492331139874,0.9685147581114878,0.971728458890432,MR,True,[0.5 0.5 2. ],"(33, 512, 512)",True,2
MR_BraTS-T1c_bratsgli_0017,2.694710731506348,0.0,0.5383210182189941,0.5112659931182861,0.5115683078765869,0.547062873840332,0.5864925384521484,0.399049831750416,0.0,0.1435000362923713,0.0,0.0,0.0845410628019323,0.0822816443833562,0.091536572937416,0.1112110648824918,0.1435000362923713,0.0,0.0,0.0,0.0,0.0,0.0,MR,True,[1. 1. 1.],"(70, 218, 182)",False,4
MR_BraTS-T1n_bratsgli_0475,2.419340848922729,0.0,0.4767084121704101,0.47442626953125,0.4842431545257568,0.4887316226959228,0.4952313899993896,0.3127325187694725,0.0,0.0906766116142781,0.0,0.0,0.052926241781134,0.0716624685138539,0.0813712563571294,0.0878973672007831,0.0906766116142781,0.0,0.0,0.0,0.0,0.0,0.0,MR,True,[1. 1. 1.],"(53, 218, 182)",False,2
Microscopy_SELMA3D_patchvolume_cfos_009_0_1_1,66.91990351676941,10.660401821136476,11.885326862335203,12.199225902557371,10.831544399261476,10.647059202194214,10.696345329284668,3.355064904433529,3.997735740652086,0.8402800821153749,0.9985628132957388,0.8206124012449024,0.829070638005644,0.8391936335722227,0.8413070249573821,0.8398888858434145,0.8402800821153749,0.9937031721254448,0.9987639927435238,0.9997839447120616,0.9997808295568588,0.9995075633635344,0.9985628132957388,Mi,False,[1. 1. 1.],"(25, 50, 50)",True,24
CT_TotalSeg_organs_s0688,56.66300344467163,9.073894739151,9.41032648086548,9.409817934036257,9.5963237285614,9.318372964859009,9.854267597198486,3.4573280288667574,3.1952660936961177,0.8777002762180323,0.8175021976142729,0.7669682149547892,0.8363449206340616,0.8571499976432099,0.8684716019604977,0.8746838308370031,0.8777002762180323,0.6618043574402883,0.7603811887012292,0.787474681891681,0.8047176188580708,0.814132099788615,0.8175021976142729,CT,False,[1.5 1.5 1.5],"(234, 241, 241)",True,18
MR_QIN-PROSTATE-Prostate_PCAMPMRI-00005_1_2_MR,3.610510110855103,0.671649694442749,0.6012275218963623,0.6254839897155762,0.5415973663330078,0.5921597480773926,0.5783917903900146,3.3431374826277507,3.587958103709413,0.8376750230355096,0.8987021403201033,0.8047416577150377,0.8415100465049341,0.8350016343588436,0.832710553428365,0.8358327600703203,0.8376750230355096,0.8577904020145731,0.9129520740777692,0.8870527483319163,0.8892659509539473,0.905812297224613,0.8987021403201033,MR,True,[0.3125     0.3125     2.99999166],"(18, 512, 512)",True,1
MR_Spider_1_t1_spi,4.289396047592163,0.6824109554290771,0.6950466632843018,0.7049219608306885,0.7507228851318359,0.7598304748535156,0.6964631080627441,1.8016646006330728,2.152720684724273,0.4844860001766539,0.5961900358294318,0.343168304033092,0.4091116082919199,0.426967041764889,0.4563485417613704,0.4715502128725269,0.4844860001766539,0.4379280235836194,0.4988146398098822,0.5006687475791699,0.5337279218785754,0.5708216774468708,0.5961900358294318,MR,True,[0.50060673 3.32114716 0.625     ],"(17, 578, 448)",True,1
CT_totalseg-vertebrae_s0670,66.12476444244385,10.525822639465332,10.492100954055786,10.921128511428831,11.755393981933594,11.219205141067505,11.211113214492798,3.639565883898704,3.7566831034275534,0.919646816217784,0.9470773995939608,0.8617247928274953,0.9060013648666552,0.9153131809396624,0.8939493851396285,0.9174792272771932,0.919646816217784,0.8883980939444905,0.929940079116758,0.9389871782364536,0.9332804043319836,0.9459067815037576,0.9470773995939608,CT,False,[1.5 1.5 1.5],"(354, 228, 228)",True,21
MR_Spider_86_t2_ivd,17.347795009613037,2.8173694610595703,3.0431511402130127,2.787485122680664,2.9034082889556885,2.86144495010376,2.934936046600342,2.796661752846381,3.1615579727870387,0.7204671612723129,0.8220568084782247,0.6448616329652225,0.67142041741673,0.6870615769397864,0.70113220184061,0.7125241847214633,0.7204671612723129,0.7071684797269105,0.7522677116311195,0.7754190805011064,0.7918982783405757,0.8070783538906839,0.8220568084782247,MR,False,[0.66269565 3.29263705 0.625     ],"(18, 424, 448)",True,6
MR_BraTS-T2w_bratsgli_1204,2.514369010925293,0.0,0.5150630474090576,0.4769682884216308,0.5128958225250244,0.497626781463623,0.511815071105957,0.0422952518983094,0.0,0.0151817275446388,0.0,0.0,0.0077130007145559,0.0089979656773251,0.009039214634408,0.0128107074569789,0.0151817275446388,0.0,0.0,0.0,0.0,0.0,0.0,MR,True,[1. 1. 1.],"(73, 218, 182)",False,4
CT_AbdomenAtlas_BDMAP_00000524,47.48854327201843,8.015062093734741,8.114638328552246,7.434817314147949,7.9126670360565186,8.072606563568115,7.938751935958862,2.318792802765631,2.3376053058085158,0.5882113292996802,0.5915127428565645,0.5264813189858542,0.5492411444622349,0.57875700558518,0.5833558237371116,0.5879537365623818,0.5882113292996802,0.5230592135279567,0.5518030507968371,0.5881659057870366,0.5881140416936895,0.5896674615010885,0.5915127428565645,CT,False,[0.83398438 0.83398438 2.5       ],"(200, 477, 501)",True,12
MR_BraTS-T1c_bratsgli_1245,2.296095609664917,0.0,0.4499402046203613,0.4449231624603271,0.4553866386413574,0.4707071781158447,0.4751384258270263,0.4075908490094713,0.0,0.1159119913257913,0.0,0.0,0.0785382384795444,0.095278136480575,0.1155240891037817,0.0995635085224467,0.1159119913257913,0.0,0.0,0.0,0.0,0.0,0.0,MR,True,[1. 1. 1.],"(51, 218, 182)",False,3
MR_ISLES2022_ADC_sub-strokecase0168,19.459258556365967,3.358853578567505,3.228157520294189,3.2685320377349854,3.1507954597473145,3.209215879440308,3.243704080581665,1.7167586911828112,2.819086869234763,0.4580263879621307,0.7168006399260539,0.3626378115289534,0.3502167269432826,0.4081264279203122,0.4379024860503387,0.4666082197594536,0.4580263879621307,0.6160763484360768,0.6589740444546761,0.691332287709359,0.7122510012737624,0.7276162380612765,0.7168006399260539,MR,False,[2. 2. 2.],"(29, 112, 112)",True,7
MR_ISLES2022_ADC_sub-strokecase0230,5.83314847946167,0.9301633834838868,0.9723360538482666,1.0289242267608645,0.9815614223480223,0.9355707168579102,0.9845926761627196,1.1292374694516805,0.7861914738707687,0.320071753475559,0.2436591516297618,0.2133379574325973,0.2364555362501974,0.2533281793583301,0.2914997292907417,0.3061459159397304,0.320071753475559,0.1159946006795626,0.1334273670711919,0.1580270007554274,0.211127290650848,0.2284939231140164,0.2436591516297618,MR,True,[1.14583337 1.14583337 4.80000019],"(15, 192, 192)",True,2
CT_TotalSeg_muscles_s0454,47.95623850822449,7.577108144760132,7.577009916305542,7.372139930725098,8.293823957443237,8.260582447052002,8.875574111938477,3.355698629664297,2.920862273121128,0.8514197925502625,0.7523347816908181,0.7591368345596022,0.8070834912845425,0.8333128288993514,0.8447448223611324,0.848389336486411,0.8514197925502625,0.6161027486598997,0.6767573256264019,0.7194747303351342,0.7401180790714093,0.7467234100559746,0.7523347816908181,CT,False,[1.5 1.5 1.5],"(221, 311, 311)",True,15
PET_autoPET_psma_44b93bfe059935a1_2014-06-07,62.250542402267456,11.47312045097351,9.683681726455688,10.504748821258543,10.029240369796751,10.542047262191772,10.017703771591188,2.175596834437224,2.3436289247850963,0.6271964486743943,0.6725884884393029,0.4355893552795341,0.4532358876848965,0.5279882251887072,0.5305435474664043,0.576848893602467,0.6271964486743943,0.4520215972639896,0.4813205068642899,0.5704825290032742,0.5788703520762067,0.6173215460538191,0.6725884884393029,PE,False,[4.0728302 4.0728302 5.       ],"(151, 168, 168)",True,22
CT_LNQ_LymphNode-0110,12.33946704864502,1.9386672973632808,1.9594342708587649,2.088622808456421,2.263921976089477,2.094858407974243,1.993962287902832,3.053403291312181,3.77207902162082,0.7716600011046995,0.9421916401864764,0.6426143926772768,0.7254985223454491,0.7567010491215328,0.7728652855074483,0.7752576949581259,0.7716600011046995,0.7939533878834865,0.896141355893272,0.9369550368719408,0.9623352051338868,0.9536222815751172,0.9421916401864764,CT,False,[0.87300003 0.87300003 3.        ],"(37, 512, 512)",True,4
MR_BraTS-T1c_bratsgli_0219,2.493436098098755,0.0,0.5172677040100098,0.4878461360931396,0.51125168800354,0.4845016002655029,0.4925689697265625,0.021633573544203,0.0,0.0141481292082161,0.0,0.0,0.0055998121353348,0.0,0.0117596028724275,0.0,0.0141481292082161,0.0,0.0,0.0,0.0,0.0,0.0,MR,True,[1. 1. 1.],"(94, 218, 182)",False,3
CT_TotalSeg_organs_s1023,62.7156035900116,9.488248586654665,10.716932773590088,10.037220239639282,10.83215594291687,10.87911343574524,10.761932611465454,3.423201393708857,3.222790673084068,0.8668649849081265,0.8223571817596778,0.766739039887457,0.8275864405696268,0.8489294283478159,0.8618672356218934,0.8651790170002711,0.8668649849081265,0.6834579386117839,0.7650163622145013,0.7946248991299065,0.8139278419388942,0.8205511600281772,0.8223571817596778,CT,False,[1.5 1.5 1.5],"(262, 205, 335)",True,20
US_Cardiac_patient0187_2CH_half_sequence,10.625800848007202,1.823786735534668,1.841152667999268,1.86911416053772,1.56683611869812,1.7540974617004397,1.7708137035369873,2.951987251738037,3.203762522173516,0.7871039963634558,0.8263223278164432,0.713514619590156,0.7281468638675036,0.7305866842709704,0.7319133122980123,0.7318618250535742,0.7871039963634558,0.7759804082476328,0.7917293041559432,0.7964735025767333,0.7978859738708536,0.8003772297397355,0.8263223278164432,US,False,[0.308 0.308 1.   ],"(16, 454, 551)",True,3
MR_heart-ACDC_ACDC_patient119_frame09_myo,2.208802938461304,0.0,0.4456539154052734,0.4371700286865234,0.4391794204711914,0.4431972503662109,0.4436023235321045,2.1347971381047235,2.0839708057060395,0.6150934468890467,0.5857039627082855,0.0,0.4012508550767126,0.4613885226165224,0.5353387461732996,0.629897718332022,0.6150934468890467,0.0,0.4138248201318293,0.4740996195213692,0.506530723491873,0.60357607127274,0.5857039627082855,MR,True,[1.68269002 1.68269002 5.        ],"(13, 208, 174)",False,1
MR_Spider_191_t2_vet,23.15542674064636,3.494870185852051,3.757655143737793,3.817500114440918,3.902740955352783,4.009861707687378,4.17279863357544,2.181275996607843,2.1704170863391794,0.570451907120606,0.5557381845773821,0.4468822142794708,0.5061074443432058,0.53329637446092,0.5528194301057303,0.5568805163092871,0.570451907120606,0.5052930831464535,0.5170376291346738,0.5287000423832908,0.5488058730679343,0.5565232640319264,0.5557381845773821,MR,False,[0.55711771 3.30498745 0.5859375 ],"(18, 539, 512)",True,8
MR_ProstateT2_T2-ProstateX-0221_4,2.9853408336639404,0.4682552814483642,0.4840009212493896,0.4869081974029541,0.4952507019042969,0.5505588054656982,0.5003669261932373,3.7192825843871886,3.940388075316117,0.9299659126123334,0.9821536536374188,0.9082110104007914,0.9292920928049908,0.9300280557765588,0.930203984753501,0.9294215411484668,0.9299659126123334,0.9864647685078404,0.994108301156836,0.9863206001604794,0.9857846303909816,0.9801518673675288,0.9821536536374188,MR,True,[0.5625 0.5625 3.    ],"(11, 320, 320)",True,1
CT_GTVpNCCT_segrap_0103,3.2623391151428223,0.504492998123169,0.5350072383880615,0.5605897903442383,0.5408575534820557,0.5839176177978516,0.5374739170074463,3.0104359270608856,3.6927539340909936,0.7555592756898524,0.9299184520525124,0.7417296604740551,0.7576771547304226,0.7494278537538376,0.7511655825120745,0.7532242755848362,0.7555592756898524,0.8835712339518301,0.9164681069157,0.917341561238831,0.9249338712709938,0.9272852220970624,0.9299184520525124,CT,True,[0.44628906 0.44628906 3.        ],"(16, 512, 512)",True,1
MR_Spider_77_t1_spi,4.351859092712402,0.6935052871704102,0.7137928009033203,0.7348575592041016,0.7617442607879639,0.7079663276672363,0.7399928569793701,1.87206893947603,2.3172317647270964,0.5296209159576162,0.6512143664933164,0.4203614361184007,0.523590469450342,0.4462514381666096,0.4174589865687934,0.481752822036648,0.5296209159576162,0.5457071997543705,0.651020346116226,0.5585342473750589,0.521600629006828,0.5859795320404381,0.6512143664933164,MR,True,[0.72916669 4.39999998 0.72916669],"(6, 384, 384)",True,1
MR_heart-ACDC_ACDC_patient124_frame01_lvrv,5.724035501480103,1.0072450637817385,0.9667847156524658,0.9273405075073242,0.9501097202301024,0.9316179752349854,0.9409375190734864,3.7234397578818488,3.641453149969875,0.9355015757386111,0.9229917565364048,0.886702492415108,0.9199173281022426,0.9269091627245368,0.9332117836087036,0.9356093596281818,0.9355015757386111,0.8043707861968432,0.8814112514344683,0.9003604896119056,0.9168681657001968,0.9220229906723358,0.9229917565364048,MR,True,[1.68269002 1.68269002 5.        ],"(19, 208, 168)",True,2
CT_AbdomenAtlas_BDMAP_00001410,32.12233138084412,5.210391521453857,5.216845512390137,5.708951711654663,5.303226947784424,5.33747410774231,5.345441579818726,3.371287453163341,3.6253069497947736,0.8587125790404633,0.9241045570606868,0.7834688461627806,0.8117425386888609,0.8353084169462648,0.8466463126106623,0.8541051647417518,0.8587125790404633,0.8286081505449788,0.8683700840791604,0.8952498193519609,0.9135116402469612,0.920308169625928,0.9241045570606868,CT,False,[5.         0.90820312 0.90820312],"(337, 425, 55)",True,10
MR_BraTS-T2f_bratsgli_0415,2.546171188354492,0.0,0.5521228313446045,0.5043518543243408,0.4903998374938965,0.4988372325897217,0.5004594326019287,0.0262112709773976,0.0,0.007243494115697,0.0,0.0,0.0059223696893304,0.006015139226818,0.006558499710267,0.0070547001377988,0.007243494115697,0.0,0.0,0.0,0.0,0.0,0.0,MR,True,[1. 1. 1.],"(79, 218, 182)",False,4
MR_QIN-PROSTATE-Lesion_PCAMPMRI-00007_0_0_MR,2.68328070640564,0.4508070945739746,0.4461801052093506,0.4516432285308838,0.4301438331604004,0.4419991970062256,0.4625072479248047,2.1681478598177253,3.203022418150077,0.54510556621881,0.8056635446135022,0.4765100671140939,0.5163636363636364,0.5461538461538461,0.5461538461538461,0.54510556621881,0.54510556621881,0.7184099495177505,0.7698945218435612,0.8044049661706283,0.8051748741374151,0.8056635446135022,0.8056635446135022,MR,True,[1.01559997 1.01559997 5.99995613],"(3, 256, 256)",True,1
CT_TotalSeg_organs_s1334,75.50795125961304,12.439029455184937,12.238667249679564,12.788336515426636,12.7475163936615,12.854740142822266,12.439661502838137,3.137691259917248,2.8281232792673605,0.7987159392734178,0.7287360856828416,0.707141411000224,0.7542722973723298,0.7794003366070712,0.7866244725644127,0.7951723324228905,0.7987159392734178,0.6000685704869366,0.6626695029351608,0.6980568444683647,0.7110851104244879,0.723278530065507,0.7287360856828416,CT,False,[1.5 1.5 1.5],"(440, 221, 221)",True,23
MR_Spider_198_t1_spi,7.4201343059539795,1.2707502841949463,1.2047226428985596,1.2355842590332031,1.2144889831542969,1.253643035888672,1.2409451007843018,2.672581593551099,3.689340021378983,0.6533983072582713,0.9282308437184964,0.6688286618793916,0.6702128474963401,0.6655336079825812,0.6718447541618273,0.6733976540293847,0.6533983072582713,0.8954868283089824,0.920632260961688,0.9115263299661738,0.923552645213961,0.9298294938587558,0.9282308437184964,MR,True,[0.45342137 3.32791741 0.625     ],"(11, 626, 448)",True,1
MR_BraTS-T2f_bratsgli_1148,2.618225336074829,0.0,0.4967827796936035,0.5473251342773438,0.5545060634613037,0.5288100242614746,0.4908013343811035,0.000744582141381,0.0,0.0005838198498748,0.0,0.0,0.0001945467061746,4.46468434681668e-05,0.0003107520198881,0.0,0.0005838198498748,0.0,0.0,0.0,0.0,0.0,0.0,MR,True,[1. 1. 1.],"(67, 218, 182)",False,4
MR_BraTS-T2w_bratsgli_0397,2.490447521209717,0.0,0.4941911697387695,0.5006158351898193,0.5085864067077637,0.5005857944488525,0.4864683151245117,0.0053504006449994,0.0,0.0011541093442003,0.0,0.0,0.0025919458692567,0.0012288875664639,0.0010942877158533,0.0011541977559535,0.0011541093442003,0.0,0.0,0.0,0.0,0.0,0.0,MR,True,[1. 1. 1.],"(67, 218, 182)",False,3
MR_BraTS-T2f_bratsgli_0784,2.8555305004119877,0.0,0.5459401607513428,0.5748589038848877,0.5682084560394287,0.5866456031799316,0.5798773765563965,0.0,0.0,0.0,0.0,0.0,0.0,0.0,0.0,0.0,0.0,0.0,0.0,0.0,0.0,0.0,0.0,MR,True,[1. 1. 1.],"(89, 218, 182)",False,3
CT_AbdTumor_liver_19,11.977197885513306,2.0132222175598145,1.9315309524536133,1.9555332660675049,1.9340531826019287,1.9939327239990237,2.148925542831421,2.688551374223985,3.3643415819764884,0.7042141166745018,0.867269783510402,0.5222947957910566,0.5939531810870537,0.650109461456832,0.6963296966160994,0.6930285672702766,0.7042141166745018,0.7069324572869631,0.7583902143265915,0.8241601730152942,0.8664155685318564,0.860935841510841,0.867269783510402,CT,False,[0.75195312 0.75195312 0.79998797],"(33, 512, 512)",True,4
MR_Spider_203_t2_ivd,18.214391708374023,3.168095111846924,2.9164352416992188,3.2326200008392334,3.0946285724639893,2.9260756969451904,2.876537084579468,3.0968037399778856,3.642878705274612,0.7890641829831578,0.9289802418424092,0.7242070957699358,0.75982701706357,0.7674046961764244,0.7737653726797767,0.7811880710983207,0.7890641829831578,0.8364733925970121,0.8883462414685553,0.9007380360640206,0.912988291749378,0.920489135805731,0.9289802418424092,MR,False,[0.5116408  3.31946508 0.625     ],"(18, 552, 448)",True,6
CT_AbdomenAtlas_BDMAP_00007114,44.51655983924866,7.259233713150024,7.600386381149292,7.700388431549072,7.275593757629394,7.270624160766602,7.410333395004272,3.5436350728096118,3.5879705447546235,0.889835311678734,0.9021706438738776,0.8279434216078393,0.8713163398577595,0.8837470613238083,0.8890552119668532,0.8902569737507031,0.889835311678734,0.8248771465374696,0.8709801702350498,0.8954638387982553,0.9014524159561068,0.9044788829457976,0.9021706438738776,CT,False,[0.80468798 0.80468798 3.        ],"(143, 348, 490)",True,12
CT_totalseg-vertebrae_s1256,14.572810649871826,2.4980175495147705,2.4240546226501465,2.3908088207244877,2.4802017211914062,2.374720811843872,2.405007123947144,3.6299818996493647,3.632936075394154,0.9134096231143548,0.916298246095935,0.8181989866620881,0.8975642322076244,0.9030201228635516,0.9086798410194332,0.9127950081053904,0.9134096231143548,0.823886562279194,0.8960780511506841,0.90181022149714,0.9089990558367044,0.9159386494370002,0.916298246095935,CT,False,[1.5 1.5 1.5],"(125, 292, 292)",True,5
CT_TotalSeg_muscles_s0910,27.91581630706787,4.338526725769043,4.399311065673828,4.419879674911499,4.871113300323486,4.872437953948975,5.01454758644104,3.2038655168887016,3.0905888696726502,0.8535076002771965,0.827659982128939,0.603283094309428,0.6999356477438794,0.7679279977547948,0.8168619075109107,0.8423539876124583,0.8535076002771965,0.5728314769899282,0.6816061385849035,0.7369692369772611,0.7832969008059973,0.8156896715324703,0.827659982128939,CT,False,[1.5 1.5 1.5],"(204, 144, 206)",True,9
MR_Head_HNTSMRG24_135_midRT_T2,7.648941278457642,1.2296786308288574,1.2402002811431885,1.3324661254882812,1.3100545406341553,1.2636632919311523,1.2728784084320068,3.247336348458532,3.74779756449736,0.8170674529459466,0.9435618539342062,0.7973543102879572,0.8022864981902145,0.8060281501713447,0.8152134370007043,0.8164177857184024,0.8170674529459466,0.9186235358689804,0.930328465654764,0.92376130498316,0.9435191316014252,0.9435719681182896,0.9435618539342062,MR,True,[0.5 0.5 2. ],"(31, 512, 512)",True,2
MR_BraTS-T2f_bratsgli_0223,2.442277193069458,0.0,0.5230281352996826,0.4689316749572754,0.4681680202484131,0.4995062351226806,0.4826431274414062,0.0099781508039012,0.0,0.0026547204247552,0.0,0.0,0.0025126622348844,0.0029440088045123,0.0023901600601568,0.0020602906094122,0.0026547204247552,0.0,0.0,0.0,0.0,0.0,0.0,MR,True,[1. 1. 1.],"(62, 218, 182)",False,3
MR_BraTS-T1n_bratsgli_0539,2.3242502212524414,0.0,0.4556934833526611,0.4780597686767578,0.4425053596496582,0.4806699752807617,0.4673216342926025,1.4870777975938505,1.511433923816155,0.3612183612183612,0.3655215221996151,0.0,0.3581024076838211,0.3767525857823017,0.378077891501259,0.3725869358591983,0.3612183612183612,0.0,0.3822672316314695,0.3842724106975673,0.3791821711608141,0.3740849650422309,0.3655215221996151,MR,True,[1. 1. 1.],"(35, 218, 182)",False,1
CT_TotalSeg_muscles_s1047,5.293652534484863,0.8963491916656494,0.8689122200012207,0.8596920967102051,0.869746208190918,0.8908727169036865,0.9080801010131836,3.390012898068938,3.134801220234485,0.8684893738666077,0.8209814894942647,0.7404672772558429,0.8047939364651733,0.8288490439618238,0.858847606404227,0.8656745925369969,0.8684893738666077,0.6370962087823868,0.721804869106647,0.7433023255754653,0.8028290118358095,0.817276703522754,0.8209814894942647,CT,True,[1.5 1.5 1.5],"(62, 129, 129)",True,2
MR_BraTS-T2f_bratsgli_0440,2.312654495239258,0.0,0.4650304317474365,0.4667932987213135,0.4631175994873047,0.4699742794036865,0.4477388858795166,0.2241167698189335,0.0,0.0663557097318582,0.0,0.0,0.0379733423746053,0.0483439009316272,0.0589122115273106,0.0646961313067638,0.0663557097318582,0.0,0.0,0.0,0.0,0.0,0.0,MR,True,[1. 1. 1.],"(72, 218, 182)",False,2
MR_BraTS-T1c_bratsgli_0783,2.6291990280151367,0.0,0.4819438457489013,0.4936132431030273,0.578117847442627,0.5488181114196777,0.5267059803009033,0.0903350434376941,0.0,0.0454745997730997,0.0,0.0,0.0493660112175639,0.0,0.0429147379423622,0.0,0.0454745997730997,0.0,0.0,0.0,0.0,0.0,0.0,MR,True,[1. 1. 1.],"(68, 218, 182)",False,2
MR_BraTS-T2w_bratsgli_1144,2.6964111328125,0.0,0.5264632701873779,0.5193352699279785,0.5249371528625488,0.5415835380554199,0.5840919017791748,0.010277231739838,0.0,0.0023489494975858,0.0,0.0,0.0030082196424031,0.001596248815284,0.0029179385886155,0.0030844597659439,0.0023489494975858,0.0,0.0,0.0,0.0,0.0,0.0,MR,True,[1. 1. 1.],"(88, 218, 182)",False,4
CT_TotalSeg_organs_s1364,66.77375888824463,10.53104019165039,11.242500066757202,11.24642300605774,10.421463966369627,11.683505535125732,11.648826122283936,3.26685652710782,2.947004293025666,0.8308139287187248,0.7544025954195166,0.7293645992331024,0.781248356989152,0.8088370325343911,0.8239636207537,0.8280247309657899,0.8308139287187248,0.6303807191033591,0.6941006564104522,0.7263140065176354,0.7458318083487565,0.75060685224429,0.7544025954195166,CT,False,[1.5 1.5 1.5],"(383, 247, 247)",True,20
CT_AbdomenAtlas_BDMAP_00002072,29.54877495765686,5.463229179382324,4.902437448501587,4.662156820297241,4.643166303634644,4.78533935546875,5.0924458503723145,3.4745824784466484,3.540579093370556,0.8716790291093363,0.8869530387537626,0.8187011834626086,0.8548257404682564,0.8640457645706103,0.8710468104334532,0.8762375186537884,0.8716790291093363,0.8185966041428994,0.8749665427443839,0.8807461808109336,0.8859330280591908,0.8929400937513583,0.8869530387537626,CT,False,[0.93554699 0.93554699 5.        ],"(48, 349, 435)",True,10
CT_totalseg-vertebrae_s0287,60.7075788974762,10.35611128807068,11.071924924850464,9.414722442626951,9.939282655715942,9.641095161437988,10.28444242477417,2.575746300571133,2.50875020016091,0.6672004916254048,0.644386115404074,0.5451582660688589,0.6289719357907431,0.6347598999943074,0.6332386168599443,0.6596615700088071,0.6672004916254048,0.5474649949626799,0.6126366474368808,0.6201347818072689,0.6204072664025846,0.6396967705305793,0.644386115404074,CT,False,[1.5 1.5 1.5],"(366, 317, 317)",True,17
CT_AbdomenAtlas_BDMAP_00004286,29.5150043964386,4.905940532684326,4.848010063171387,4.856089115142822,5.0226359367370605,4.976656436920166,4.905672311782837,3.4677016744482545,3.4153320555690083,0.8782285937187009,0.8725093065162446,0.8031965101748751,0.8443705180182028,0.8632577678568867,0.8698995399613926,0.8732448107615237,0.8782285937187009,0.7550054164470041,0.8164824525232788,0.8493973639064787,0.8567130143596409,0.8647257977831269,0.8725093065162446,CT,False,[0.89843798 0.89843798 2.5       ],"(80, 297, 386)",True,10
CT_TotalSeg_muscles_s0313,31.07449579238892,4.978589296340942,4.906384468078613,4.936697006225586,4.9951722621917725,5.775327205657959,5.482325553894043,3.4077321274354597,3.1204263322203154,0.870487186602105,0.8052285121723982,0.7857894305643339,0.8193414905648811,0.8459613272589394,0.8578810420795016,0.8589754195135252,0.870487186602105,0.6854150819721118,0.7371120413706261,0.7742948420072999,0.7863406561165188,0.7886205573249844,0.8052285121723982,CT,False,[1.5 1.5 1.5],"(170, 109, 109)",True,11
CT_GTVpNCCT_segrap_0020,3.2801942825317383,0.5403783321380615,0.5442585945129395,0.5448031425476074,0.6186802387237549,0.5312433242797852,0.5008306503295898,2.908042121721956,3.1394651262037865,0.7283006745904272,0.7883513387543827,0.7355781448538755,0.7255911763443629,0.7251175674805128,0.7277324248462643,0.7282462039277836,0.7283006745904272,0.7939532583509796,0.7820967249650765,0.7799322379432837,0.7860408363125709,0.788268020088202,0.7883513387543827,CT,True,[0.57714844 0.57714844 3.        ],"(25, 512, 512)",True,1
MR_BraTS-T2w_bratsgli_0967,2.4448184967041016,0.0,0.4750301837921142,0.4817407131195068,0.489809513092041,0.5273652076721191,0.4708728790283203,1.2476860374814829,1.2574040433634024,0.3272256000882381,0.335825326615229,0.0,0.2680518055415181,0.3033567270551112,0.3158459150557358,0.3308446925557572,0.3272256000882381,0.0,0.2744919509527755,0.3066519441880181,0.3122881984859793,0.3333052619054026,0.335825326615229,MR,True,[1. 1. 1.],"(56, 218, 182)",False,2
MR_ProstateADC_ADC-ProstateX-0053,2.873216390609741,0.4685399532318115,0.4779214859008789,0.4787108898162842,0.486358642578125,0.4670701026916504,0.4946153163909912,3.5827434456305127,3.4774060147145494,0.903272878882635,0.8935314402159419,0.8766061594941872,0.8855742595354784,0.8892193308550186,0.8977833806072066,0.9013171649592306,0.903272878882635,0.8078278011441365,0.8398234565438217,0.846995452839657,0.8771419352054936,0.8865911782895167,0.8935314402159419,MR,True,[2.         2.         2.99999976],"(14, 128, 84)",True,1
PET_autoPET_fdg_3049d4f1a4_02-24-2002-NA-PET-CT Ganzkoerper  primaer mit KM-94895,9.69844889640808,1.5535595417022705,1.6621899604797363,1.6388232707977295,1.6486849784851074,1.5738658905029297,1.6213252544403076,3.161046892950297,2.4734419150296856,0.7934945591817013,0.6271089416699139,0.7135883984764183,0.7805166477914888,0.7869188802386899,0.7936752729983002,0.7934471362267123,0.7934945591817013,0.4788515060129343,0.5934594096314575,0.608574405014225,0.6274717260836806,0.6271116082810942,0.6271089416699139,PE,True,[2.03642011 2.03642011 3.        ],"(67, 400, 400)",True,3
US_Cardiac_patient0251_4CH_half_sequence,10.943796873092651,1.7246971130371094,1.860755920410156,1.829418420791626,1.8513848781585691,1.7990443706512451,1.878496170043945,3.5067232395763703,3.494066535637879,0.8802746950877701,0.8800193143001952,0.8424782523824574,0.8787414929877172,0.873378359892699,0.8752179844328132,0.8786188012131149,0.8802746950877701,0.8372850378376556,0.8734002158665688,0.8735855606002354,0.8696465238987039,0.8741246860555574,0.8800193143001952,US,False,[0.308 0.308 1.   ],"(18, 454, 551)",True,3
CT_AbdTumor_HCC_039,3.924745798110962,0.6417849063873291,0.6638987064361572,0.6434493064880371,0.6565847396850586,0.6733956336975098,0.6456325054168701,3.655326839995935,3.634794217593055,0.9212070880503784,0.9432909237100237,0.8769017915101089,0.9034775065063824,0.910423653239886,0.91444673296352,0.9181141565141484,0.9212070880503784,0.7824464205426811,0.8693232767268322,0.8908436358044652,0.9081973308894916,0.92944615068067,0.9432909237100237,CT,True,[0.66406202 0.66406202 2.5       ],"(29, 512, 512)",True,1
CT_TotalSeg_cardiac_s0989,15.022152662277222,2.504992723464966,2.4652445316314697,2.459969282150269,2.572353839874268,2.414344072341919,2.605248212814331,2.851589231527285,2.699668637203441,0.720352254418982,0.6998130746835074,0.6566863505923782,0.6925171597714491,0.7091540241837916,0.7189369609146454,0.7170635393336322,0.720352254418982,0.5782538387548483,0.6408344325933176,0.6565059687848467,0.679013964770468,0.6938249500097138,0.6998130746835074,CT,False,[1.5 1.5 1.5],"(71, 181, 230)",True,5
CT_totalseg-vertebrae_s0109,38.5510151386261,6.402859449386597,6.044881105422974,6.751035451889038,6.584442853927612,6.699205160140991,6.068591117858887,3.629689404250032,3.648242552037159,0.9152722711408984,0.923868404777934,0.8610120014626061,0.8987866356953522,0.9048864059245388,0.9089025270648056,0.908871017842562,0.9152722711408984,0.8598732288370057,0.8996403243466037,0.9071731691681654,0.9134231599926506,0.9158918583140744,0.923868404777934,CT,False,[1.49999988 1.5        1.5       ],"(256, 252, 303)",True,12
US_Cardiac_patient0191_2CH_half_sequence,11.049093961715698,1.7445063591003418,1.7640161514282229,1.8240599632263184,1.998964071273804,1.8329527378082275,1.884594678878784,3.239300376574121,3.1674745414159817,0.8132118108412757,0.7956160772008865,0.7804144066490556,0.8044916585539686,0.8084004733339206,0.8103868954110997,0.8116612731314786,0.8132118108412757,0.7653497025771937,0.786019515783876,0.7903686482101709,0.7923685770318579,0.7939195196815718,0.7956160772008865,US,False,[0.308 0.308 1.   ],"(19, 422, 512)",True,3
MR_ProstateT2_T2-ProstateX-0249_4,3.154263734817505,0.5429680347442627,0.5170917510986328,0.5155365467071533,0.5096831321716309,0.5485363006591797,0.5204479694366455,3.745335698529602,3.906090643986532,0.936462024036644,0.9760740848204292,0.9216855362765458,0.9351391628314704,0.9364912095825212,0.936572934973638,0.936470960539386,0.936462024036644,0.9813381861959256,0.9765046152286482,0.9772726270633258,0.9764539549095514,0.9760747119891152,0.9760740848204292,MR,True,[0.5625 0.5625 3.    ],"(14, 320, 320)",True,1
MR_Head_HNTSMRG24_27_midRT_T2,10.94745111465454,1.666886806488037,1.7561209201812744,1.7845134735107422,1.9423439502716064,1.9990990161895752,1.7984869480133057,3.3798966193082385,3.751517960243137,0.847743433893652,0.9385476798327878,0.8119541700001115,0.8410950942306209,0.8421636325866387,0.845676917993282,0.8476368046661813,0.847743433893652,0.923951629718128,0.94232299192405,0.935869959861606,0.9368164509761168,0.9383962135269952,0.9385476798327878,MR,False,[0.5 0.5 2. ],"(39, 512, 512)",True,3
MR_BraTS-T1n_bratsgli_1233,2.538170099258423,0.0,0.4908361434936523,0.4959950447082519,0.5017950534820557,0.5442373752593994,0.5053064823150635,1.0653096859287996,0.7878618057969842,0.3017309875141884,0.2139376427879793,0.0,0.2080469065911848,0.2418312676768838,0.2845515351760819,0.2840379360231474,0.3017309875141884,0.0,0.18193055739656,0.1896405000987039,0.2048568346593302,0.1954303709466804,0.2139376427879793,MR,True,[1. 1. 1.],"(61, 218, 182)",False,2
US_Cardiac_patient0231_2CH_half_sequence,13.224018335342407,2.004978656768799,2.1105270385742188,2.1698544025421143,2.3478732109069824,2.2153124809265137,2.3754725456237797,3.292382215700294,3.1406360047826443,0.8312007132582245,0.7955912991992777,0.7782369827683646,0.8015120438444726,0.8223039087616958,0.8249784089156128,0.8287435194716372,0.8312007132582245,0.7351648815575994,0.7600792765681025,0.7819644341312015,0.7874792839214201,0.7933569988463325,0.7955912991992777,US,False,[0.308 0.308 1.   ],"(24, 616, 747)",True,3
CT_LungLesions_lung_071,3.558166742324829,0.5794563293457031,0.5725936889648438,0.5839085578918457,0.5882902145385742,0.602973222732544,0.6309447288513184,3.358732921134142,3.876044360674258,0.8469449485783425,0.9767779271616172,0.713065755764304,0.8123309897241753,0.8413009404388715,0.8445616883116883,0.8432323232323232,0.8469449485783425,0.8449049065884012,0.9447319989971698,0.9691561928828858,0.9692295056960356,0.9769036990159428,0.9767779271616172,CT,True,[0.703125   0.703125   1.24567473],"(16, 512, 512)",True,1
MR_BraTS-T2f_bratsgli_0332,2.653916597366333,0.0,0.5147383213043213,0.5184855461120605,0.541602611541748,0.5398738384246826,0.5392162799835205,0.2455359428134772,0.0,0.0842900302114803,0.0,0.0,0.0304052902478099,0.0543785066648233,0.0634958071278826,0.0703139687911261,0.0842900302114803,0.0,0.0,0.0,0.0,0.0,0.0,MR,True,[1. 1. 1.],"(92, 218, 182)",False,3
CT_TotalSeg_muscles_s1058,34.52859544754028,5.250920295715332,5.566174030303955,5.8687403202056885,6.073634147644043,5.860260248184204,5.9088664054870605,3.09769691319741,3.0961941094646117,0.7925807003054332,0.8057907313862418,0.5922820850341861,0.7305890136259445,0.7686556962353056,0.7826828978108236,0.784773462185592,0.7925807003054332,0.5721606201699178,0.7189098000949926,0.7612052136193866,0.7827441554797594,0.7898944746248482,0.8057907313862418,CT,False,[1.5 1.5 1.5],"(232, 209, 209)",True,11
Microscopy_SELMA3D_patchvolume_vessel_011_2_1_1,122.50970578193665,19.381022214889526,20.188093423843384,20.712279796600345,20.3105685710907,20.76133394241333,21.156407833099365,2.559789352639996,3.5557803981626197,0.6647829938294644,0.9103672802439868,0.5076804071772376,0.5828055417103243,0.6296602171891488,0.6492731531912364,0.6570617144897164,0.6647829938294644,0.7796310124729231,0.8456019531020478,0.8831691677012974,0.8933294609340244,0.9012971528542802,0.9103672802439868,Mi,False,[1. 1. 1.],"(12, 250, 250)",True,44
CT_TotalSeg_organs_s1339,51.87289309501648,9.095250129699709,8.626163721084595,8.216041564941406,8.351630210876465,8.681972026824951,8.901835441589355,3.265651426127381,3.18644426147664,0.8314381414322249,0.8174492150844097,0.7585292951027727,0.7989673805510703,0.8076524164692915,0.8166757567548314,0.8261204919116113,0.8314381414322249,0.7107439271467008,0.7656778821615164,0.7840621688624383,0.7989553497778048,0.8118631942134341,0.8174492150844097,CT,False,[1.5        1.50000012 1.5       ],"(253, 351, 193)",True,17
CT_AbdTumor_case_00517,4.393509149551392,0.6974489688873291,0.7904822826385498,0.6958751678466797,0.7788832187652588,0.6955702304840088,0.7352492809295654,3.2857957739873016,2.584440703748893,0.828554929003329,0.6668763210374385,0.8212380153306017,0.8184704840949512,0.8185878366877143,0.8201698342094622,0.8235253965409851,0.828554929003329,0.648140087129055,0.6383979355492382,0.6371996969073931,0.6390077096568191,0.6555961688913429,0.6668763210374385,CT,True,[0.84765625 0.84765625 1.        ],"(42, 512, 512)",True,1
MR_totalseg_mr_s0187,145.67914128303528,23.449234008789062,24.220513343811035,23.845712423324585,24.612402200698853,25.43244361877441,24.11883568763733,2.9545017599477577,2.637615282867232,0.7539612697925363,0.6838493705982751,0.6576394638801384,0.7090293297760021,0.7294318422834998,0.7439627580444038,0.7496118598355844,0.7539612697925363,0.556679518230231,0.618956085583396,0.6450348698184741,0.665441044188167,0.675736640769755,0.6838493705982751,MR,False,[1.40629995 1.5        1.40629995],"(318, 146, 260)",True,46
MR_BraTS-T2w_bratsgli_0098,2.431309938430786,0.0,0.4973008632659912,0.4783296585083008,0.4763417243957519,0.4866235256195068,0.4927141666412353,0.1329145875744177,0.0,0.0464170671172836,0.0,0.0,0.0272521129663986,0.0298344030592476,0.033341639671069,0.0329039548022598,0.0464170671172836,0.0,0.0,0.0,0.0,0.0,0.0,MR,True,[1. 1. 1.],"(65, 218, 182)",False,3
US_Cardiac_patient0241_2CH_half_sequence,11.242637395858765,1.9625790119171145,1.9085750579833984,1.8003919124603271,1.8558053970336916,1.8767035007476809,1.8385825157165527,3.2219097351369204,3.2265010167386685,0.814474033426208,0.8119079696722381,0.7823519071273157,0.8011187762665418,0.8050297803153234,0.8117264546379436,0.797357095337278,0.814474033426208,0.7836652859405885,0.7973314302468331,0.8090388393606792,0.8122106868803852,0.8006317905380681,0.8119079696722381,US,False,[0.308 0.308 1.   ],"(15, 454, 551)",True,3
MR_ProstateT2_T2-ProstateX-0177,2.917202949523926,0.4721243381500244,0.4861698150634765,0.4923539161682129,0.4786508083343506,0.5007433891296387,0.4871606826782226,3.625978334609018,3.7728449706819394,0.9076715207926738,0.9440453419947252,0.9165514061779622,0.9073359073359072,0.9055849348639236,0.9058745136814048,0.9070151719993992,0.9076715207926738,0.9527767419446443,0.9425144098314456,0.9424257557375896,0.9431407951382044,0.94399854389306,0.9440453419947252,MR,True,[0.5        0.5        3.00000024],"(9, 384, 384)",True,1
MR_totalseg_mr_s0166,91.33815097808838,14.835991621017456,15.170427083969116,15.549498081207275,15.46434736251831,15.159570932388306,15.158315896987917,2.744960795701292,2.710102326577448,0.6948123617978217,0.6946871284072182,0.6281452079394135,0.6705990192409979,0.6869298323248937,0.6872947677028222,0.6880305051541658,0.6948123617978217,0.6002145017983964,0.6536413589800587,0.6759743179751554,0.6770773781387571,0.6828863867698964,0.6946871284072182,MR,False,[1.09379995 1.09379995 3.        ],"(72, 250, 320)",True,32
MR_WMH_T1_Amsterdam_Philips_VU_PETMR_01_166,40.367785930633545,6.380518436431885,6.869611501693726,6.667928695678711,6.670994997024536,6.740926742553711,7.037805557250977,1.3925537469373783,2.0772260573753334,0.351989864946447,0.5260644557152065,0.3205385142213849,0.3301060830957408,0.3505496628013536,0.3474006474001878,0.3535554627147432,0.351989864946447,0.4812783609503109,0.5020658429966224,0.5143980308605421,0.5201967527066761,0.5285661244522004,0.5260644557152065,MR,False,[0.55999756 1.04166663 3.        ],"(23, 240, 321)",True,14
MR_BraTS-T2w_bratsgli_1039,2.662168025970459,0.0,0.5187864303588867,0.5259609222412109,0.5584039688110352,0.536456823348999,0.5225598812103271,1.0694739237223383,1.0930684178788082,0.3041226013303345,0.3079852975455747,0.0,0.2136102330172195,0.2627514078841512,0.2646113365851237,0.2832447620792865,0.3041226013303345,0.0,0.2374753100275688,0.2654509198015152,0.2708124585362134,0.2840747357545077,0.3079852975455747,MR,True,[1. 1. 1.],"(61, 218, 182)",False,2
MR_ProstateT2_T2-ProstateX-0251_5,3.187696695327759,0.5247063636779785,0.5145812034606934,0.5336332321166992,0.5241854190826416,0.521836519241333,0.5687539577484131,3.655911675457236,3.830232818712564,0.9191991715567828,0.9661375714147642,0.8976208554796254,0.915206900092412,0.9077111417164002,0.913957325273476,0.9170401726427624,0.9191991715567828,0.9435809664705908,0.961942046903009,0.9453994462645948,0.9580249646338176,0.9627685986552644,0.9661375714147642,MR,True,[0.5625 0.5625 3.    ],"(16, 320, 320)",True,1
MR_BraTS-T1n_bratsgli_0214,2.617410898208618,0.0,0.524245023727417,0.5234541893005371,0.5363738536834717,0.518665075302124,0.5146727561950684,0.5603112444507132,0.0,0.1680112300640993,0.0,0.0,0.0958630894936627,0.1242741314490193,0.1489191634386501,0.1551807897841627,0.1680112300640993,0.0,0.0,0.0,0.0,0.0,0.0,MR,True,[1. 1. 1.],"(75, 218, 182)",False,3
MR_Head_HNTSMRG24_152_preRT_T2,3.937309265136719,0.6430809497833252,0.6369831562042236,0.6582212448120117,0.6546542644500732,0.6749873161315918,0.6693823337554932,3.518789673362648,3.77338316202982,0.9034371315019436,0.9769571569496284,0.7705794013900046,0.8360959062524093,0.8662610307450538,0.8831844301832977,0.8995776935571197,0.9034371315019436,0.7541648004188168,0.863175780729076,0.9276239574017088,0.9514072069761188,0.97428552881264,0.9769571569496284,MR,True,[0.5 0.5 2. ],"(23, 512, 512)",True,1
MR_Spider_131_t1_vet,21.838207006454468,3.358386516571045,3.74596118927002,3.6852102279663086,3.673640966415405,3.689316511154175,3.685691595077514,2.796658622497477,2.413561984131328,0.6996220002847319,0.6094352435282104,0.6415640393440484,0.6857589448920036,0.6968264870094542,0.7009985075916824,0.7061431553079733,0.6996220002847319,0.582147086710439,0.6052825848142571,0.5980780703322145,0.6002379407130923,0.6078870589147876,0.6094352435282104,MR,False,[0.60604249 3.30353406 0.625     ],"(24, 463, 448)",True,7
CT_TotalSeg_organs_s1275,15.129021167755129,2.448113918304444,2.549468994140625,2.52417540550232,2.5260066986083984,2.543785810470581,2.53747034072876,3.411249991227386,3.404726211020216,0.8703000630368095,0.8717626479772917,0.7940118285756781,0.8210712801389158,0.8394288424537099,0.8602806060158695,0.8658548711699445,0.8703000630368095,0.7795075704722405,0.8065846404362882,0.8311388644116245,0.8622549840921788,0.8721587183096222,0.8717626479772917,CT,False,[1.5 1.5 1.5],"(39, 263, 263)",True,5
CT_AbdTumor_PETCT_5cf118ac06,21.78216433525085,3.707696199417114,3.817476511001587,3.5095765590667725,3.2858026027679443,3.946547746658325,3.5150647163391118,1.3960356969905403,1.7828040474016946,0.3922653200698494,0.4902640986653106,0.3061524224729522,0.3227424697604729,0.3363478758003959,0.3338306249403313,0.3683533013346522,0.3922653200698494,0.4188444837074851,0.4222066237444939,0.4371505335962686,0.4157284512518717,0.473689701348652,0.4902640986653106,CT,False,[0.8984375 0.8984375 2.5      ],"(83, 512, 512)",True,6
CT_TotalSeg_organs_s0910,49.26628923416138,7.7265660762786865,8.265911102294922,7.915151357650757,8.293152093887329,8.727225065231323,8.33828353881836,3.254939460965742,3.0922674093780795,0.8274746225809317,0.7932423764496027,0.7352392134707489,0.7895234760134188,0.8059495628716541,0.8171298819691184,0.8233609668277945,0.8274746225809317,0.6648538220078556,0.7357580830760996,0.7591639924526741,0.7801263747225259,0.7884768124400285,0.7932423764496027,CT,False,[1.5 1.5 1.5],"(197, 144, 206)",True,17
MR_BraTS-T1c_bratsgli_0242,2.575282335281372,0.0,0.5242562294006348,0.524160623550415,0.5148732662200928,0.4977970123291015,0.5141952037811279,0.6952272265896191,0.0658295977528006,0.2038276539167375,0.1316591955056012,0.0,0.138632665385165,0.1580591578915286,0.1686944766319042,0.1972434324152349,0.2038276539167375,0.0,0.0,0.0,0.0,0.0,0.1316591955056012,MR,True,[1. 1. 1.],"(81, 218, 182)",False,3
MR_Spider_166_t1_ivd,23.24494171142578,3.82409143447876,3.685213327407837,4.006884336471558,3.883731842041016,4.014517307281494,3.830503463745117,3.227720180537564,3.943530779726929,0.8232384777506823,0.9917149129112712,0.7180174132106791,0.7791147787661312,0.801704325131177,0.808124329205381,0.8167148979425989,0.8232384777506823,0.908005148229875,0.9689709704310218,0.9837629978804274,0.9874671203163228,0.9919577198590324,0.9917149129112712,MR,False,[3.29999998 0.5859375  0.5859375 ],"(107, 17, 512)",True,8
MR_BraTS-T1c_bratsgli_0300,2.57851243019104,0.0,0.50541090965271,0.5528919696807861,0.507270097732544,0.5094408988952637,0.5034985542297363,0.5456158194565628,0.0,0.1457636653436259,0.0,0.0,0.1237924827725767,0.1333376733991938,0.1347515441065702,0.1427485278926974,0.1457636653436259,0.0,0.0,0.0,0.0,0.0,0.0,MR,True,[1. 1. 1.],"(67, 218, 182)",False,3
CT_AbdomenAtlas_BDMAP_00003464,36.88248181343079,6.201935529708862,5.80652379989624,5.715492010116577,6.479713201522827,6.178805828094482,6.500011444091797,3.2620898807438587,3.554580958464704,0.8252546165659557,0.8975455324863039,0.7534505703069606,0.8033278539614273,0.810991061066229,0.8179260036629477,0.8188815807509908,0.8252546165659557,0.810036096921759,0.8786126904004181,0.8858519310704929,0.8886193920357027,0.8920305239151475,0.8975455324863039,CT,False,[0.54101598 0.54101598 2.5       ],"(75, 375, 511)",True,11
CT_LNQ_LymphNode-0042,8.546269655227661,1.3848397731781006,1.516697883605957,1.427652359008789,1.3980958461761477,1.4193589687347412,1.3996248245239258,2.811905403777719,3.497044499880939,0.7038784753645247,0.8758632368677413,0.6311506151442586,0.6875515104765709,0.701353889640678,0.7111279441555767,0.7037085770609165,0.7038784753645247,0.8447988369273737,0.8718306569221158,0.8774209728542198,0.87453716746893,0.871239412662861,0.8758632368677413,CT,True,[0.796875 0.796875 3.      ],"(10, 512, 512)",True,3
Microscopy_SELMA3D_patchvolume_vessel_020_2_1_0,185.74643278121948,30.229746103286743,30.92023801803589,31.993321180343628,30.475786924362183,31.351221799850464,30.776118755340576,2.599483194609196,3.689005437065719,0.6689951035943131,0.9369258396741316,0.5381894642688548,0.602330969337033,0.6366430229252995,0.660263554831799,0.6669135803864243,0.6689951035943131,0.8579841818936144,0.8882468148930779,0.9141431712297536,0.9293556103655674,0.9329203281867936,0.9369258396741316,Mi,False,[1. 1. 1.],"(12, 250, 250)",True,67
MR_ProstateT2_T2-ProstateX-0120,3.218376398086548,0.525505781173706,0.5229928493499756,0.5186216831207275,0.568842887878418,0.5427684783935547,0.539644718170166,3.602855804584796,3.656094682371073,0.9019790841445372,0.9158945277761352,0.8929909251637277,0.8984013348148524,0.8993127546360065,0.9015017188348108,0.9018511216342832,0.9019790841445372,0.9183535573916836,0.9116971342724312,0.91129740953387,0.915264911836326,0.915736529976594,0.9158945277761352,MR,True,[0.5        0.5        3.00000381],"(21, 384, 384)",True,1
MR_BraTS-T1n_bratsgli_0091,2.486547470092773,0.0,0.4807605743408203,0.4833505153656006,0.488109827041626,0.5377178192138672,0.4966087341308594,0.0036141329902689,0.0,0.0012330916971825,0.0,0.0,0.0005043095543737,0.00078620098156,0.000866733203761,0.0010924981791697,0.0012330916971825,0.0,0.0,0.0,0.0,0.0,0.0,MR,True,[1. 1. 1.],"(70, 218, 182)",False,4
CT_AbdTumor_case_00507,5.873335599899292,0.9327867031097412,0.9549951553344728,1.0823373794555664,1.0066759586334229,0.952944040298462,0.943596363067627,3.609897556207773,3.855777727137303,0.9019613080495272,0.9554669292008146,0.8755689314644439,0.8956411029007342,0.901231536385473,0.9042032183580242,0.9056615959891444,0.9019613080495272,0.9617464107464584,0.9686593922212184,0.9666420619587832,0.9656409506569136,0.9614315538105896,0.9554669292008146,CT,True,[0.79882812 0.79882812 5.        ],"(8, 512, 512)",True,2
US_Cardiac_patient0273_4CH_half_sequence,9.308798551559448,1.5692596435546875,1.61626935005188,1.5977773666381836,1.5118911266326904,1.498100519180298,1.515500545501709,2.9816112064789206,3.296666608929919,0.7310953057827835,0.8329362636639371,0.7066747388625075,0.7554900372454757,0.7516162602832633,0.7461236271009434,0.7405786475805841,0.7310953057827835,0.8054439626946063,0.8183585296991689,0.8217283556137067,0.8226323388812514,0.8266585177534077,0.8329362636639371,US,True,[0.308 0.308 1.   ],"(13, 292, 354)",True,3
MR_BraTS-T2w_bratsgli_0264,2.4567267894744877,0.0,0.4615600109100342,0.4753487110137939,0.4712233543395996,0.4767334461212158,0.5718612670898438,0.1939740138457621,0.0,0.0685724523965451,0.0,0.0,0.0368612714523689,0.0358367173024655,0.0403543873330819,0.0650660472857577,0.0685724523965451,0.0,0.0,0.0,0.0,0.0,0.0,MR,True,[1. 1. 1.],"(74, 218, 182)",False,2
MR_Spider_4_t1_spi,5.762822151184082,0.9646167755126952,0.9635589122772216,0.9977192878723145,0.9195771217346193,0.960228443145752,0.9571216106414796,2.370871937600497,3.4730820988966737,0.5893390687670755,0.8784137077065435,0.5630069917435999,0.570788474702844,0.5966531626922015,0.5985787996741196,0.5955762034992161,0.5893390687670755,0.8060176940948741,0.8372643357264903,0.8651375744209966,0.8730276428609132,0.8770778598982469,0.8784137077065435,MR,True,[0.510586   3.31962748 0.625     ],"(8, 553, 448)",True,1
CT_totalseg-vertebrae_s0957,67.04020500183105,10.939825773239136,10.565075159072876,10.355061531066896,11.571945905685425,12.15426254272461,11.454034090042114,3.7911831578651896,3.89796628501722,0.9509867231533706,0.9776188686782942,0.9159172083853002,0.9378371746621572,0.9478204995890112,0.9489135306307112,0.9500371787377032,0.9509867231533706,0.9402368212300038,0.9641838079079458,0.9753620291795232,0.9759905342523354,0.975712383292242,0.9776188686782942,CT,False,[1.5 1.5 1.5],"(381, 248, 248)",True,21
MR_BraTS-T2w_bratsgli_0615,2.4127914905548096,0.0,0.4758694171905517,0.4867842197418213,0.4931800365447998,0.4773283004760742,0.4796295166015625,0.7377800495936551,0.3326852272702303,0.2479785343921099,0.2575580193912831,0.0,0.0939332522632076,0.1641556976969569,0.1868201449727349,0.2158483135963044,0.2479785343921099,0.0,0.0,0.0,0.0,0.2039062175745887,0.2575580193912831,MR,True,[1. 1. 1.],"(46, 218, 182)",False,3
CT_totalseg-vertebrae_s0446,66.13066577911377,10.377174377441406,11.032730340957642,11.677178621292114,11.661325454711914,10.594107389450071,10.78814959526062,3.690356335245181,3.752156874558149,0.9273677112687309,0.9416029811460148,0.89848083442157,0.9093889461268636,0.9216512225303228,0.9236527562369432,0.9266740277801172,0.9273677112687309,0.907337592557314,0.9255780453160676,0.9367498580990424,0.9397708301150663,0.9420456731129988,0.9416029811460148,CT,False,[1.5 1.5 1.5],"(395, 239, 239)",True,20
MR_BraTS-T1n_bratsgli_0867,2.700369119644165,0.0,0.5250303745269775,0.5352826118469238,0.5444221496582031,0.5791046619415283,0.5165293216705322,0.0145491874683729,0.0,0.0061683986144417,0.0,0.0,0.0014530864851191,0.0006867837060565,0.0031444952815737,0.0069071659309621,0.0061683986144417,0.0,0.0,0.0,0.0,0.0,0.0,MR,True,[1. 1. 1.],"(90, 218, 182)",False,3
CT_TotalSeg_organs_s0770,60.513352394104,9.753902912139893,9.863234758377075,10.13511610031128,10.012804985046388,10.474875450134276,10.273418188095093,3.564858635060192,3.429709293358372,0.8992876900444668,0.8726371213426027,0.8291073016534165,0.8731070667044115,0.8867385168992193,0.8944325494784351,0.8974901903080982,0.8992876900444668,0.7610539933143239,0.8287326570068041,0.8485040480008971,0.8623839110191038,0.8681364451636675,0.8726371213426027,CT,False,[1.50000012 1.5        1.5       ],"(195, 189, 245)",True,20
CT_AbdomenAtlas_BDMAP_00002869,34.4587996006012,5.644774436950684,5.922734975814819,6.011632204055786,5.460792064666748,5.641919374465942,5.776946544647217,3.3393658410605664,3.456195155900417,0.8464821237725314,0.8815242750756741,0.7733429601090044,0.8152292621521827,0.8303727292179935,0.8350820482860596,0.8430553705941563,0.8464821237725314,0.7634782525581112,0.8390439969860732,0.8573659702744526,0.8635144831637237,0.8750305664313675,0.8815242750756741,CT,False,[0.97656298 0.97656298 2.5       ],"(155, 218, 341)",True,11
MR_BraTS-T2f_bratsgli_0839,2.422433376312256,0.0,0.448383092880249,0.4696822166442871,0.5028488636016846,0.520402193069458,0.4811170101165771,0.0258595769060033,0.0,0.0070466048774074,0.0,0.0,0.0123488021287161,0.0049216014133829,0.0057814992025518,0.0054587727870067,0.0070466048774074,0.0,0.0,0.0,0.0,0.0,0.0,MR,True,[1. 1. 1.],"(50, 218, 182)",False,3
US_Cardiac_patient0254_4CH_half_sequence,10.851849555969238,1.708176612854004,1.719925880432129,1.7043607234954834,1.8976404666900637,1.9492571353912356,1.8724887371063232,2.979755336088933,3.100429455951542,0.7732429592688614,0.7995120339969303,0.6567623385180178,0.716208515953332,0.7382703365485609,0.745669265425942,0.7510899965033335,0.7732429592688614,0.7440150723468145,0.7547932438983466,0.7697600323447196,0.7748589381101795,0.7786578465490046,0.7995120339969303,US,False,[0.308 0.308 1.   ],"(19, 390, 472)",True,3
US_Cardiac_patient0052_2CH_half_sequence,12.391206502914429,2.1627628803253174,2.0524652004241943,2.008063554763794,1.98187518119812,2.092048406600952,2.093991279602051,2.630495917730697,3.0410834145342127,0.6707545975332154,0.7567413309018397,0.68254540726744,0.6658471002968648,0.6587593399536026,0.6527468482692264,0.6506888805928278,0.6707545975332154,0.7563320360633151,0.7612980659696923,0.7624840666640494,0.7602965984510658,0.7592830509833313,0.7567413309018397,US,False,[0.308 0.308 1.   ],"(10, 584, 708)",True,3
MR_heart-ACDC_ACDC_patient061_frame01_lvrv,5.701438903808594,0.9995434284210204,0.96343994140625,0.9187912940979004,0.9578239917755128,0.928441286087036,0.933398962020874,3.666447443286869,3.8051430441870906,0.9242216349314356,0.9670797422201228,0.8829599956047454,0.9066670876996878,0.9128877426749766,0.9180395729188492,0.9200757663774812,0.9242216349314356,0.9000064916593677,0.9351442590528238,0.9420860445105416,0.9552926488390032,0.9566523502010724,0.9670797422201228,MR,True,[ 1.3671875  1.3671875 10.       ],"(7, 256, 216)",True,2
CT_AbdTumor_colon_108,3.0002636909484863,0.5094819068908691,0.4830622673034668,0.4985573291778564,0.5208313465118408,0.4991979598999023,0.4891328811645508,2.093422235746444,2.481714370774225,0.5135402253409764,0.6307044927796482,0.6054434228360013,0.6765033178090096,0.6867325032202662,0.3774493705528188,0.4342185903983657,0.5135402253409764,0.6062098730572741,0.6967410920539991,0.7030211675769525,0.5330188286362004,0.581951582144248,0.6307044927796482,CT,True,[0.76953101 0.76953101 5.        ],"(12, 512, 512)",True,1
MR_heart-ACDC_ACDC_patient137_frame01_lvrv,5.519891500473023,0.8754997253417969,0.890059232711792,0.917999267578125,0.971684455871582,0.9323265552520752,0.9323222637176514,2.552177649019568,3.00160980653281,0.706413266654476,0.7756029999766916,0.6121172206114949,0.6107910787552316,0.6393303504318518,0.6301449909754306,0.6241001349074307,0.706413266654476,0.71707933831928,0.7495581751164543,0.7624379850685553,0.7338490277755155,0.7427422061421666,0.7756029999766916,MR,True,[ 1.36719  1.36719 10.     ],"(7, 256, 216)",True,2
MR_Spider_172_t2_vet,16.68517827987671,2.6364221572875977,2.829923152923584,2.7116949558258057,2.7831547260284424,2.842123746871948,2.881859540939331,3.0415030209185234,2.4746065866690325,0.7608612661502981,0.6189502485600271,0.7329770858890208,0.7584574027443202,0.7603642112337873,0.7606734418482795,0.7608060333891474,0.7608612661502981,0.6446394354602469,0.6185633725925735,0.6183227767083687,0.6187037594901493,0.6188232398942143,0.6189502485600271,MR,False,[0.47453232 3.31841829 0.65891558],"(24, 596, 426)",True,6
MR_BraTS-T1n_bratsgli_0741,2.442340850830078,0.0,0.4922568798065185,0.5053563117980957,0.4944727420806885,0.4679758548736572,0.4822790622711181,0.5096945380031717,0.1421270881310016,0.3147500873820342,0.2842541762620032,0.0,0.1504812526935785,0.0625463306152705,0.0714153390144498,0.1431171983356449,0.3147500873820342,0.0,0.0,0.0,0.0,0.0,0.2842541762620032,MR,True,[1. 1. 1.],"(33, 218, 182)",False,2
Microscopy_SELMA3D_patchvolume_nuclei_004_3_0_0,196.30904722213745,33.379225969314575,29.476332187652588,32.00965452194214,33.578688859939575,33.62546467781067,34.239681005477905,2.9254156931216824,3.8326679348280592,0.7468615230164766,0.9666179088516328,0.66698326397892,0.7042092199962177,0.7226008479935864,0.7358682937488916,0.7414111798728573,0.7468615230164766,0.9408255520708084,0.9525737327098424,0.9511507714650652,0.9597539899213484,0.962167352660908,0.9666179088516328,Mi,False,[1. 1. 1.],"(33, 100, 100)",True,70
MR_BraTS-T1c_bratsgli_0616,2.5479815006256104,0.0,0.5311403274536133,0.5023126602172852,0.5009050369262695,0.5034661293029785,0.5101573467254639,0.7174343848635736,0.2517340349835935,0.2186075780400831,0.1727955586728649,0.0,0.0856263761902678,0.1572051197175328,0.1978354474572326,0.2102768405736324,0.2186075780400831,0.0,0.0,0.0,0.0,0.165336255647161,0.1727955586728649,MR,True,[1. 1. 1.],"(49, 218, 182)",False,3
Microscopy_SELMA3D_patchvolume_vessel_006_0_0_0,137.56882047653198,22.390294790267944,22.469167232513428,23.242666006088257,23.04157447814941,23.18580818176269,23.239309787750244,2.298125736821338,3.3771087221731646,0.5930638996360348,0.8553025100914681,0.4901676781443178,0.5388494046266455,0.5677012195581681,0.5794678924909369,0.5849999726408929,0.5930638996360348,0.7793104394764182,0.8153166929776002,0.8428873040762298,0.8483631377092338,0.8505486788531674,0.8553025100914681,Mi,False,[1. 1. 1.],"(13, 250, 250)",True,49
CT_AbdTumor_colon_032,2.998712539672852,0.5247993469238281,0.5275790691375732,0.482806921005249,0.4879524707794189,0.4814863204956054,0.4940884113311767,3.089987605040924,3.853286455438757,0.7875457875457875,0.9571354532937264,0.6962699822380106,0.7309356408869659,0.7524696584815128,0.7892946917048647,0.7889825406381697,0.7875457875457875,0.919530909529422,0.9580058593042924,0.9545448389501616,0.9712632729426622,0.969907687246924,0.9571354532937264,CT,True,[0.96093798 0.96093798 5.        ],"(7, 512, 512)",True,1
MR_Heart_la_014,3.904023170471192,0.7095611095428467,0.6379795074462891,0.6384506225585938,0.6280219554901123,0.6207456588745117,0.6692643165588379,3.701710731670511,3.4451435103009613,0.9254749147588894,0.8614759165730187,0.9229784013506434,0.9252732707398492,0.9254013494648674,0.925460374697385,0.9254749147588894,0.9254749147588894,0.8604770319509615,0.8609994664913242,0.8610109157902226,0.8614189864055486,0.8614759165730187,0.8614759165730187,MR,True,[1.25 1.25 1.37],"(66, 320, 320)",True,1
MR_BraTS-T1n_bratsgli_1009,2.592613697052002,0.0,0.5035200119018555,0.5117440223693848,0.5000870227813721,0.5116961002349854,0.5655665397644043,0.5635685915366547,0.0,0.1666666666666666,0.0,0.0,0.0864941003552035,0.129538801543144,0.1514287843224917,0.1560206221600839,0.1666666666666666,0.0,0.0,0.0,0.0,0.0,0.0,MR,True,[1. 1. 1.],"(61, 218, 182)",False,2
US_Cardiac_patient0218_2CH_half_sequence,11.778457403182983,2.2140142917633057,1.971785306930542,1.8425981998443604,1.9534811973571775,1.9028685092926023,1.8937098979949951,3.2292012814233177,3.1913026292921494,0.8140474554851508,0.8058936101690719,0.6487984083826218,0.7969892093591677,0.8032103988513638,0.8094657240779689,0.8110068260718254,0.8140474554851508,0.7210136272967015,0.7868791665478788,0.7928549453991901,0.8003494066918332,0.8017118888426508,0.8058936101690719,US,False,[0.308 0.308 1.   ],"(15, 519, 630)",True,3
CT_AbdTumor_PETCT_aa27cb9156,29.030619859695435,4.522941589355469,4.526491641998291,5.459559440612793,4.613836526870728,4.847527503967285,5.060263156890869,2.4392598145782216,2.6645167305232933,0.6113733935279435,0.6764589955958784,0.5670099373562101,0.6050990027702735,0.6049086531991976,0.6117199854794374,0.6143949777504781,0.6113733935279435,0.6236854541324521,0.6571682615360833,0.6573869348329971,0.6681120474060954,0.6722041197182198,0.6764589955958784,CT,False,[0.79882812 0.79882812 2.5       ],"(73, 512, 512)",True,9
MR_CHAOS-T1_20_T1DUAL,10.92008376121521,1.7578959465026855,1.7890896797180176,1.830181121826172,1.8062586784362795,1.8845741748809812,1.8520841598510744,3.547635984253016,3.44476238715525,0.8890693318986794,0.8639269119135005,0.8696140032754672,0.884826646619759,0.88514557589515,0.8874071260778539,0.8881352930207922,0.8890693318986794,0.8279017062904696,0.8584426796945492,0.8582807053487829,0.86192517282066,0.8633717131817823,0.8639269119135005,MR,False,[1.44097221 1.44097221 9.        ],"(20, 288, 288)",True,4
CT_LNQ_LymphNode-0531,6.363712549209595,1.0374901294708252,1.0483694076538086,1.0534217357635498,1.021934986114502,1.065974473953247,1.136521816253662,3.1510558039995598,3.854538479232728,0.7962039159045686,0.9674391481210316,0.684938301270599,0.7608830041189603,0.7834162379745434,0.7955156608097784,0.7935804452034732,0.7962039159045686,0.8651576010417106,0.9434003070623038,0.9605016052734155,0.9716916900605274,0.9669254563071176,0.9674391481210316,CT,True,[0.77148402 0.77148402 3.75      ],"(29, 512, 512)",True,2
US_Cardiac_patient0189_4CH_half_sequence,9.64222526550293,1.6288678646087646,1.6402952671051023,1.6199722290039062,1.5340476036071775,1.5464024543762207,1.6726398468017578,3.2945280064825573,3.264267006605714,0.8460950179585717,0.8427168370405539,0.7267806451376889,0.7733031918507266,0.8054161970758081,0.836687424647019,0.8427252798550815,0.8460950179585717,0.7287356690460894,0.7611085188219455,0.7954594136602905,0.8286637548705658,0.8382311601436077,0.8427168370405539,US,True,[0.308 0.308 1.   ],"(23, 422, 512)",True,3
CT_LNQ_LymphNode-0158,13.531872510910034,2.11932373046875,2.2840828895568848,2.317293405532837,2.2047855854034424,2.31243896484375,2.29394793510437,2.304329498593443,3.040572506485535,0.5767761763088659,0.7226580061361577,0.5121059984372593,0.5259255669703431,0.5659568063812176,0.5976228364602417,0.5893989841123795,0.5767761763088659,0.6717736017324918,0.7130550958404274,0.7829545468272099,0.7855728868126622,0.7541885218573703,0.7226580061361577,CT,False,[0.77148438 0.77148438 2.        ],"(161, 512, 512)",True,2
CT_AbdomenAtlas_BDMAP_00003241,35.763158321380615,6.076273202896118,5.962957859039307,5.764867782592773,5.925086975097656,5.9009435176849365,6.133028984069824,3.2287763309459376,3.1671050921848964,0.8167412433722916,0.8075873806188032,0.7533664110204912,0.789273240703464,0.8050938181767965,0.80882991748639,0.8118453532448735,0.8167412433722916,0.7149655075632462,0.7658483963124091,0.7876295690045778,0.7947298449446686,0.798027789770044,0.8075873806188032,CT,False,[0.9375 0.9375 1.    ],"(222, 311, 485)",True,9
MR_ProstateADC_ADC-ProstateX-0128,2.9949870109558105,0.4683089256286621,0.4718172550201416,0.4887866973876953,0.4921388626098633,0.5356802940368652,0.538254976272583,3.509177787050697,3.546354093921344,0.8804483188044832,0.891926038076116,0.8529690760766458,0.866874270144025,0.870250606305578,0.879851362510322,0.8854145237605431,0.8804483188044832,0.8395721347890953,0.8689187380447774,0.8768078441407818,0.8904761101033525,0.8986477516167622,0.891926038076116,MR,True,[2.         2.         3.00000024],"(10, 128, 84)",True,1
MR_BraTS-T1n_bratsgli_0254,2.536606311798096,0.0,0.5406179428100586,0.4972937107086181,0.4850397109985351,0.5052077770233154,0.5084471702575684,0.0242787878554166,0.0,0.0066438356164383,0.0,0.0,0.00400721298337,0.0073317998849913,0.0064459221061202,0.0051755415644008,0.0066438356164383,0.0,0.0,0.0,0.0,0.0,0.0,MR,True,[1. 1. 1.],"(42, 218, 182)",False,4
US_Cardiac_patient0276_4CH_half_sequence,13.222620725631714,2.1549479961395264,2.172646999359131,2.168360710144043,2.151230573654175,2.17287015914917,2.402564287185669,2.7139277922289686,3.001639015816534,0.662217206967986,0.7494881462027526,0.6617891970327235,0.6719863424940948,0.6760866947842518,0.6840423864509283,0.6866969362627481,0.662217206967986,0.7362823797222893,0.745401187497778,0.7468925832755161,0.7529360945925175,0.7543656710982352,0.7494881462027526,US,False,[0.308 0.308 1.   ],"(15, 422, 595)",True,3
MR_Spider_74_t2_vet,18.313329696655277,2.9990270137786865,2.899019479751587,3.0313880443573,2.9720475673675537,3.260525941848755,3.151321649551392,3.023543162040382,2.500241215049543,0.7594545579888683,0.6278653018148811,0.6429436293653404,0.7400527171585142,0.7553541134131155,0.759104720399498,0.7593306906540779,0.7594545579888683,0.5778819924280322,0.6164787099297788,0.6232418540510318,0.6272154137642773,0.627611941361904,0.6278653018148811,MR,False,[0.62523884 3.29995484 0.625     ],"(24, 448, 448)",True,6
MR_BraTS-T1n_bratsgli_0407,2.8126137256622314,0.0,0.5794022083282471,0.5839195251464844,0.5345284938812256,0.5351002216339111,0.5796632766723633,0.2575308966909245,0.0,0.0724091928930932,0.0,0.0,0.0335029727128459,0.0597967643714002,0.0731395573374038,0.0716384921791508,0.0724091928930932,0.0,0.0,0.0,0.0,0.0,0.0,MR,True,[1. 1. 1.],"(80, 218, 182)",False,3
CT_AbdomenAtlas_BDMAP_00007636,40.19707536697388,6.844968318939209,6.685245752334595,6.1441285610198975,6.782621145248413,6.991027355194092,6.749084234237671,3.3986626346965627,3.525843111846876,0.8594103110257565,0.8967823088136552,0.7835368044259546,0.8254571406590945,0.8446303009143395,0.8546407205922307,0.8569578873475671,0.8594103110257565,0.7635019164704295,0.8455470736098588,0.8714669856467007,0.8917014886263612,0.8915099463620567,0.8967823088136552,CT,False,[0.70703125 0.70703125 2.        ],"(215, 314, 486)",True,10
MR_BraTS-T2w_bratsgli_0520,2.5342767238616943,0.0,0.5011551380157471,0.4918045997619629,0.5157084465026855,0.5107307434082031,0.5148777961730957,0.5662447254165734,0.0,0.1630765997688347,0.0,0.0,0.0624927937276605,0.1368157449209932,0.1612624210483968,0.1553818626989358,0.1630765997688347,0.0,0.0,0.0,0.0,0.0,0.0,MR,True,[1. 1. 1.],"(80, 218, 182)",False,2
CT_totalseg-vertebrae_s0390,36.978912353515625,6.135665416717529,6.1166839599609375,5.943607330322266,6.178667306900024,6.314465761184692,6.289822578430176,3.747266888893316,3.799731258796737,0.9374416438698906,0.9530042547987916,0.869668717696007,0.925744533210064,0.9360909156644244,0.9401800736526792,0.939402811036235,0.9374416438698906,0.8788833507532606,0.9376976801918974,0.9490151153219772,0.9524062283065852,0.9529589476728296,0.9530042547987916,CT,False,[1.5 1.5 1.5],"(255, 247, 247)",True,12
MR_BraTS-T1n_bratsgli_0593,2.742685556411743,0.0,0.5578992366790771,0.5471193790435791,0.5402648448944092,0.5485825538635254,0.5488195419311523,0.779322382212209,0.4365574380561063,0.2160947952837777,0.1786165008837705,0.0,0.135771744595274,0.1777557301368753,0.2086826528756994,0.2169507292601083,0.2160947952837777,0.0,0.0,0.0,0.1688285535541831,0.178420634060038,0.1786165008837705,MR,True,[1. 1. 1.],"(79, 218, 182)",False,3
CT_totalseg-vertebrae_s0661,65.2112386226654,10.902764797210692,10.445785999298096,10.819604396820068,10.864888906478882,10.9786639213562,11.199530601501465,3.631412788718603,3.769289401395361,0.9186438133566772,0.9546787822676552,0.8403228904920477,0.8789119077138714,0.9034582455727904,0.9130667687082342,0.916109913902304,0.9186438133566772,0.8715275994484127,0.9143725227410074,0.936656606851753,0.947936574999186,0.9501705670400908,0.9546787822676552,CT,False,[1.5 1.5 1.5],"(339, 252, 252)",True,21
US_Cardiac_patient0187_4CH_half_sequence,10.841766595840454,1.83089542388916,1.779109239578247,1.8596582412719729,1.8434090614318848,1.7930235862731934,1.735671043395996,3.3010014022510887,3.2879037943412097,0.8201622563258731,0.8174600691978791,0.7163746652833605,0.8171115997653228,0.8216226048628879,0.837836246781268,0.8229056225613349,0.8201622563258731,0.7720944352820268,0.8073447438047507,0.8139615380285677,0.8416826326818394,0.8198572171294879,0.8174600691978791,US,False,[0.308 0.308 1.   ],"(19, 454, 551)",True,3
US_Cardiac_patient0051_4CH_half_sequence,11.786539316177368,1.9328572750091555,1.9502363204956052,1.9636530876159668,1.9443554878234863,2.02190375328064,1.9735333919525144,3.226963195149246,3.039311240338706,0.821062669974348,0.7777193555913989,0.768104657673823,0.7916834538148256,0.7843971775327097,0.8162482607344922,0.8199446949874577,0.821062669974348,0.7164277068481972,0.7415734364588359,0.7323493761284592,0.7713592830216793,0.7759561851634503,0.7777193555913989,US,False,[0.308 0.308 1.   ],"(25, 519, 630)",True,3
MR_BraTS-T2f_bratsgli_0513,2.373835563659668,0.0,0.4870388507843017,0.4675660133361816,0.472987413406372,0.4793360233306885,0.466907262802124,0.5831698960518982,0.3181393029972003,0.2207613896401081,0.2184223410623582,0.0,0.0971458773784355,0.1060143138157619,0.1130949669779093,0.205106981748955,0.2207613896401081,0.0,0.0,0.0,0.0,0.2089281324660212,0.2184223410623582,MR,True,[1. 1. 1.],"(35, 218, 182)",False,2
MR_BraTS-T1n_bratsgli_1243,2.3713743686676025,0.0,0.5117402076721191,0.4735641479492187,0.4686555862426758,0.4550940990447998,0.462320327758789,0.8346126600160908,0.5664165522431234,0.2539140176445876,0.2567253009430552,0.0,0.1519392973367868,0.1708257252992493,0.2222555069598386,0.2386047702663154,0.2539140176445876,0.0,0.0,0.0,0.2104855801267839,0.2275683216448118,0.2567253009430552,MR,True,[1. 1. 1.],"(52, 218, 182)",False,3
MR_BraTS-T1n_bratsgli_0285,2.4297375679016118,0.0,0.4698939323425293,0.4861061573028564,0.4914400577545166,0.5014145374298096,0.4808828830718994,0.1222675083100629,0.0,0.0247460180405268,0.0,0.0,0.0379743248221724,0.0349948704587275,0.0322036384976525,0.0237088279223331,0.0247460180405268,0.0,0.0,0.0,0.0,0.0,0.0,MR,True,[1. 1. 1.],"(76, 218, 182)",False,2
MR_BraTS-T1n_bratsgli_1175,2.367058515548706,0.0,0.4711363315582275,0.4988884925842285,0.4571914672851562,0.4602582454681396,0.4795839786529541,0.1257894063374348,0.0,0.0649260874189088,0.0,0.0,0.0368193474720625,0.0385238011900595,0.0126193906408409,0.0237734970610487,0.0649260874189088,0.0,0.0,0.0,0.0,0.0,0.0,MR,True,[1. 1. 1.],"(64, 218, 182)",False,2
MR_heart-ACDC_ACDC_patient074_frame01_myo,2.1384968757629395,0.0,0.4170901775360107,0.4132246971130371,0.4510047435760498,0.4302425384521484,0.4269347190856933,1.8542256248311155,2.22725123188343,0.6265224593198869,0.7300712812919222,0.0,0.2473475597549745,0.2896778744415706,0.533380182712579,0.5942325581395349,0.6265224593198869,0.0,0.3892314970946814,0.3709070267067078,0.6112062815657977,0.6854865344176228,0.7300712812919222,MR,True,[ 1.5625  1.5625 10.    ],"(7, 256, 256)",False,1
CT_TotalSeg_cardiac_s1286,5.255446672439575,0.9098525047302246,0.856048583984375,0.8701250553131104,0.8708243370056152,0.8798654079437256,0.8687307834625244,3.346255059007837,3.870906608637927,0.8651205915456178,0.9900525139377708,0.766334157477158,0.8035874628340152,0.8182901180222578,0.8427943340029879,0.8508165797927749,0.8651205915456178,0.8466790372560106,0.9199109505968468,0.9499420934670476,0.981584968481721,0.9843978144218496,0.9900525139377708,CT,True,[1.5 1.5 1.5],"(60, 206, 206)",True,2
MR_AMOSMR_amos_0595,34.01503276824951,5.615680456161499,5.5918073654174805,5.659504652023315,5.523417234420776,5.816495656967163,5.808127403259277,3.073787954716653,3.280871480908975,0.7873254492621208,0.8494420753583856,0.6817202045261087,0.7320951942696889,0.7500954832434551,0.7748263391061413,0.7891558106011516,0.7873254492621208,0.6786385022870213,0.7577609896211973,0.793026284957814,0.8323830985656104,0.8518605648957598,0.8494420753583856,MR,False,[1.1875 1.1875 3.    ],"(72, 260, 320)",True,12
CT_TotalSeg_organs_s0849,19.76508498191833,3.34665584564209,3.306236982345581,3.181612253189087,3.1037425994873047,3.233154773712158,3.5936825275421143,2.980425253194883,2.6107430776432405,0.801121064228268,0.7292995738974809,0.5636910332923473,0.6767974819600776,0.708344192355944,0.75293544526676,0.7801863424780062,0.801121064228268,0.4677714887362967,0.5673913948072489,0.5984692360592445,0.6617668401141797,0.7021615171174513,0.7292995738974809,CT,False,[1.5 1.5 1.5],"(77, 251, 251)",True,7
MR_heart-ACDC_ACDC_patient146_frame10_lvrv,5.572674512863159,0.899639368057251,0.8865170478820801,1.041308879852295,0.905728816986084,0.9165210723876952,0.922959327697754,2.376792383950831,2.7469985891967124,0.583963088383334,0.6845805453685017,0.5047133626800443,0.5832644473576288,0.6026487372448542,0.6113109859529309,0.579218892882565,0.583963088383334,0.5958114482731498,0.6723925662782605,0.6699671086610287,0.7115327716434202,0.6870121530688822,0.6845805453685017,MR,True,[ 1.48438001  1.48438001 10.        ],"(7, 256, 232)",True,2
MR_Spider_2_t2_ivd,17.62006378173828,2.778172731399536,2.7913880348205566,2.97796368598938,3.0570435523986816,3.099003314971924,2.916492462158203,2.8031377427290494,3.1176666984295376,0.7122411501788539,0.791638722104217,0.6096913851472787,0.6769114235161936,0.6935087944488165,0.7029390100426869,0.7121136513900224,0.7122411501788539,0.6780915353759172,0.7387315275692803,0.7680287377531223,0.7851028807610511,0.7993499550786157,0.791638722104217,MR,False,[0.75390579 4.78853504 0.67708331],"(13, 346, 384)",True,6
MR_WMH_T1_Singapore_68,47.36531329154968,7.907842397689819,7.871567964553833,7.990862131118774,7.748895883560181,8.049593448638916,7.796551465988159,1.375421699695632,2.0593154448155198,0.338161653888098,0.5116274435257961,0.3014948577832013,0.3385203665636189,0.3477915617403361,0.3485956935322706,0.3406934341971669,0.338161653888098,0.4730813920733543,0.5104273687316572,0.5150105340973576,0.5216052963639536,0.5116722082254813,0.5116274435257961,MR,False,[1.         1.         3.00000334],"(27, 256, 232)",True,17
CT_AbdTumor_PETCT_13f476b02b,8.967738389968872,1.5601601600646973,1.4868428707122805,1.5095443725585938,1.440257549285889,1.4800231456756592,1.490910291671753,2.7165508250306027,2.1844550190006986,0.7682033819223446,0.712287086199757,0.5857838543242802,0.5876889233084394,0.610021318754671,0.6842321712668031,0.7443511823937364,0.7682033819223446,0.4201036153916291,0.4334637382531224,0.4406781965608672,0.518907962159945,0.6519934480534467,0.712287086199757,CT,True,[0.88671875 0.88671875 1.        ],"(90, 512, 512)",True,2
CT_AbdTumor_PETCT_37952b7ffb,31.534914016723636,4.771729469299316,5.5398478507995605,5.205341577529907,5.587904930114746,5.192995071411133,5.23709511756897,2.402565029981909,2.5931150531408846,0.6060799792574472,0.6592786901522311,0.570312043463727,0.5939155517567818,0.5983591109567861,0.6021205444907546,0.602087609027254,0.6060799792574472,0.5988304111803836,0.634475418224723,0.640758620694315,0.6522478513262571,0.6532315269318354,0.6592786901522311,CT,False,[0.84375 0.84375 2.5    ],"(89, 512, 512)",True,9
MR_ISLES2022_ADC_sub-strokecase0011,14.19825267791748,2.4377546310424805,2.135502576828003,2.298069953918457,2.359148502349853,2.46647572517395,2.5013012886047363,2.3065354996179783,2.962698268094856,0.5809248535310478,0.748354221657876,0.52080310956011,0.5563584177737948,0.5715851318522012,0.5836519007334162,0.5826568313799393,0.5809248535310478,0.6609573675884028,0.7270229942188603,0.7351505848912968,0.7440029099038925,0.7458561653612988,0.748354221657876,MR,False,[2. 2. 2.],"(28, 112, 112)",True,5
MR_Spider_71_t2_ivd,22.048548698425293,3.4499096870422363,3.6359262466430655,3.709853410720825,3.6845779418945312,3.640422105789185,3.927859306335449,2.545360125032612,3.2454757211740373,0.662207249211956,0.8441163932252905,0.5674605197414084,0.6021926718705284,0.6235062031202505,0.6381370392426224,0.6515169221284964,0.662207249211956,0.7173510730233935,0.7661065698334765,0.7948871557987691,0.8131407967416033,0.832336287104281,0.8441163932252905,MR,False,[0.72916669 4.80000005 0.72916669],"(11, 384, 384)",True,8
MR_BraTS-T1c_bratsgli_0598,2.523534059524536,0.0,0.5245938301086426,0.5023629665374756,0.4935944080352783,0.4932229518890381,0.5097599029541016,0.0089792273860854,0.0,4.339995226005251e-05,0.0,0.0,0.0059400271953052,0.0013655820793613,0.0006512536633018,0.0039706780696395,4.339995226005251e-05,0.0,0.0,0.0,0.0,0.0,0.0,MR,True,[1. 1. 1.],"(70, 218, 182)",False,3
US_Cardiac_patient0228_4CH_half_sequence,12.602521657943726,2.0566723346710205,2.111818313598633,2.1212728023529053,2.090605497360229,2.092419147491455,2.1297335624694824,3.3085359138963404,3.236886138628486,0.8364954424655556,0.817472807767138,0.7911952843340185,0.7540887048040466,0.8362619906564187,0.850708393923915,0.8262734556812058,0.8364954424655556,0.7714405862923382,0.763299866595276,0.8146085572909384,0.8212199521891345,0.8106712919672062,0.817472807767138,US,False,[0.308 0.308 1.   ],"(19, 552, 669)",True,3
CT_TotalSeg_cardiac_s0293,30.3586061000824,5.387732744216919,5.161816120147705,4.930144786834717,4.749671220779419,4.906742811203003,5.222498416900635,3.570067138580711,3.7058161652340407,0.9142464220011493,0.9552265066775012,0.7479775643069743,0.8550995894530978,0.8769234797072721,0.8979599265125413,0.910510726633774,0.9142464220011493,0.7656432329246847,0.8766449695737711,0.904785116462878,0.9340199687846004,0.951075341860926,0.9552265066775012,CT,False,[1.5 1.5 1.5],"(290, 240, 240)",True,9
MR_heart-ACDC_ACDC_patient070_frame01_myo,2.390316963195801,0.0,0.5018479824066162,0.453498363494873,0.5141301155090332,0.46563720703125,0.4552032947540283,1.3331641526284672,2.2252421859644107,0.3708502024291498,0.5641413584481484,0.0,0.2016118715619803,0.3013290802764487,0.3318869165023011,0.4137171188541523,0.3708502024291498,0.0,0.4154941867811121,0.5757357519673995,0.5434051872387489,0.6162834741436322,0.5641413584481484,MR,True,[ 1.5625  1.5625 10.    ],"(6, 256, 208)",False,1
CT_AbdomenAtlas_BDMAP_00001855,31.76279306411743,5.173284292221069,5.344430923461914,5.305338382720947,5.372391223907471,5.296107053756714,5.271241188049316,3.000749916444102,3.348678924850489,0.7774606374175834,0.8776734971191318,0.6524380606342978,0.7082035029279411,0.7326051157247836,0.755446342690784,0.7698663878557722,0.7774606374175834,0.7407716585517679,0.7947918595130714,0.8169408804107386,0.8407749751963499,0.8547303909272991,0.8776734971191318,CT,False,[0.609375 0.609375 5.      ],"(78, 419, 586)",True,9
MR_BraTS-T2f_bratsgli_0869,2.828157424926758,0.0,0.5660195350646973,0.6779248714447021,0.547752857208252,0.5112299919128418,0.5252301692962646,0.2290983065499836,0.0,0.0617559877629305,0.0,0.0,0.0373941956103266,0.0524575478533507,0.0603750478377344,0.0666906191722698,0.0617559877629305,0.0,0.0,0.0,0.0,0.0,0.0,MR,True,[1. 1. 1.],"(59, 218, 182)",False,3
CT_TotalSeg_muscles_s0232,45.64269495010376,7.753305673599243,7.855938673019409,7.9157867431640625,7.362419128417969,7.516651153564453,7.238593578338623,3.328191594476907,2.979411303356363,0.8659193487513284,0.7813024829473478,0.6479382992387109,0.7680473478074376,0.8243225991643971,0.8366155063462506,0.8502701406868766,0.8659193487513284,0.5811534921135966,0.6827595732002372,0.7357510961697245,0.7515153469595057,0.7601138321533402,0.7813024829473478,CT,False,[1.5 1.5 1.5],"(279, 148, 279)",True,15
MR_BraTS-T1n_bratsgli_1027,2.459944248199463,0.0,0.4909510612487793,0.4981911182403564,0.4727017879486084,0.4934823513031006,0.5046179294586182,0.504833388400828,0.0,0.1624387567864101,0.0,0.0,0.0869606448553817,0.1105503484739245,0.1294755638943063,0.1401077752117013,0.1624387567864101,0.0,0.0,0.0,0.0,0.0,0.0,MR,True,[1. 1. 1.],"(59, 218, 182)",False,3
CT_TotalSeg_cardiac_s0377,43.569483518600464,7.1861326694488525,7.789008617401123,7.514860391616821,7.252748966217041,7.194923162460327,6.631809711456299,3.387255240769794,3.616745630169096,0.8593685182017293,0.9197777561293228,0.7834065750105275,0.8272406114047735,0.8377486716408968,0.8468104484189759,0.8593915559066702,0.8593685182017293,0.8248326273695346,0.8757466520672449,0.8954020457886717,0.9042473274063232,0.9193340528758168,0.9197777561293228,CT,False,[1.5 1.5 1.5],"(203, 248, 248)",True,14
US_Cardiac_patient0223_4CH_half_sequence,10.341235876083374,1.6965510845184326,1.669335126876831,1.6537249088287354,1.7602460384368896,1.6570725440979004,1.904306173324585,3.341538542735542,3.340843359678512,0.8470357957865519,0.8536435629467597,0.8014642562189843,0.7827279089463034,0.8371193011190169,0.8430310491552208,0.8465063400948766,0.8470357957865519,0.7944367949227519,0.7803051787698821,0.8333395556184021,0.8406378281099117,0.8498916050918771,0.8536435629467597,US,False,[0.308 0.308 1.   ],"(20, 422, 451)",True,3
MR_crossmoda_crossmoda2023_ldn_62_ceT1,10.980318546295166,1.8717930316925049,1.818587064743042,1.8216030597686768,1.8241333961486816,1.8383383750915527,1.805863618850708,2.674688643503609,3.881575593082923,0.6821767429031296,0.9757494143829132,0.5699484128428056,0.6170270460056754,0.6557354495530074,0.6779749995262637,0.6913762999699359,0.6821767429031296,0.8730872602291173,0.9297366537108884,0.9674946206485115,0.9849339444035624,0.9764039939839486,0.9757494143829132,MR,False,[0.41015625 0.41015625 1.5       ],"(7, 512, 512)",True,4
Microscopy_SELMA3D_patchvolume_nuclei_004_3_1_1,200.23773956298828,33.01182460784912,30.775583505630493,34.69998288154602,33.67284417152405,34.13878273963928,33.93872165679932,2.665043504975513,3.6907967284430008,0.6857046304507124,0.9361321727333924,0.6032097929198987,0.6342809959836524,0.6554514158214906,0.6670185909097794,0.6825806850270603,0.6857046304507124,0.8942665557779127,0.9105792764712954,0.91742833770119,0.9142903696339434,0.9357222965055232,0.9361321727333924,Mi,False,[1. 1. 1.],"(33, 100, 100)",True,71
MR_Spider_62_t1_spi,3.816610097885132,0.6479148864746094,0.6255135536193848,0.6381847858428955,0.6319117546081543,0.634329080581665,0.6387560367584229,2.279242632381559,3.128697396893938,0.6355664814850661,0.8596026478654424,0.3773739927318691,0.5133408960233719,0.5385633843257988,0.5625644580452094,0.603661101256332,0.6355664814850661,0.5590410763404371,0.7223811292934251,0.747928145118713,0.7681077683385842,0.8216695948572069,0.8596026478654424,MR,True,[0.875      4.80000008 0.875     ],"(7, 320, 320)",True,1
MR_BraTS-T1n_bratsgli_0989,2.5593340396881104,0.0,0.514028787612915,0.5093398094177246,0.5129892826080322,0.5205833911895752,0.5023927688598633,0.0120050312849304,0.0,0.0040736654502249,0.0,0.0,0.0014049419194113,0.0024098181456822,0.0023690894880812,0.0044868199663488,0.0040736654502249,0.0,0.0,0.0,0.0,0.0,0.0,MR,True,[1. 1. 1.],"(97, 218, 182)",False,4
MR_BraTS-T1n_bratsgli_0287,2.316136360168457,0.0,0.4698836803436279,0.455543041229248,0.476356029510498,0.4437198638916015,0.4706337451934814,0.069499475955218,0.0,0.0185012147262194,0.0,0.0,0.010761454426871,0.0153096729297146,0.0197861496952133,0.0197723187537447,0.0185012147262194,0.0,0.0,0.0,0.0,0.0,0.0,MR,True,[1. 1. 1.],"(57, 218, 182)",False,4
CT_AbdTumor_colon_069,3.1695780754089355,0.5164330005645752,0.5440475940704346,0.5316109657287598,0.5401895046234131,0.5344367027282715,0.5028603076934814,2.973076156220405,3.008239132076179,0.7949945593035909,0.8270162007161931,0.6425942923547194,0.677579517603755,0.7166549556746975,0.7475888120880887,0.772545350003946,0.7949945593035909,0.5375806141918631,0.6378776058894997,0.7149186455149603,0.7674128456648968,0.7934607375934754,0.8270162007161931,CT,True,[0.70507801 0.70507801 3.        ],"(18, 512, 512)",True,1
MR_WMH_T1_Amsterdam_GE3T_148,28.642306804656982,4.644496202468872,4.600893497467041,4.687308073043823,4.621067047119141,5.026345491409302,5.062196493148804,1.6091203243318524,2.519734371214769,0.4208715912353738,0.6642751350351334,0.3568388639689565,0.385218572442633,0.3959206089319417,0.3993178820710214,0.4108367514898859,0.4208715912353738,0.5619932984922374,0.5948534691070356,0.6189275769608701,0.6276886064168348,0.6435538857659799,0.6642751350351334,MR,False,[1.20000005 0.97659999 3.        ],"(17, 256, 124)",True,10
MR_BraTS-T1n_bratsgli_0232,2.861623764038086,0.0,0.5290348529815674,0.5572059154510498,0.5568666458129883,0.6375846862792969,0.5809316635131836,0.0036555189167887,0.0,0.0009168143756494,0.0,0.0,0.0005700387626358,0.0010371292263015,0.0009896417496866,0.0008853213716579,0.0009168143756494,0.0,0.0,0.0,0.0,0.0,0.0,MR,True,[1. 1. 1.],"(93, 218, 182)",False,4
US_Cardiac_patient0214_2CH_half_sequence,12.2301127910614,2.1540868282318115,1.9957833290100095,2.021620750427246,1.9441249370574951,1.9768774509429927,2.1376194953918457,3.3172302010136816,3.2458501953419705,0.8363638256968894,0.8187626179891097,0.7922525903233906,0.817916192664654,0.8254071611875463,0.8306437273198087,0.834039303325555,0.8363638256968894,0.7535339137283869,0.7964512153369899,0.8076897740302152,0.8143902658715357,0.8161632387771696,0.8187626179891097,US,False,[0.308 0.308 1.   ],"(26, 552, 669)",True,3
CT_LungLesions_lung_092,3.688018798828125,0.6708376407623291,0.5447344779968262,0.7397251129150391,0.5500447750091553,0.5718917846679688,0.6107850074768066,3.102966737316972,3.657663123128465,0.7755882915630381,0.9181094327123398,0.8058608058608059,0.7721446336330591,0.7750335056480949,0.7782442748091603,0.7758224942616679,0.7755882915630381,0.925359071214446,0.9070078466531296,0.9103672922041792,0.9166105566864092,0.9181266345551414,0.9181094327123398,CT,True,[0.94921899 0.94921899 1.24489796],"(15, 512, 512)",True,1
CT_TotalSeg_muscles_s0785,34.88167715072632,5.617091178894043,5.818023681640625,5.71245002746582,5.805938720703125,5.879650592803955,6.04852294921875,3.4349855270641267,3.467504854679704,0.8787878788588402,0.8945004686473345,0.678537255239878,0.8015230089269081,0.8590214176246631,0.8654685302414064,0.8703401353051831,0.8787878788588402,0.6784608142855909,0.7934867936527495,0.8654226505489406,0.8737679643954993,0.8843206085852217,0.8945004686473345,CT,False,[1.5 1.5 1.5],"(211, 179, 209)",True,12
MR_Head_HNTSMRG24_99_midRT_T2,14.133128881454468,2.245164632797241,2.515031337738037,2.2916219234466557,2.4221091270446777,2.311151027679444,2.348050832748413,3.2778258954589523,3.811910835026615,0.8380707163834531,0.9696997473874416,0.7591447567761984,0.7931976529805727,0.8131798336190632,0.820672583616794,0.8283392935410824,0.8380707163834531,0.8747253245009577,0.9187016951010718,0.9472410803463388,0.9560839947397772,0.9643850386962428,0.9696997473874416,MR,False,[0.5 0.5 2. ],"(59, 512, 512)",True,4
PET_autoPET_psma_505ebb983b71c700_2015-11-07,133.70439076423645,20.073403358459476,21.721380472183228,22.629157304763797,22.922069311141968,22.92002367973328,23.438356637954712,2.0035904452869837,2.0479358362413174,0.5227137014739104,0.5388921878449655,0.4110935831017329,0.4629574505869852,0.4915411560894116,0.5010274828788992,0.5181862302882244,0.5227137014739104,0.3971566060872425,0.4620938830440385,0.5005378226577005,0.5149067077109395,0.5319982704281753,0.5388921878449655,PE,False,[4.0728302 4.0728302 5.       ],"(165, 168, 168)",True,46
MR_Spider_243_t1_ivd,18.953132390975952,3.223897695541382,3.4004616737365723,3.1609256267547607,3.110259771347046,3.0473833084106445,3.010204315185547,3.3986571869940407,3.8687688786314753,0.8552918714318821,0.97182154791068,0.79146191167441,0.8364094427797972,0.8476615779131184,0.8515215469886905,0.8536234049863917,0.8552918714318821,0.903136326565136,0.9528472382011838,0.9664703215599136,0.9688646216267326,0.9710995423888974,0.97182154791068,MR,False,[0.58738303 3.30690272 0.625     ],"(14, 478, 448)",True,7
CT_AbdomenAtlas_BDMAP_00002544,38.7560977935791,5.6192169189453125,6.030904531478882,6.324098348617554,7.055820941925049,6.756753206253052,6.969303846359253,3.352617937031141,3.6234681041565446,0.855797173665285,0.9304163189121708,0.7462991111473454,0.807282256520926,0.8307422694708521,0.84058389407191,0.8497520583952739,0.855797173665285,0.8031143141360219,0.8663869463856199,0.8950913488016323,0.9094055628944197,0.9205695598115976,0.9304163189121708,CT,False,[0.77929699 0.77929699 2.5       ],"(144, 308, 486)",True,11
CT_AbdTumor_hepaticvessel_192,3.532094955444336,0.5613441467285156,0.627443790435791,0.5998854637145996,0.5794103145599365,0.5759916305541992,0.588019609451294,3.1874825027083524,2.858175976479144,0.8148112527049771,0.737128879525374,0.7005587019745906,0.7664559237096399,0.7778617470549011,0.8067171705326359,0.812269996913507,0.8148112527049771,0.573225216714468,0.658617160218274,0.6799121483918072,0.7427818609580619,0.7376089472574506,0.737128879525374,CT,True,[0.88099998 0.88099998 2.        ],"(18, 512, 512)",True,1
CT_AbdTumor_PETCT_f24f3ce1da,20.057169437408447,3.0771749019622803,3.1252498626708984,3.2402286529541016,3.336535215377808,3.327658176422119,3.95032262802124,2.104651923081499,1.94689848612277,0.5213949756969777,0.4827992052742475,0.5050213085766837,0.5143132913798925,0.5209109612388021,0.5310196658908485,0.5348671624134134,0.5213949756969777,0.4562204826677742,0.4659088918040848,0.484546903871976,0.4936755550073418,0.4943219787042859,0.4827992052742475,CT,False,[0.9453125 0.9453125 1.       ],"(150, 512, 512)",True,5
MR_BraTS-T1c_bratsgli_1198,2.3978312015533447,0.0,0.4381074905395508,0.4548089504241943,0.4852335453033447,0.5118405818939209,0.507840633392334,0.02335821653416,0.0,0.0033376123234916,0.0,0.0,0.0291450165328294,0.0016811768237766,0.0029527559055118,0.002482969376711,0.0033376123234916,0.0,0.0,0.0,0.0,0.0,0.0,MR,True,[1. 1. 1.],"(40, 218, 182)",False,2
MR_BraTS-T1n_bratsgli_0140,2.6211116313934326,0.0,0.5072715282440186,0.5367796421051025,0.5315518379211426,0.5263197422027588,0.5191888809204102,0.5004663200432731,0.0,0.188783297426653,0.0,0.0,0.0502110751311258,0.0635353260046637,0.1434475576816687,0.1739862500780511,0.188783297426653,0.0,0.0,0.0,0.0,0.0,0.0,MR,True,[1. 1. 1.],"(96, 218, 182)",False,3
MR_BraTS-T2w_bratsgli_0266,2.824315309524536,0.0,0.5183045864105225,0.5895853042602539,0.6087379455566406,0.5511348247528076,0.5565526485443115,0.176437230880593,0.0,0.0467964896843957,0.0,0.0,0.0479940659353395,0.0402952883620614,0.0449637052553397,0.0437829594533241,0.0467964896843957,0.0,0.0,0.0,0.0,0.0,0.0,MR,True,[1. 1. 1.],"(84, 218, 182)",False,2
Microscopy_SELMA3D_patchvolume_cfos_009_0_1_0,69.13601756095886,12.203694581985474,11.42223572731018,10.859437704086304,11.310087442398071,11.15112590789795,12.189436197280884,3.3689968248606634,3.996899698254269,0.843122981391553,0.9946216840107336,0.7920025842858052,0.8227337688667531,0.8379664192281303,0.8510862297971389,0.8470158007062414,0.843122981391553,0.9784494267882716,0.9994207366101628,0.9999335461445358,0.9999726384559404,0.9999723033433447,0.9946216840107336,Mi,False,[1. 1. 1.],"(25, 50, 50)",True,26
Microscopy_SELMA3D_patchvolume_ADplaques_019,3.1966469287872314,0.5595002174377441,0.5734219551086426,0.5379464626312256,0.5272386074066162,0.5101253986358643,0.4884142875671386,3.711816860557364,4.0,0.926829268292683,1.0,0.8592592592592593,0.9206349206349206,0.9344262295081968,0.926829268292683,0.926829268292683,0.926829268292683,1.0,1.0,1.0,1.0,1.0,1.0,Mi,True,[1. 1. 1.],"(21, 300, 300)",True,1
CT_AbdomenAtlas_BDMAP_00005542,34.7804479598999,5.470176458358765,6.095449924468994,5.9367289543151855,5.888939142227173,5.637202501296997,5.751950979232788,3.4602981929915613,3.405497546462281,0.8710637324544172,0.8572031977983707,0.8013684493045827,0.8440590822965955,0.863125383353854,0.8708161976224277,0.8687952046397733,0.8710637324544172,0.7537077943091943,0.8281104538923302,0.8516353410438147,0.8571842876958108,0.8540210918773056,0.8572031977983707,CT,False,[0.71289098 0.71289098 3.        ],"(80, 383, 512)",True,10
CT_AbdTumor_liver_37,14.875044345855711,2.416391134262085,2.54304575920105,2.4522838592529297,2.5705008506774902,2.469442844390869,2.423379898071289,3.4615646772912583,3.9586285667132257,0.8657016220800798,0.9894288068704972,0.8302789186408942,0.8596533518301843,0.866749494518058,0.8664011914942261,0.865736504323842,0.8657016220800798,0.973842657650832,0.9902423112319314,0.9900409355576828,0.9893253635869078,0.989426708517421,0.9894288068704972,CT,False,[1. 1. 1.],"(35, 512, 512)",True,5
MR_WMH_FLAIR_Singapore_56,23.232393980026245,4.001343011856079,3.85805082321167,3.837140321731568,3.779435157775879,3.941011667251587,3.815412998199463,1.1262080792064932,1.9866716055191944,0.3079408692565937,0.5243124374666018,0.1583547461874664,0.2534230250221638,0.2637560258647762,0.2758124012377806,0.3059577049645576,0.3079408692565937,0.0,0.4471157508071116,0.4687827753738157,0.4879438501424724,0.5442308858660494,0.5243124374666018,MR,False,[1.         1.         2.99999881],"(16, 256, 232)",True,9
CT_TotalSeg_cardiac_s0862,18.473565816879272,2.6957898139953613,3.198275327682495,3.178391695022583,2.98234486579895,3.268196821212769,3.1505672931671143,2.977463968598064,3.023789132779774,0.7960551088606135,0.8117434135466038,0.4275905003762741,0.6382288277968081,0.7367564888982211,0.7490542757237301,0.774511235647402,0.7960551088606135,0.4815710621380329,0.6459910423194546,0.7486041161974638,0.7576770599275667,0.7886407287217144,0.8117434135466038,CT,False,[1.5 1.5 1.5],"(137, 272, 272)",True,6
MR_Spider_125_t2_vet,19.74182915687561,3.5005815029144287,3.317850112915039,3.25201153755188,3.232069253921509,3.285996675491333,3.153320074081421,3.091579369193453,2.5211908826611173,0.7734589993808362,0.6311830730890485,0.751059380848363,0.7718597025885684,0.7728375355886824,0.773200143582141,0.7728823390379269,0.7734589993808362,0.6478724121881,0.6391044158315047,0.625710306010726,0.6292293314680119,0.6311075007221032,0.6311830730890485,MR,False,[0.62523884 3.29995467 0.625     ],"(23, 448, 448)",True,7
CT_LNQ_LymphNode-0380,3.235342264175415,0.5168941020965576,0.5137827396392822,0.5405266284942627,0.5391478538513184,0.5494771003723145,0.5755138397216797,3.256447038886856,3.872006737495745,0.8049476688867745,0.9579335036738272,0.8064621409921671,0.8232072565462947,0.819307374842993,0.8159111933395005,0.807151007987828,0.8049476688867745,0.9778953722307052,0.9867947295798422,0.9810545384982936,0.9650648392648784,0.9535232431057388,0.9579335036738272,CT,True,[0.7578125 0.7578125 3.       ],"(14, 512, 512)",True,1
MR_totalseg_mr_s0007,98.42410683631896,16.108964204788208,16.421425819396973,16.872398853302002,16.653055429458618,15.70468282699585,16.66357970237732,2.047578554033225,2.4315493877756333,0.5298694456630797,0.6281916263808881,0.4582501509818121,0.4894162547336973,0.5006984718314877,0.513312718038383,0.5239245139649661,0.5298694456630797,0.5536205185342653,0.5862853278025751,0.5917912017122201,0.608481393297812,0.6240383156738694,0.6281916263808881,MR,False,[0.859375 0.859375 8.      ],"(28, 512, 512)",True,34
PET_autoPET_fdg_c58477f3b4_12-07-2002-NA-PET-CT Ganzkoerper  primaer mit KM-71683,26.099247455596924,4.4813621044158936,4.505149126052856,4.178796052932739,4.22486138343811,4.38287615776062,4.326202630996704,3.0485858988187564,2.828500247536313,0.7732909505784054,0.7280187255019737,0.6540123388896198,0.7360390078601274,0.753538984932985,0.7681367127189289,0.7722452219475765,0.7732909505784054,0.5473861800033462,0.6691799245020423,0.6904226624092471,0.7149306448774277,0.7245476152476304,0.7280187255019737,PE,False,[2.03642011 2.03642011 3.        ],"(76, 400, 400)",True,9
US_Cardiac_patient0219_4CH_half_sequence,11.630975484848022,1.8817410469055176,1.9084486961364744,1.8920247554779053,1.955033779144287,2.0771501064300537,1.916577100753784,3.389023443769972,3.3886540154416416,0.8509161142609226,0.8541349367572146,0.8204300312784237,0.838021595721581,0.8403380766209984,0.8517296361642566,0.8524868759934651,0.8509161142609226,0.8160721420186152,0.8327586073441559,0.8354345275667737,0.8539034108435359,0.8558693049806473,0.8541349367572146,US,False,[0.308 0.308 1.   ],"(21, 552, 669)",True,3
Microscopy_SELMA3D_patchvolume_vessel_006_2_1_1,80.9048662185669,13.23220682144165,13.455855131149292,13.302546739578249,13.119753360748293,13.264715909957886,14.529788255691528,2.50453846646817,3.635884779584204,0.6351645980575054,0.9168047718388556,0.5547510532791045,0.6068794241255924,0.6182096933353342,0.6302328418725672,0.63507392016872,0.6351645980575054,0.8527876101493079,0.8920702202933241,0.9037281464717244,0.9075410892156625,0.920178047830727,0.9168047718388556,Mi,False,[1. 1. 1.],"(12, 250, 250)",True,30
Microscopy_SELMA3D_patchvolume_nuclei_004_1_1_0,320.9199407100677,56.488587856292725,53.35042095184326,52.06223392486572,53.86348581314087,53.08836531639099,52.06684684753418,2.8243901183714506,3.607335659519786,0.7247298844773872,0.9178248154215466,0.6332938396841483,0.6738976442822527,0.7009355420976116,0.7071220734782862,0.717018738415733,0.7247298844773872,0.8610166283110733,0.8747286785684381,0.9010228025610624,0.9033613798417236,0.9066747301220072,0.9178248154215466,Mi,False,[1. 1. 1.],"(34, 100, 100)",True,116
PET_autoPET_psma_995fbaec49f131ce_2016-05-07,8.530047416687012,1.2925384044647217,1.3212382793426514,1.5297985076904297,1.465726375579834,1.515742540359497,1.405003309249878,2.339387660505901,1.9177207241591412,0.5815761833926516,0.4860746888422267,0.5288944488353112,0.5556670825721102,0.5993635859936358,0.5858720526962787,0.5855303888336056,0.5815761833926516,0.3883635774341867,0.4379425026333448,0.4873044576691946,0.4817724894756778,0.4866351812764833,0.4860746888422267,PE,True,[4.0728302 4.0728302 5.       ],"(52, 168, 168)",True,3
CT_TotalSeg_muscles_s1077,39.96171617507935,6.652050256729126,6.531769275665283,6.868722677230835,6.590098142623901,6.718781471252441,6.600294351577759,3.469717900863314,3.3451042456894298,0.9003978252685929,0.879387823926424,0.6486290501147808,0.7835259153261062,0.8578189307771372,0.8806268215100027,0.8893102782788245,0.9003978252685929,0.6225073983180859,0.7398369430548696,0.8235409903938695,0.8503648850371942,0.8615859867677195,0.879387823926424,CT,False,[1.5 1.5 1.5],"(278, 221, 221)",True,12
CT_TotalSeg_organs_s0629,66.4082818031311,11.039231300354004,11.20178771018982,10.56100869178772,10.796728610992432,11.61805820465088,11.19146728515625,3.2610668766936644,2.862719424502844,0.8323257077129362,0.7392687804987963,0.7481868813636644,0.7899657328858097,0.8067507300849501,0.8147727396479277,0.8283976866614136,0.8323257077129362,0.6316866727793239,0.6821602150689562,0.7022214309211969,0.7161845430765476,0.733598952721223,0.7392687804987963,CT,False,[1.5 1.5 1.5],"(412, 244, 244)",True,20
MR_crossmoda_crossmoda2023_ldn_60_ceT1,11.746708393096924,1.7553987503051758,1.9714279174804688,1.933396339416504,2.059802532196045,2.1022422313690186,1.924440622329712,2.590685799118156,3.884520882817767,0.6556514752528528,0.9698521775549648,0.5716606968398618,0.6201519548177159,0.6382335216779219,0.6610690404668376,0.6534815219381123,0.6556514752528528,0.8941996017057787,0.9453116684553896,0.9668858191035492,0.989082591394746,0.9709705493142942,0.9698521775549648,MR,False,[0.41015625 0.41015625 1.5       ],"(12, 512, 512)",True,4
CT_LNQ_LymphNode-0313,5.41008186340332,0.8925220966339111,0.8878247737884521,0.901400089263916,0.9219543933868408,0.9215822219848632,0.8847982883453369,1.5934556939069884,1.9470231213251357,0.4146170063246662,0.4978774408773118,0.3163292137785958,0.3770136307311028,0.3818822023047375,0.4064317482039001,0.4093264248704663,0.4146170063246662,0.4088307375824546,0.472872438651178,0.4660231901731271,0.4978197401504389,0.4978052512373245,0.4978774408773118,CT,True,[0.734375 0.734375 3.75    ],"(8, 512, 512)",True,2
CT_totalseg-vertebrae_s0408,70.1609616279602,11.211095571517944,11.308949947357178,10.813328981399536,12.004960536956789,11.87749719619751,12.94512939453125,3.604564175943477,3.7389338536057934,0.9121691115544832,0.9474022039144484,0.8788924472992002,0.8932981463173872,0.8942380572045161,0.8977672148209541,0.9098252749820716,0.9121691115544832,0.9106525789507516,0.9265665569224744,0.9276043074756456,0.9311877154936092,0.9431574502180768,0.9474022039144484,CT,False,[1.5 1.5 1.5],"(347, 279, 279)",True,21
CT_AbdTumor_HCC_086,3.3387575149536133,0.532782793045044,0.5674793720245361,0.5344088077545166,0.5400590896606445,0.5605716705322266,0.6034557819366455,3.003714793542681,2.3903381352206408,0.7808238978559383,0.6542472317091248,0.6683106288821945,0.7123413673665905,0.735893205339733,0.7488407799785045,0.7723981756131789,0.7808238978559383,0.4963352350954974,0.5322707956045435,0.5643234712519817,0.5919351393842915,0.6408205109275332,0.6542472317091248,CT,True,[0.82031202 0.82031202 2.5       ],"(18, 512, 512)",True,1
MR_BraTS-T2w_bratsgli_0232,2.62198257446289,0.0,0.4954469203948974,0.5445559024810791,0.5053238868713379,0.5534029006958008,0.5232529640197754,9.801038910124472e-05,0.0,0.0001960207782024,0.0,0.0,0.0,0.0,0.0,0.0,0.0001960207782024,0.0,0.0,0.0,0.0,0.0,0.0,MR,True,[1. 1. 1.],"(93, 218, 182)",False,4
MR_ProstateT2_NCI-Prostate3T-01-0027,2.968713521957397,0.4798357486724853,0.5173172950744629,0.4652934074401855,0.5166730880737305,0.5050184726715088,0.4845755100250244,3.524370591516302,3.7702247139431657,0.8826658945730261,0.945595635222315,0.8601860020585208,0.8744981385502592,0.8810257898364104,0.8822182190156336,0.8825445661026151,0.8826658945730261,0.9059231092889654,0.9298371144944152,0.942074584250092,0.9448374634212324,0.945596291413476,0.945595635222315,MR,True,[0.625     0.625     3.5999999],"(16, 320, 320)",True,1
MR_BraTS-T1c_bratsgli_1048,2.4474587440490723,0.0,0.4911332130432129,0.5187387466430664,0.4740276336669922,0.4809165000915527,0.482642650604248,0.1139704086802494,0.0,0.0303607503607503,0.0,0.0,0.0181397432069274,0.0288371172775387,0.0293822199899547,0.0315008246289169,0.0303607503607503,0.0,0.0,0.0,0.0,0.0,0.0,MR,True,[1. 1. 1.],"(42, 218, 182)",False,2
CT_AbdTumor_case_00284,10.282214403152466,1.6606433391571045,1.6840980052947998,1.7526700496673584,1.7314157485961914,1.7233054637908936,1.7300817966461182,3.428214030245273,3.416989787162598,0.8791858758018659,0.9025706896267924,0.7233842330448902,0.8072318978671557,0.8541460940187028,0.8620342731353072,0.8688247762567526,0.8791858758018659,0.6549253903834479,0.76845869517586,0.8424810746550664,0.8593113730349646,0.8796826470712404,0.9025706896267924,CT,False,[0.734375 0.734375 2.5     ],"(37, 512, 512)",True,3
US_Cardiac_patient0217_4CH_half_sequence,12.065848112106323,1.966337203979492,1.951369285583496,2.0139591693878174,2.00030255317688,2.0709736347198486,2.062906265258789,3.346707116373305,3.292265581142147,0.8314620347834518,0.8246948926637933,0.8131899531559279,0.8363896689921276,0.8512512694447677,0.8305502501832107,0.830979744857537,0.8314620347834518,0.7945808910861337,0.8195163071222904,0.8311408453972265,0.8186446152208595,0.8203745206310189,0.8246948926637933,US,False,[0.308 0.308 1.   ],"(21, 552, 669)",True,3
MR_WMH_FLAIR_Utrecht_44,48.771448612213135,8.162617921829224,8.12224006652832,7.766395568847656,7.750454425811768,8.495853662490845,8.473886966705322,1.5478579058146384,2.285959950123374,0.4141237124494545,0.6039784846071776,0.2428132562590239,0.3522904768231752,0.3672741579817031,0.3905257161234455,0.4068509370731747,0.4141237124494545,0.3485228117649535,0.541848520512236,0.5447016517724036,0.5759510972684194,0.592393698522844,0.6039784846071776,MR,False,[0.95833337 0.95833331 3.00000143],"(20, 240, 240)",True,18
MR_BraTS-T1n_bratsgli_0656,2.7252938747406006,0.0,0.5217604637145996,0.5317721366882324,0.5165259838104248,0.6270220279693604,0.5282132625579834,0.2086689996111071,0.0,0.0875974050900157,0.0,0.0,0.0274846821039229,0.0326688291919923,0.0416612942507986,0.0767978325713466,0.0875974050900157,0.0,0.0,0.0,0.0,0.0,0.0,MR,True,[1. 1. 1.],"(88, 218, 182)",False,3
CT_AbdTumor_pancreas_261,3.120331287384033,0.5460338592529297,0.5310885906219482,0.5244700908660889,0.503612756729126,0.4982180595397949,0.5169079303741455,3.230250302845813,3.801188744785908,0.8283212790255043,0.9595432839639032,0.7684824902723736,0.7988738342424776,0.7960598321780372,0.8033321260412893,0.8172607879924954,0.8283212790255043,0.9070842606205434,0.9574764543893778,0.9367003567199566,0.94836256318629,0.9576159557030216,0.9595432839639032,CT,True,[0.69921899 0.69921899 1.5       ],"(10, 512, 512)",True,1
Microscopy_SELMA3D_patchvolume_vessel_020_3_0_1,211.96584939956665,34.55790424346924,36.18345928192139,35.77097940444946,34.62741279602051,35.554667949676514,35.27142572402954,2.4368652642368542,3.723961290996675,0.62411648855961,0.9308516529134674,0.491625132047298,0.5622215148398113,0.6028630207257492,0.6203411491900434,0.620492092621351,0.62411648855961,0.873624900549352,0.9158057171049404,0.9290121589930322,0.9384354128367568,0.9331850341576816,0.9308516529134674,Mi,False,[1. 1. 1.],"(12, 250, 250)",True,77
MR_heart-ACDC_ACDC_patient104_frame01_lvrv,5.575971603393555,0.9600212574005128,0.901594877243042,0.9453692436218262,0.933326244354248,0.9286704063415528,0.906989574432373,2.9718054010648465,2.9734782323849,0.7549773032589373,0.7405350532966,0.7025451345997473,0.721770493301265,0.7385780797141228,0.7476213040413859,0.7472321190292366,0.7549773032589373,0.7250204488608845,0.7347517434449702,0.7493283405984075,0.7559942110172058,0.7305122823985017,0.7405350532966,MR,True,[ 1.36719  1.36719 10.     ],"(8, 256, 208)",True,2
CT_TotalSeg_muscles_s0705,57.71053147315979,10.036567211151125,10.114582300186155,9.719871282577516,9.32498836517334,8.941406488418579,9.573115825653076,3.489145368632732,3.1222286062432394,0.8787051585404451,0.794568667866364,0.8151568358467773,0.8556928156038718,0.8718808896450314,0.8728543055747724,0.8772111863407696,0.8787051585404451,0.7085963707702979,0.7557430944566931,0.7753328204225268,0.7817794770739299,0.7899604275852541,0.794568667866364,CT,False,[1.5 1.5 1.5],"(301, 267, 267)",True,17
CT_AbdomenAtlas_BDMAP_00002737,34.24268317222595,5.646264553070068,5.611829519271851,5.753404140472412,5.928029775619507,5.690195560455322,5.612959623336792,3.432906601204955,3.502556333887365,0.8743031754879849,0.9003167382090758,0.7754245020910182,0.8352876636358559,0.8521484625095442,0.8612086307150385,0.8647540884184521,0.8743031754879849,0.7578227120597808,0.8403663637185042,0.8652305137530315,0.8800842325190761,0.886900036651468,0.9003167382090758,CT,False,[0.83984399 0.83984399 2.5       ],"(83, 290, 418)",True,11
CT_AbdomenAtlas_BDMAP_00008440,40.39708232879639,6.462164878845215,6.727065324783325,6.946069955825806,7.422772169113159,6.257038354873657,6.581971645355225,3.5068020013160632,3.649484635328384,0.8825151894237038,0.92139741595169,0.7940221722815032,0.853508707171306,0.8803702115225309,0.8760137210077588,0.8824061204882685,0.8825151894237038,0.8130903829903087,0.8833457961417847,0.9151402545898626,0.9100911900610192,0.9218815846307647,0.92139741595169,CT,False,[0.73828125 0.73828125 3.        ],"(130, 377, 512)",True,11
MR_BraTS-T1n_bratsgli_0820,2.411817073822021,0.0,0.4230072498321533,0.5132465362548828,0.4842960834503174,0.4880518913269043,0.5032153129577637,0.0156770672813252,0.0,0.0050632911392405,0.0,0.0,0.0030449701183902,0.0023779897691137,0.0040609137055837,0.0051840331778123,0.0050632911392405,0.0,0.0,0.0,0.0,0.0,0.0,MR,True,[1. 1. 1.],"(38, 218, 182)",False,3
CT_TotalSeg_muscles_s0699,46.63698482513428,7.687368631362915,8.025163888931274,7.756990909576416,7.428081750869751,7.5321996212005615,8.20718002319336,3.215003543762992,2.9171266217484955,0.8215170576429282,0.7483282706160537,0.7242393140038659,0.7646710133067085,0.789949638108033,0.8125248460805319,0.8194350240996088,0.8215170576429282,0.6345383346746002,0.6897337816138126,0.7157874868136898,0.7360607672356585,0.7462473415842139,0.7483282706160537,CT,False,[1.5 1.5 1.5],"(258, 248, 248)",True,15
Microscopy_SELMA3D_patchvolume_vessel_006_3_0_0,102.88682746887208,17.26211380958557,17.315521240234375,16.13548707962036,17.30638313293457,17.364931344985962,17.50239086151123,2.501804793954137,3.613375358810667,0.637601713575498,0.9135509043300476,0.5420798527986026,0.5992343721562946,0.6198966995737353,0.6289542210087473,0.6345358305057579,0.637601713575498,0.8427141078836767,0.8800574729519359,0.8944967028247115,0.9085993147472312,0.9134751525977324,0.9135509043300476,Mi,False,[1. 1. 1.],"(12, 250, 250)",True,38
MR_ProstateT2_T2-MSD-prostate_41,2.792680263519287,0.4609489440917969,0.4479591846466064,0.4570140838623047,0.4557852745056152,0.4762275218963623,0.4947452545166015,3.688374871890293,3.976496686260807,0.924822695035461,0.9952655972665976,0.9021377270806928,0.9163829639408044,0.9221215766753944,0.9225126748408904,0.9231377908858756,0.924822695035461,0.9681198364298332,0.989884322255718,0.994784685581314,0.9945345810476656,0.9946024598706694,0.9952655972665976,MR,True,[0.75       0.74999964 2.99999857],"(15, 256, 256)",True,1
CT_AMOS_amos_0088,44.39972043037415,7.414446830749512,7.353105783462524,7.332252502441406,7.256010055541992,7.324000835418701,7.71990442276001,3.029066402651826,3.406155730100054,0.7653128690790983,0.8655796863094757,0.7120502294609238,0.7473375290603006,0.7569988082990396,0.7571012806685213,0.7586411146145653,0.7653128690790983,0.8029318598637837,0.8390876837822248,0.847688131328407,0.8495954847126495,0.856538429013147,0.8655796863094757,CT,False,[0.74699998 0.74699998 5.        ],"(43, 512, 512)",True,15
CT_LungMasks_LUNG1-005,10.882092475891112,1.7398321628570557,1.7552852630615234,1.871103048324585,1.9373033046722408,1.808756113052368,1.7698125839233398,3.773914371325149,3.477802860886942,0.9406925453193392,0.8617983236377867,0.9301681061499528,0.937387012770655,0.943641143216514,0.9486919296835196,0.942541519380119,0.9406925453193392,0.7935531798766806,0.851672116881506,0.8656766340720374,0.8823761791688995,0.8730148273863584,0.8617983236377867,CT,False,[0.977 0.977 3.   ],"(70, 512, 512)",True,2
CT_AMOS_amos_0385,54.566885471344,8.260386943817139,9.191417932510376,9.169119596481323,9.739338874816896,9.467453718185425,8.739168405532837,3.0252412516185663,3.277929694563128,0.7688531877574784,0.8322049334616245,0.673014292959326,0.7183145644049101,0.7485707295083653,0.763854823217646,0.7692318228113606,0.7688531877574784,0.7375973175392608,0.7860143089289514,0.8080690139907073,0.830384892303737,0.8303661670733959,0.8322049334616245,CT,False,[0.64973956 0.64973956 5.        ],"(63, 768, 768)",True,15
CT_TotalSeg_muscles_s1098,66.83100819587708,10.58568811416626,10.573373079299929,11.705489158630373,11.383395433425903,10.874098777770996,11.708963632583618,3.0883883393003413,2.6234808988539413,0.7834632696864652,0.6796927368224408,0.6821467034757637,0.7369918624879974,0.7698161402116014,0.7768028681789448,0.7815417648225638,0.7834632696864652,0.5396805714197117,0.5985599145093258,0.6506718127029975,0.6609328260883492,0.6727499343967112,0.6796927368224408,CT,False,[1.5 1.5 1.5],"(412, 331, 331)",True,15
MR_BraTS-T2w_bratsgli_0991,2.5826432704925537,0.0,0.5787527561187744,0.507606029510498,0.4918701648712158,0.5102040767669678,0.4942102432250976,0.8362546998261267,0.4308319360811885,0.2540160264850833,0.1861354735997216,0.0,0.1603217928458555,0.1793677458766035,0.2141421523844326,0.235575891899621,0.2540160264850833,0.0,0.0,0.0,0.1600337936847472,0.1777304055965805,0.1861354735997216,MR,True,[1. 1. 1.],"(38, 218, 182)",False,2
CT_TotalSeg_muscles_s0377,37.29251551628113,6.036731004714966,5.958540439605713,6.19844651222229,6.325007438659668,6.399429321289063,6.374360799789429,3.190972357930584,3.0474527660123085,0.834824701724784,0.800832147372887,0.571446796933606,0.7261379041779744,0.785908161971799,0.8062455745365544,0.8183373184708518,0.834824701724784,0.5311079755442173,0.6830667621963763,0.7501518766616744,0.7708709025559066,0.7844805320100963,0.800832147372887,CT,False,[1.5 1.5 1.5],"(259, 248, 248)",True,11
MR_Spider_36_t2_spi,4.562075853347778,0.7720954418182373,0.7972712516784668,0.7302117347717285,0.7817869186401367,0.7435574531555176,0.7371530532836914,1.448633551504023,2.214644096823318,0.3866319674179936,0.5776497980478109,0.3090596724315657,0.3360720743584049,0.3411835088419007,0.3675169768832905,0.3785810448906325,0.3866319674179936,0.4954800255960513,0.5254722018285322,0.5291850569634335,0.5616789543438931,0.5722190855778198,0.5776497980478109,MR,True,[0.62523884 3.29995476 0.625     ],"(8, 448, 448)",True,1
PET_autoPET_psma_8b3f81670b02a757_2020-11-02,93.8624017238617,15.70096492767334,15.352272033691406,16.042380809783936,16.1317195892334,15.42403531074524,15.211029052734377,2.242250364247015,2.390625420031252,0.6106864758682954,0.6582922266946202,0.4977647749752188,0.527810870250344,0.5493710191973109,0.5544857151317498,0.569144956858635,0.6106864758682954,0.5201708670067338,0.5585933375627102,0.5830434515104403,0.5915044949878524,0.607634691404294,0.6582922266946202,PE,False,[4.0728302 4.0728302 5.       ],"(159, 168, 168)",True,33
MR_BraTS-T2f_bratsgli_0792,2.4284262657165527,0.0,0.4748740196228027,0.4850616455078125,0.4919147491455078,0.4923253059387207,0.484250545501709,0.6502090548708757,0.4044853176165821,0.3398647610265867,0.3216725651085475,0.0,0.0601194753862738,0.0165986621145252,0.1622085538549563,0.2714097206949637,0.3398647610265867,0.0,0.0,0.0,0.0,0.2436490350623083,0.3216725651085475,MR,True,[1. 1. 1.],"(53, 218, 182)",False,2
MR_BraTS-T1n_bratsgli_0796,2.544941663742065,0.0,0.45619797706604,0.5357530117034912,0.517326831817627,0.5185163021087646,0.5171475410461426,0.5515071357135861,0.0,0.1831777713184553,0.0,0.0,0.0593267340903804,0.1346760379240088,0.1385767004459613,0.157002144639198,0.1831777713184553,0.0,0.0,0.0,0.0,0.0,0.0,MR,True,[1. 1. 1.],"(93, 218, 182)",False,3
MR_BraTS-T2f_bratsgli_0626,2.4145913124084477,0.0,0.4801945686340332,0.470383882522583,0.47652268409729,0.4943950176239013,0.4930951595306396,0.0608823201252751,0.0,0.0042051415441973,0.0,0.0,0.009359617856017,0.0159002584285178,0.0197541703248463,0.0184455116718036,0.0042051415441973,0.0,0.0,0.0,0.0,0.0,0.0,MR,True,[1. 1. 1.],"(61, 218, 182)",False,3
CT_totalseg-vertebrae_s1123,93.17014694213869,16.252934455871582,15.12364101409912,15.721267938613892,15.65403938293457,15.216145753860474,15.202118396759031,1.843827795144068,1.844211038140195,0.4660575366912234,0.4668357386886971,0.4086109185811343,0.4580328097405595,0.4576796239021556,0.4637035293999751,0.4603994686260459,0.4660575366912234,0.4164235523299114,0.4527920101399695,0.4600191002842067,0.4632908619586247,0.4610872014830302,0.4668357386886971,CT,False,[1.5 1.5 1.5],"(439, 291, 291)",True,26
US_Cardiac_patient0217_2CH_half_sequence,12.140502452850342,1.9854531288146973,2.0272488594055176,2.0199434757232666,1.934908151626587,2.099769830703736,2.073179006576538,3.0514537082604867,2.9996500276891878,0.7812604321402423,0.7657299806166021,0.7073522586919818,0.72956359154266,0.745916178236144,0.772029881984956,0.7780956361979356,0.7812604321402423,0.7036838346024208,0.7195242280452191,0.7342483525837086,0.7590433344224102,0.7637312363521577,0.7657299806166021,US,False,[0.308 0.308 1.   ],"(20, 552, 669)",True,3
CT_AbdTumor_pancreas_404,2.968071699142456,0.4760231971740722,0.5236952304840088,0.502894401550293,0.4855232238769531,0.4936895370483398,0.486246109008789,3.4913184538516693,3.905921171368957,0.895741556534508,0.9881382087935604,0.6784755770263017,0.8157552083333334,0.8510204081632653,0.8883267076255873,0.8962229556288962,0.895741556534508,0.7981206577031074,0.9479197909003514,0.968110233377998,0.981285535640134,0.9884964025038688,0.9881382087935604,CT,True,[0.87890601 0.87890601 2.5       ],"(6, 512, 512)",True,1
CT_TotalSeg_organs_s1044,74.7330334186554,12.08982753753662,12.55930757522583,12.47094202041626,12.465818405151367,12.271738290786743,12.875399589538574,3.345911856957185,3.0891795942566453,0.855758869889547,0.7979804938082983,0.7234231334461163,0.8051132460609073,0.8277861694671668,0.8390770603889485,0.8486125691258427,0.855758869889547,0.621840811722442,0.7295954558189578,0.7605597450180818,0.7757564225584743,0.7890754518664611,0.7979804938082983,CT,False,[1.5 1.5 1.5],"(411, 257, 257)",True,22
US_Cardiac_patient0227_4CH_half_sequence,10.01511526107788,1.7504868507385254,1.5976881980895996,1.6967058181762695,1.6309056282043457,1.637071132659912,1.7022576332092283,3.2430534948651664,3.4358675111909243,0.8481582847626467,0.8856736999908458,0.7533168711610955,0.7933036321354381,0.8023186002739173,0.8087211489640022,0.8112827871782043,0.8481582847626467,0.8117992128221015,0.8431320588062682,0.8531315643580192,0.8576855002784316,0.8606475671559163,0.8856736999908458,US,False,[0.308 0.308 1.   ],"(16, 487, 590)",True,3
MR_Spider_67_t2_vet,16.678864240646362,2.924013614654541,2.6777987480163574,2.7385830879211426,2.7751214504241943,2.7475855350494385,2.8157618045806885,2.773158181588426,2.553001239499027,0.7146360635792589,0.6150744534552742,0.5921245053228469,0.657449615885915,0.6845753805110576,0.6989321207800955,0.7036078405646861,0.7146360635792589,0.5985691332396507,0.6448834535515069,0.6537845496070095,0.6390433069115744,0.6301944294770525,0.6150744534552742,MR,False,[0.92071271 4.31800978 0.36458334],"(17, 311, 768)",True,6
MR_BraTS-T2w_bratsgli_0649,2.424154281616211,0.0,0.4776625633239746,0.4825305938720703,0.4799728393554687,0.4869575500488281,0.4970307350158691,0.3845070808977372,0.0,0.1323836761632383,0.0,0.0,0.0660385565647075,0.0772093307777007,0.0916974624291697,0.1163891713268937,0.1323836761632383,0.0,0.0,0.0,0.0,0.0,0.0,MR,True,[1. 1. 1.],"(90, 218, 182)",False,4
CT_TotalSeg_organs_s0507,74.2814474105835,12.050837993621826,13.25036644935608,12.177424669265749,12.167619705200195,12.12463927268982,12.510559320449827,3.184110643755413,2.9982622904902114,0.8165056873071657,0.7752855726019345,0.7413416732089949,0.7714937227132296,0.7844136583512191,0.8002984625499167,0.8053988178440797,0.8165056873071657,0.6601929906706809,0.712795012936915,0.7378721339378088,0.7493948201446973,0.7669550436382804,0.7752855726019345,CT,False,[1.5 1.5 1.5],"(394, 252, 252)",True,22
MR_Spider_252_t1_spi,5.991479873657227,0.9901571273803712,0.9771227836608888,0.9845209121704102,1.01231050491333,0.990293264389038,1.0370752811431885,1.5207473215824865,2.2088637815827834,0.4038803157390673,0.5829171056682397,0.3476245989613943,0.3731758926666705,0.362951066828357,0.3780097094170153,0.3912584411342453,0.4038803157390673,0.5126827594203369,0.5617050696097923,0.529279578001459,0.5468190875637483,0.5604540283785597,0.5829171056682397,MR,True,[0.53069842 3.31647162 0.625     ],"(10, 531, 448)",True,1
MR_ISLES2022_ADC_sub-strokecase0139,2.648458957672119,0.4436390399932861,0.4376087188720703,0.4456710815429687,0.4344866275787353,0.437807559967041,0.4492459297180176,2.69462858642186,3.748846409187231,0.6534653465346535,0.9677373143245808,0.5842696629213483,0.6481481481481481,0.6896551724137931,0.6875,0.6666666666666666,0.6534653465346535,0.9090345078842852,0.922195620258121,0.8907613636248306,0.943036591636788,0.9700819866342616,0.9677373143245808,MR,True,[2. 2. 2.],"(3, 112, 112)",True,1
MR_BraTS-T1c_bratsgli_0135,2.438958168029785,0.0,0.4909300804138183,0.4859898090362549,0.4930968284606933,0.4812915325164795,0.487649917602539,0.45512426312376,0.0,0.1397631894484412,0.0,0.0,0.0765091338552679,0.0987451551291861,0.1192079183436269,0.1290350279990922,0.1397631894484412,0.0,0.0,0.0,0.0,0.0,0.0,MR,True,[1. 1. 1.],"(76, 218, 182)",False,3
Microscopy_SELMA3D_patchvolume_ADplaques_001,251.52326941490173,40.43942546844482,39.28480863571167,41.28908681869507,44.571938276290894,43.56820821762085,42.36980199813843,2.962491280938305,3.9361251730389615,0.7484735913085379,0.987111733806762,0.6453645558415729,0.719043597121788,0.7387602717369031,0.7426889896109431,0.7472834253752961,0.7484735913085379,0.9574115258492136,0.9806538648472444,0.9827498486027588,0.9827527575286524,0.986739767580548,0.987111733806762,Mi,False,[1. 1. 1.],"(122, 300, 300)",True,85
CT_TotalSeg_cardiac_s1428,34.314178466796875,5.538715600967407,5.522626876831055,5.763914346694946,5.886644124984741,5.805763006210327,5.796514511108398,2.14377054998918,2.1346123992561976,0.5622078569383381,0.5631053126288446,0.4123201663718324,0.4667384914294232,0.5179225540722336,0.55584868754663,0.5555261341864356,0.5622078569383381,0.3889624208710424,0.4585232993336262,0.5146259176410694,0.5613310712435622,0.547841104390331,0.5631053126288446,CT,False,[1.5 1.5 1.5],"(166, 467, 467)",True,9
US_Cardiac_patient0221_4CH_half_sequence,11.819605827331545,1.9924113750457764,1.9759070873260496,1.972109079360962,1.9258508682250977,2.0654428005218506,1.8878846168518064,2.9764720924650225,2.9721447925988964,0.7418268242446321,0.7413905588136472,0.7137761886157091,0.7354789547566908,0.7480751438073533,0.746528219604856,0.7432158395521519,0.7418268242446321,0.7132549491803215,0.731598668311611,0.7463062168839704,0.7465661542239008,0.7427778079283959,0.7413905588136472,US,False,[0.308 0.308 1.   ],"(21, 487, 590)",True,3
US_Cardiac_patient0197_4CH_half_sequence,10.69531536102295,1.7046499252319336,1.7451767921447754,1.7628209590911863,1.8218204975128172,1.7685775756835938,1.8922696113586424,3.2940113289976845,3.3940722767856832,0.836443498271021,0.8643652556816604,0.7374731325377692,0.8091121094752821,0.8183967145739824,0.8228656257817818,0.8299711847687686,0.836443498271021,0.7681400321162991,0.8301423436167825,0.8417507484628671,0.8487110460905569,0.8563566825830375,0.8643652556816604,US,False,[0.308 0.308 1.   ],"(18, 454, 551)",True,3
CT_AMOS_amos_0124,50.36734867095947,8.188458919525146,8.36916995048523,8.532129049301147,8.639317035675049,8.407653093338013,8.230620622634888,3.215479521433465,3.4466336935122985,0.8202565262820939,0.8824993866662724,0.699577683396376,0.7660837728538946,0.8007739732920726,0.8067474465077269,0.814787952065672,0.8202565262820939,0.7347257818341134,0.8205879838057736,0.8563713222067072,0.8632792499899502,0.8754394360796184,0.8824993866662724,CT,False,[0.949 0.949 5.   ],"(101, 512, 512)",True,15
MR_BraTS-T2w_bratsgli_0097,2.491602897644043,0.0,0.4904227256774902,0.4954040050506592,0.508439302444458,0.5077927112579346,0.489544153213501,0.3305953635393092,0.0,0.1115351033211525,0.0,0.0,0.0422358298005966,0.0441880926776811,0.0995558375634517,0.1099659667373017,0.1115351033211525,0.0,0.0,0.0,0.0,0.0,0.0,MR,True,[1. 1. 1.],"(55, 218, 182)",False,2
CT_TotalSeg_cardiac_s0249,11.751498460769652,2.0311310291290283,1.9174325466156008,1.8999149799346924,1.935478925704956,1.9399745464324951,2.027566432952881,3.3752778520895,3.250651214341417,0.861953833852593,0.8476114334744891,0.7424729982348066,0.7987128653795383,0.8325367747787424,0.8533485079555909,0.8590592197391007,0.861953833852593,0.6489021026826315,0.7229359141388251,0.7972585546172655,0.8291908254983231,0.8389281604191711,0.8476114334744891,CT,False,[1.5 1.5 1.5],"(69, 285, 285)",True,4
MR_heart-ACDC_ACDC_patient006_frame01_lvrv,5.67732834815979,0.9290280342102052,0.953502893447876,0.9398577213287354,0.9404876232147216,0.950342893600464,0.964109182357788,3.393751226386935,3.5107360375047176,0.8591843492521902,0.8953488703944787,0.8145795979950605,0.8350461927150072,0.8430174059903472,0.8483678952930489,0.8552506541199403,0.8591843492521902,0.8326463260091858,0.8585442666025798,0.8666943062842278,0.8786663270418041,0.8884288356801562,0.8953488703944787,MR,True,[ 1.7578125  1.7578125 10.       ],"(9, 256, 232)",True,2
CT_TotalSeg_muscles_s1053,30.65834665298462,5.195172309875488,4.805094957351685,4.8612120151519775,5.097189426422119,5.447388172149658,5.252289772033691,3.166965556613235,2.9010718908353565,0.8103074870838214,0.7525103891954403,0.6956460725329199,0.7601747543558403,0.7864436513430227,0.7939196083168567,0.8013611762335244,0.8103074870838214,0.5916562459663222,0.6763387531065546,0.7162980602518438,0.7281030423838801,0.7422462170486351,0.7525103891954403,CT,False,[1.5 1.5 1.5],"(278, 163, 163)",True,10
CT_totalseg-vertebrae_s1304,99.92312836647034,15.128092765808104,16.029531478881836,16.500377655029297,17.064303398132324,17.62553381919861,17.575289249420166,1.582100754651309,1.5754233589060245,0.3966654274722002,0.3969309029887661,0.3502470499096988,0.3940231154205446,0.39402711253688,0.3927328893204366,0.3999964813476201,0.3966654274722002,0.3602939271784303,0.3904084493150268,0.3926593860399946,0.3916328668884563,0.3974614298256771,0.3969309029887661,CT,False,[1.5 1.5 1.5],"(444, 333, 333)",True,26
MR_BraTS-T2w_bratsgli_0731,2.403984785079956,0.0,0.4646933078765869,0.4954102039337158,0.485720157623291,0.4814507961273193,0.4767103195190429,0.0,0.0,0.0,0.0,0.0,0.0,0.0,0.0,0.0,0.0,0.0,0.0,0.0,0.0,0.0,0.0,MR,True,[1. 1. 1.],"(68, 218, 182)",False,3
PET_autoPET_psma_ddd1dd20149915fb_2019-05-27,96.86558628082275,15.42785382270813,16.818540811538696,16.3021719455719,16.100117206573486,15.852861166000366,16.364041328430176,2.981684088291284,3.062687582201253,0.7628910150400774,0.7879884247998606,0.614916663746928,0.7106923603192119,0.7396868885437957,0.7527390601031875,0.7524664519646561,0.7628910150400774,0.5827785328460843,0.7158534114337016,0.7581590866401708,0.7759752745477464,0.7766323028965547,0.7879884247998606,PE,False,[2.734375   2.734375   3.26999998],"(215, 256, 256)",True,33
CT_TotalSeg_muscles_s0485,37.02652478218079,5.902614831924439,5.872470378875732,6.0150697231292725,6.414116859436035,6.203341722488403,6.618911266326904,3.552718331555645,3.483770193275888,0.9029215251038027,0.8931040822711371,0.7895274172516564,0.8580137095718718,0.8793761530795554,0.8947023270838481,0.8981722340544043,0.9029215251038027,0.7535031228515927,0.8268628079436308,0.8570197763999609,0.8809220016986224,0.8858449700699207,0.8931040822711371,CT,False,[1.5 1.5 1.5],"(221, 307, 307)",True,11
MR_crossmoda_crossmoda2023_etz_20_ceT1,10.895242929458618,1.843101978302002,1.847841024398804,1.8875908851623533,1.7368712425231934,1.7772324085235596,1.802605390548706,2.784795618587752,3.935100856259061,0.6832317871889031,0.9878533142278706,0.5988544980511087,0.6708029771718904,0.693187048309555,0.7079377296231991,0.7066534584746008,0.6832317871889031,0.9374656634271372,0.968267500126116,0.9829603127973756,0.9861281630832072,0.9879519732014852,0.9878533142278706,MR,False,[0.8203125 0.8203125 1.5      ],"(9, 256, 256)",True,4
CT_AbdomenAtlas_BDMAP_00003872,31.248146772384644,4.936649560928345,5.303354024887085,5.106932640075684,5.205987930297852,5.228423833847046,5.466798782348633,3.2089372431562766,3.450566439594469,0.8163296625178137,0.8744988742673133,0.7350904511812918,0.7753929942518262,0.7950640230161217,0.8059558687019198,0.8120560230534153,0.8163296625178137,0.7886954911312923,0.8362251774656116,0.8554609390146809,0.8678711885117633,0.8718722862015632,0.8744988742673133,CT,False,[0.703125 0.703125 5.      ],"(39, 328, 440)",True,11
CT_TotalSeg_muscles_s0821,33.60138154029846,5.404643058776856,5.504035949707031,5.786931037902832,5.470975399017334,5.67426323890686,5.760532855987549,3.335472926682598,3.3277889140284063,0.8527869027695735,0.8578771879496816,0.7391912206972641,0.8033955061094755,0.8244834454979436,0.8395895121765042,0.843308764568626,0.8527869027695735,0.7266048150206,0.7943540945949328,0.8187660488797739,0.8381969344813485,0.8447102893949765,0.8578771879496816,CT,False,[1.5 1.5 1.5],"(244, 213, 213)",True,10
MR_Spider_6_t2_ivd,15.97153925895691,2.642610549926758,2.6449904441833496,2.668032169342041,2.708436250686645,2.6967692375183105,2.6107006072998047,3.1223899808352424,3.803755001639945,0.7977128123770069,0.9699081266484664,0.7257692209269867,0.7680300230085991,0.7797646296986583,0.7693537899524786,0.7904001434913025,0.7977128123770069,0.860118332270873,0.9304951527877916,0.9480830920863488,0.9390853011593766,0.9663849686760904,0.9699081266484664,MR,False,[0.79624357 4.78167729 0.67708331],"(11, 329, 384)",True,6
MR_BraTS-T1n_bratsgli_0640,2.373882293701172,0.0,0.4447064399719238,0.5178608894348145,0.5130946636199951,0.4440400600433349,0.4541802406311035,0.3487327068013747,0.0,0.1191877575044143,0.0,0.0,0.0515112648502986,0.0583061298512876,0.1029613112701952,0.1021157545025354,0.1191877575044143,0.0,0.0,0.0,0.0,0.0,0.0,MR,True,[1. 1. 1.],"(51, 218, 182)",False,3
CT_AbdTumor_case_00007,3.2117207050323486,0.4843904972076416,0.5021922588348389,0.581089973449707,0.5519084930419922,0.5383114814758301,0.5538280010223389,3.7047363330659175,3.9589797298014258,0.9262944162436548,0.9897830421042648,0.9255377075959706,0.9256770515170026,0.9261617666982792,0.9262944162436548,0.9262944162436548,0.9262944162436548,0.9892615571881452,0.989575891765655,0.989734178657936,0.9897830421042648,0.9897830421042648,0.9897830421042648,CT,True,[0.93945312 0.93945312 3.        ],"(10, 512, 512)",True,1
MR_BraTS-T2w_bratsgli_0773,2.810111284255981,0.0,0.6028280258178711,0.5675630569458008,0.5260658264160156,0.5614817142486572,0.5521726608276367,0.0130817992713262,0.0,0.0060077600233635,0.0,0.0,0.0037058801228342,0.0007735557148786,0.0032997340512854,0.0041516894320632,0.0060077600233635,0.0,0.0,0.0,0.0,0.0,0.0,MR,True,[1. 1. 1.],"(99, 218, 182)",False,4
MR_BraTS-T1n_bratsgli_0827,2.5020997524261475,0.0,0.4884531497955322,0.477881908416748,0.5268197059631348,0.4909489154815674,0.517996072769165,0.2464833500302176,0.0,0.0948238032549176,0.0,0.0,0.036201981540179,0.0279726569526893,0.0703391713633517,0.0826586293166282,0.0948238032549176,0.0,0.0,0.0,0.0,0.0,0.0,MR,True,[1. 1. 1.],"(25, 218, 182)",False,3
CT_AbdTumor_pancreas_114,3.019144296646118,0.4922795295715332,0.5052592754364014,0.5006566047668457,0.492739200592041,0.5121729373931885,0.5160367488861084,3.542405551447914,3.86294718933692,0.8866255144032922,0.9649113842251515,0.8830781467488567,0.8824816066812488,0.8853771164699846,0.886055121349239,0.8864197530864197,0.8866255144032922,0.96974801624597,0.9714475088574392,0.964944883824336,0.9649120171588786,0.9649108418124098,0.9649113842251515,CT,True,[0.70703101 0.70703101 2.5       ],"(8, 512, 512)",True,1
MR_BraTS-T2w_bratsgli_0822,2.6662583351135254,0.0,0.5766792297363281,0.5380861759185791,0.5038294792175293,0.4982471466064453,0.5494163036346436,0.4399329130922039,0.0,0.0936723991346582,0.0,0.0,0.0990078060650026,0.1093740335250819,0.1151168067095401,0.1191019702577513,0.0936723991346582,0.0,0.0,0.0,0.0,0.0,0.0,MR,True,[1. 1. 1.],"(50, 218, 182)",False,3
MR_Spider_138_t1_vet,20.76842737197876,3.12070369720459,3.523102045059204,3.718001365661621,3.400864839553833,3.5196988582611084,3.4860565662384038,3.015531052816084,2.4694746753306958,0.7545726942244159,0.6145921498635366,0.717916850010403,0.7501496094850932,0.7542266190374753,0.7544221328391317,0.7545211490847221,0.7545726942244159,0.6397677707241335,0.6358970390086837,0.6149318902432344,0.6146767821100639,0.6146214085412873,0.6145921498635366,MR,False,[0.50488383 4.38160174 0.60342924],"(17, 611, 514)",True,7
Microscopy_SELMA3D_patchvolume_vessel_006_2_0_0,111.04655408859252,19.148064613342285,18.66226840019226,18.87154865264893,18.360567331314087,18.446786165237427,17.557318925857544,2.5670883896159373,3.5346014566351176,0.6588586161967731,0.8973469676109531,0.5620140206916817,0.6023935078063073,0.6355278117145532,0.648361875399641,0.652572640500203,0.6588586161967731,0.8102991541931907,0.8547130318320907,0.8772912504007394,0.8861777282273966,0.8951024782854595,0.8973469676109531,Mi,False,[1. 1. 1.],"(12, 250, 250)",True,40
MR_ISLES2022_DWI_sub-strokecase0008,2.524273633956909,0.3993887901306152,0.4021999835968017,0.4249939918518066,0.4405651092529297,0.4261703491210937,0.4309554100036621,3.0436928261916227,3.9950231614329086,0.7741935483870968,0.9988737613717058,0.6,0.7164179104477612,0.75,0.7741935483870968,0.7741935483870968,0.7741935483870968,0.9566925627368584,0.9978704913625884,0.9989035123223498,0.9988737613717058,0.9988737613717058,0.9988737613717058,MR,True,[2. 2. 2.],"(4, 112, 112)",True,1
CT_AbdomenAtlas_BDMAP_00004026,32.9105589389801,5.19811487197876,5.4921875,5.422320127487183,5.734302520751953,5.639990568161011,5.423643350601196,3.511001214641832,3.4888819698186078,0.8883125454491556,0.892198551737679,0.8202532872612831,0.8459286369506398,0.8769852706319322,0.8827244533690969,0.8841708994409057,0.8883125454491556,0.7910120456936665,0.832382316139222,0.8653745751622182,0.8793119354537268,0.8819050252642121,0.892198551737679,CT,False,[1.5 1.5 1.5],"(186, 193, 247)",True,11
MR_BraTS-T2w_bratsgli_1091,2.635812282562256,0.0,0.5412828922271729,0.525846004486084,0.5425641536712646,0.5039544105529785,0.5221648216247559,0.8773546940152546,0.5349826058241349,0.2578875171467764,0.2351981163196839,0.0,0.1642804974437474,0.1936523189102111,0.2277863446677643,0.2448320231420172,0.2578875171467764,0.0,0.0,0.0,0.1991091459152942,0.2182744017489987,0.2351981163196839,MR,True,[1. 1. 1.],"(52, 218, 182)",False,3
CT_LungMasks_lung_005,24.219568014144897,3.963403224945069,4.094498872756958,4.17976450920105,4.120311975479126,3.9314723014831534,3.930117130279541,3.882344061472836,3.662666743554176,0.9694444650397056,0.9124159089641176,0.9653234912611844,0.9713872109970556,0.9711978072853198,0.970701704056782,0.970028712112353,0.9694444650397056,0.8848000849215583,0.9160138948570542,0.917540918786273,0.9164809709765618,0.9144299518807552,0.9124159089641176,CT,False,[0.65429688 0.65429688 1.        ],"(224, 512, 512)",True,2
CT_LNQ_LymphNode-0823,11.14855432510376,1.7353134155273438,1.793565034866333,1.8388912677764893,1.9592771530151367,1.8453919887542725,1.9761154651641848,3.376574258914062,3.940506634159838,0.8573124168974428,0.990332060116981,0.7939623968025021,0.8201671495604765,0.8380657114788375,0.8471744580739684,0.8525943061322964,0.8573124168974428,0.934091560250455,0.9639461472313156,0.9801528503801904,0.991219717885952,0.9919949622195467,0.990332060116981,CT,False,[0.61523438 0.61523438 2.        ],"(58, 512, 512)",True,3
MR_BraTS-T1n_bratsgli_1133,2.581021308898926,0.0,0.5157458782196045,0.5387864112854004,0.5033514499664307,0.5092599391937256,0.5138776302337646,0.0211623894988185,0.0,0.0025974668513754,0.0,0.0,0.0061123704663212,0.0054126664296155,0.0057002930432339,0.0056945113671207,0.0025974668513754,0.0,0.0,0.0,0.0,0.0,0.0,MR,True,[1. 1. 1.],"(77, 218, 182)",False,4
CT_AbdTumor_PETCT_77bceab232,8.735821008682251,1.4276890754699707,1.4298079013824463,1.4975411891937256,1.4676899909973145,1.4416699409484863,1.4714229106903076,2.672432970111833,3.3034506935592463,0.6931891601808314,0.8522476918422003,0.6655703371621899,0.6592872793698786,0.6601956111968831,0.6578062596187424,0.6781928795208522,0.6931891601808314,0.8317098394679694,0.8181521965326556,0.8171676152296286,0.8144845739420088,0.8365985602001812,0.8522476918422003,CT,True,[0.79101562 0.79101562 2.5       ],"(14, 512, 512)",True,3
US_Cardiac_patient0241_4CH_half_sequence,11.176396369934082,1.8013286590576172,1.9805874824523928,1.946588516235352,1.8434631824493408,1.7168755531311035,1.8875529766082764,3.23152411780164,3.247950650144457,0.8103801352567687,0.8151876899152265,0.7657336549008417,0.7855071630645961,0.8099606599438305,0.8121101908142357,0.8115096178828912,0.8103801352567687,0.7764408663361354,0.7912810188402192,0.8140625657654201,0.8153720698637139,0.8152816601375998,0.8151876899152265,US,False,[0.308 0.308 1.   ],"(16, 454, 551)",True,3
MR_BraTS-T1c_bratsgli_0031,2.492736577987671,0.0,0.4943487644195556,0.4931917190551758,0.4957301616668701,0.503624677658081,0.5058412551879883,0.1005817416746546,0.0,0.033811475409836,0.0,0.0,0.0182544116197298,0.018443340099391,0.0256110925811216,0.0304943654793589,0.033811475409836,0.0,0.0,0.0,0.0,0.0,0.0,MR,True,[1. 1. 1.],"(56, 218, 182)",False,4
CT_AirwayTree_ATM_046,16.650553941726685,0.0,3.3589138984680176,3.3941893577575684,3.341873407363892,3.3725690841674805,3.1830081939697266,0.0,0.0,0.0,0.0,0.0,0.0,0.0,0.0,0.0,0.0,0.0,0.0,0.0,0.0,0.0,0.0,CT,False,[0.8203125 0.8203125 0.5      ],"(332, 512, 512)",False,1
MR_ISLES2022_ADC_sub-strokecase0228,28.953140020370483,4.753592252731323,4.7264440059661865,4.7862725257873535,4.755975723266602,4.92740535736084,5.003450155258179,0.8784066161057584,1.516577962074174,0.2059102133612254,0.3782136052312542,0.1847963476260311,0.2228478417279555,0.2265600989910663,0.2240659597749303,0.2134015297951713,0.2059102133612254,0.0,0.3728969481757009,0.3756786675220591,0.3867139687783908,0.3786300490702465,0.3782136052312542,MR,False,[1.796875   1.796875   4.80000019],"(10, 128, 128)",True,10
CT_AbdTumor_liver_73,2.921013832092285,0.4890997409820556,0.5409145355224609,0.4677107334136963,0.4739935398101806,0.4652783870697021,0.4840168952941894,2.298260974167412,2.956045718817062,0.645909645909646,0.8154783035463103,0.4392059553349876,0.5047528517110266,0.5254824344383968,0.5680600214362272,0.6293872694824509,0.645909645909646,0.5912214067985289,0.6623954474744382,0.6809721567898247,0.7354150155452966,0.8007216709715668,0.8154783035463103,CT,True,[0.95117188 0.95117188 4.        ],"(3, 512, 512)",True,1
CT_TotalSeg_cardiac_s0054,29.53866672515869,4.57915997505188,4.615456581115723,5.073743104934692,4.942049980163574,5.1186723709106445,5.209584712982178,3.294303006800159,3.429104631938441,0.8669416310975248,0.9093526864217636,0.5926728397225948,0.7472330193983221,0.8013213407525738,0.8333148590781256,0.8525794817215359,0.8669416310975248,0.650391147527853,0.7735825450036373,0.8302272852672375,0.8667771873933466,0.8906325435651566,0.9093526864217636,CT,False,[1.5 1.5 1.5],"(246, 261, 261)",True,9
MR_BraTS-T2f_bratsgli_0046,2.595916986465454,0.0,0.5219299793243408,0.5427742004394531,0.524043083190918,0.5147957801818848,0.4923739433288574,0.0108298052559173,0.0,0.0010585371017254,0.0,0.0,0.0130481093555831,0.0012760160709051,0.0011548296626247,0.0013456362937331,0.0010585371017254,0.0,0.0,0.0,0.0,0.0,0.0,MR,True,[1. 1. 1.],"(54, 218, 182)",False,3
CT_TotalSeg_muscles_s1000,37.64193367958069,5.8261449337005615,6.477028846740723,6.5685460567474365,6.535320281982422,6.552504062652588,5.682389497756958,3.484114855580335,2.9574411342204425,0.8777105076817514,0.7490281577712322,0.8217961792307014,0.8553052522359009,0.8662595444138091,0.8741280736453758,0.8772193575623238,0.8777105076817514,0.6653263262389166,0.7123601881055103,0.7301877192157868,0.7446269821397399,0.7519322599265444,0.7490281577712322,CT,False,[1.50000012 1.5        1.50000012],"(161, 135, 229)",True,12
CT_AbdTumor_case_00295,6.08087944984436,1.0213942527770996,1.048443078994751,0.9682579040527344,1.0018057823181152,1.0359258651733398,1.0050525665283203,3.524238930875402,3.5322468956165727,0.8866061074603788,0.8997171648092388,0.8509599820703738,0.8692536269882888,0.8751994717437958,0.8844855848037798,0.8866240071034929,0.8866061074603788,0.7800122874190083,0.8493270697069245,0.8620052817742391,0.8940952982252349,0.9016241983590172,0.8997171648092388,CT,True,[0.91992188 0.91992188 0.5       ],"(69, 512, 512)",True,1
CT_LungMasks_lung_038,15.414876222610474,2.423814296722412,2.5690362453460693,2.703479051589966,2.8857762813568115,2.4128925800323486,2.419877767562866,3.890678363046841,3.801977900293812,0.974581427809168,0.957217867431273,0.9447214524121644,0.9679967641469486,0.9718482001560652,0.973403088367208,0.9741379785455092,0.974581427809168,0.8325517232319379,0.9328220661972424,0.9478173006592204,0.9533145074548556,0.955826125365478,0.957217867431273,CT,False,[0.78125 0.78125 2.5    ],"(109, 512, 512)",True,2
CT_AbdTumor_case_00190,5.759625196456909,0.953303337097168,0.9690501689910888,0.9533131122589112,0.967398166656494,0.9493327140808104,0.9672276973724364,3.733703175211255,3.9439035378836382,0.9386405256306426,0.9897430265980108,0.8417557909009483,0.9179158012282296,0.929300988874348,0.9365632213953144,0.9395608015121556,0.9386405256306426,0.8523652741348013,0.971761804558085,0.9858871929657748,0.9864889627722137,0.990774966567602,0.9897430265980108,CT,True,[0.72265625 0.72265625 3.        ],"(14, 512, 512)",True,2
CT_AbdomenAtlas_BDMAP_00002551,68.45258688926697,10.969239711761476,11.420087337493896,11.089561939239502,11.315056800842283,11.415478467941284,12.243162631988524,0.9923326967478292,0.992953583076898,0.2499139144399113,0.2518791873621286,0.2247865387872312,0.2467322169839589,0.2481622270458623,0.2484788512389929,0.2473685527510387,0.2499139144399113,0.2007299869266898,0.2446760510921474,0.2489004646655285,0.2495288994523399,0.2462465997318916,0.2518791873621286,CT,False,[0.8203125  0.8203125  0.87438595],"(519, 371, 512)",True,11
MR_BraTS-T1c_bratsgli_0078,2.5455055236816406,0.0,0.5122103691101074,0.5226690769195557,0.5196928977966309,0.4971756935119629,0.4937574863433838,0.1816520434401701,0.0,0.0469397707876127,0.0,0.0,0.0334133541759714,0.0422062696150932,0.049627472809797,0.0496417385334877,0.0469397707876127,0.0,0.0,0.0,0.0,0.0,0.0,MR,True,[1. 1. 1.],"(80, 218, 182)",False,4
CT_TotalSeg_organs_s0377,33.353784799575806,5.450642824172974,5.650498628616333,5.465587139129639,5.466383934020996,5.205176115036011,6.1154961585998535,3.4397807824351783,3.0770878374524857,0.8710290664931161,0.7863082604636813,0.7964327327378103,0.8396614141639507,0.8550622614955811,0.8609461362879606,0.868427144323103,0.8710290664931161,0.6591163012891292,0.7361462071513969,0.7631691347810381,0.7707937939718158,0.7818976748920924,0.7863082604636813,CT,False,[1.5 1.5 1.5],"(184, 248, 248)",True,11
MR_BraTS-T1n_bratsgli_1291,2.867573499679565,0.0,0.5866250991821289,0.5723409652709961,0.5707459449768066,0.5673437118530273,0.5705177783966064,0.0179301901028871,0.0,0.0061518223322757,0.0,0.0,0.0021221231336684,0.0038818102936475,0.0043894233296535,0.0055219837466138,0.0061518223322757,0.0,0.0,0.0,0.0,0.0,0.0,MR,True,[1. 1. 1.],"(90, 218, 182)",False,4
CT_AbdomenAtlas_BDMAP_00003222,30.3331310749054,5.196690797805786,5.109991788864136,5.168598175048828,4.686935424804688,4.678363561630249,5.492551326751709,3.534995925471691,3.676556642371394,0.8959189348799643,0.9365117878218848,0.8037477281054622,0.8659445779580736,0.8793060554056993,0.8864719767656772,0.8882861368812959,0.8959189348799643,0.8263096763237154,0.8957850207221523,0.9147546962040288,0.921550038701447,0.9241035031938998,0.9365117878218848,CT,False,[0.875 0.875 3.   ],"(81, 308, 504)",True,10
CT_AbdTumor_PETCT_be3e55a32f,44.88589906692505,6.811312675476074,7.660745143890381,7.420399188995361,7.460602045059204,7.950311183929443,7.582528829574585,2.347383779521809,2.790952935803209,0.6056142324059621,0.7218952303788421,0.5362556459042099,0.5846630851196873,0.5781740547275924,0.5809782473729975,0.5930928186583945,0.6056142324059621,0.6047712737475961,0.6809078683230033,0.6887045967499453,0.6928959258621661,0.7079508638401749,0.7218952303788421,CT,False,[0.8828125 0.8828125 1.       ],"(141, 512, 512)",True,12
CT_TotalSeg_muscles_s0807,78.33638000488281,12.737248659133911,12.441792249679564,12.9632887840271,13.103310585021973,13.517660856246948,13.573078870773315,3.3156706315615243,2.9879777145283017,0.8422275071580387,0.7707255735301882,0.7283059134659207,0.7963894067760836,0.8244248338456922,0.8337791582007696,0.8381581825480011,0.8422275071580387,0.6170134143724144,0.692330466692154,0.7387921800820253,0.7547740683657507,0.7628834459693545,0.7707255735301882,CT,False,[1.5 1.5 1.5],"(454, 250, 250)",True,21
CT_AbdTumor_PETCT_0f4ee9e078,6.654080629348755,1.1280641555786133,1.1599524021148682,1.0833232402801514,1.1019887924194336,1.0788304805755615,1.101921558380127,2.1490891753409738,2.5258328937785195,0.4919539198545233,0.613061189022156,0.4465055553456738,0.5057984755762149,0.5165981728264353,0.5543951914785041,0.5792196133206653,0.4919539198545233,0.4453926526352691,0.5255276485347506,0.5746731583056448,0.6632881472761148,0.7185771694183063,0.613061189022156,CT,True,[0.85351562 0.85351562 0.69999999],"(38, 512, 512)",True,2
MR_BraTS-T1n_bratsgli_1344,2.574174642562866,0.0,0.4975519180297851,0.5181066989898682,0.5097823143005371,0.5070745944976807,0.5416591167449951,0.3623916536429127,0.0,0.1554907677356657,0.0,0.0,0.0359885522010938,0.0217033345664773,0.1128702680151167,0.1320783910929388,0.1554907677356657,0.0,0.0,0.0,0.0,0.0,0.0,MR,True,[1. 1. 1.],"(77, 218, 182)",False,3
MR_BraTS-T2f_bratsgli_0366,2.4037187099456787,0.0,0.4713284969329834,0.4658362865447998,0.490361213684082,0.5025479793548584,0.4736447334289551,0.1200510722001182,0.0,0.0284798456868918,0.0,0.0,0.0397313366206042,0.034397204577634,0.0245908929206687,0.0269573835480673,0.0284798456868918,0.0,0.0,0.0,0.0,0.0,0.0,MR,True,[1. 1. 1.],"(60, 218, 182)",False,3
CT_TotalSeg_muscles_s0935,13.38833737373352,2.118182420730591,2.136718273162842,2.2436013221740723,2.311278820037842,2.2773733139038086,2.301183223724365,3.4981491387465877,3.8683473659996936,0.8864131609006808,0.9694903119474052,0.796832398586858,0.8464291984149149,0.8659220981437421,0.8771390046386791,0.8886668563063684,0.8864131609006808,0.9058816153869114,0.9464706425550456,0.9686002874672588,0.969666206417337,0.9721003948638722,0.9694903119474052,CT,False,[1.5 1.5 1.5],"(151, 131, 131)",True,5
CT_COVID-19-20-CT-SegChallenge_volume-covid19-A-0313,8.68710994720459,1.4437751770019531,1.3805592060089111,1.422729730606079,1.4419584274291992,1.453141450881958,1.5449459552764893,2.407351566778757,2.7077726019618598,0.618059517235415,0.6869312687898933,0.5512252181792544,0.5692753856892703,0.5897892446501258,0.6068031663041009,0.6170917043621883,0.618059517235415,0.6058212623197456,0.6391547465138846,0.6697373243272985,0.6845439472124827,0.6904483227701893,0.6869312687898933,CT,True,[0.74000001 0.74000001 5.        ],"(21, 512, 512)",True,3
MR_ISLES2022_ADC_sub-strokecase0118,2.9145050048828125,0.4462475776672363,0.4845199584960937,0.4985568523406982,0.4967319965362549,0.4852821826934814,0.5031664371490479,2.7012289661215867,3.302720282480152,0.6803394625176803,0.8340834632203853,0.65748031496063,0.6573033707865169,0.6741258741258741,0.6779422128259338,0.6803394625176803,0.6803394625176803,0.7949683257765034,0.8045671594130654,0.8197763298438643,0.8295351780991773,0.8340834632203853,0.8340834632203853,MR,True,[2. 2. 2.],"(11, 112, 112)",True,1
MR_ProstateADC_ADC-ProstateX-0204,2.9181759357452397,0.4550318717956543,0.5137872695922852,0.4691400527954101,0.5353202819824219,0.4770772457122803,0.4678192138671875,3.715860511630553,3.882630527404877,0.9300578939133156,0.9709439493683132,0.9265269991147832,0.927891156462585,0.9281785321389282,0.9287731408848446,0.92993431341883,0.9300578939133156,0.9685257162449552,0.974959650599663,0.9700363180444204,0.9689420147753448,0.970700394601124,0.9709439493683132,MR,True,[2. 2. 3.],"(10, 128, 84)",True,1
MR_BraTS-T1c_bratsgli_0912,2.5923900604248047,0.0,0.4932467937469482,0.5319287776947021,0.5041458606719971,0.5263538360595703,0.5367147922515869,0.986148245797741,0.5640597879340804,0.3399917944509975,0.2676076153598004,0.0,0.0925708336431918,0.1715196100024962,0.2787456445993031,0.3196016771488469,0.3399917944509975,0.0,0.0,0.0,0.1905748640738387,0.2396811161803415,0.2676076153598004,MR,True,[1. 1. 1.],"(59, 218, 182)",False,2
CT_COVID-19-20-CT-SegChallenge_volume-covid19-A-0696,6.004229545593262,0.9934279918670654,0.9557223320007324,0.966261625289917,1.0567169189453125,0.9423446655273438,1.0897560119628906,1.263807323636428,1.5310503236958624,0.3546362588593433,0.4512657907979038,0.2775750795045756,0.2931226178222307,0.2950848567233695,0.3126286375001359,0.3322143910721356,0.3546362588593433,0.3196833067639775,0.3460888822002349,0.3480846386651609,0.370823309238301,0.4134650392933311,0.4512657907979038,CT,True,[0.93000001 0.93000001 5.        ],"(10, 512, 512)",True,2
PET_autoPET_fdg_642d6c78d6_05-02-2005-NA-PET-CT Ganzkoerper  primaer mit KM-84654,22.8279881477356,3.588096618652344,3.850508213043213,3.8345730304718018,3.73628568649292,3.8024394512176514,4.016085147857666,2.0443689663739746,1.814973761295332,0.5149633191376884,0.4633750321793357,0.4825494638223486,0.497852200797541,0.5111218444440252,0.5127703916461684,0.5140689703161662,0.5149633191376884,0.3876336358676462,0.4329696976233297,0.4506449218006474,0.4558416586758029,0.4603148159175489,0.4633750321793357,PE,False,[2.03642011 2.03642011 3.        ],"(193, 400, 400)",True,6
MR_BraTS-T2f_bratsgli_0338,2.912583827972412,0.0,0.5709757804870605,0.5829858779907227,0.5834155082702637,0.5942437648773193,0.5809628963470459,0.172800151520994,0.0,0.0580424073677447,0.0,0.0,0.0301255320063625,0.0369875103634564,0.0427724449463579,0.0489562265241259,0.0580424073677447,0.0,0.0,0.0,0.0,0.0,0.0,MR,True,[1. 1. 1.],"(74, 218, 182)",False,4
MR_BraTS-T2w_bratsgli_1126,2.5537004470825195,0.0,0.5479106903076172,0.4942824840545654,0.512965202331543,0.4915430545806885,0.5069990158081055,0.5363888320025049,0.0,0.1739488870568837,0.0,0.0,0.0543364681295715,0.1126019468560905,0.1358024691358024,0.1738417384173841,0.1739488870568837,0.0,0.0,0.0,0.0,0.0,0.0,MR,True,[1. 1. 1.],"(59, 218, 182)",False,3
CT_TotalSeg_organs_s0463,58.79450559616089,9.810805082321169,10.062989473342896,10.524348258972168,9.388195276260376,9.179420709609984,9.828746795654297,3.223667911007131,2.926025548037264,0.8213386276648273,0.7567299322581544,0.7244542790011219,0.7881099793780701,0.7961350716869577,0.8063788391815713,0.8164296966171533,0.8213386276648273,0.6040846529078645,0.7001927643401792,0.7173065714170825,0.7338280234081379,0.7464296049128768,0.7567299322581544,CT,False,[1.5 1.5 1.5],"(216, 221, 221)",True,20
MR_BraTS-T2f_bratsgli_0822,2.6148152351379395,0.0,0.5028796195983887,0.5076682567596436,0.5595240592956543,0.5245494842529297,0.5201938152313232,0.8858049222324542,0.8305500250171971,0.2473720949330705,0.2646934296489493,0.0,0.1644485711338079,0.2069253494514213,0.2314425443105005,0.2415266954370931,0.2473720949330705,0.0,0.0,0.2026970341968098,0.2408039917568376,0.254702284239075,0.2646934296489493,MR,True,[1. 1. 1.],"(50, 218, 182)",False,3
CT_GTVpEnhance_segrap_0089,3.267398834228516,0.5477957725524902,0.5183439254760742,0.5394301414489746,0.5315108299255371,0.5776715278625488,0.5526466369628906,2.775928637115017,3.4677892072175114,0.7007568009817958,0.8786960396619544,0.6250926268988515,0.680225080385852,0.6841239448774304,0.700638056113976,0.700675695439787,0.7007568009817958,0.7740649178583582,0.8451783364089017,0.8490893898852319,0.8780071541960467,0.8787554751008047,0.8786960396619544,CT,True,[0.45898438 0.45898438 3.        ],"(17, 512, 512)",True,1
MR_Spider_190_t2_spi,4.422778606414795,0.7538852691650391,0.7980563640594482,0.7535111904144287,0.7255370616912842,0.6975307464599609,0.6942579746246338,1.1022053205902225,1.9284850783606264,0.3278483974109022,0.5549898724396175,0.244349922018999,0.2290675896116898,0.2288858379098019,0.2719279153789231,0.3229335737902014,0.3278483974109022,0.3972725707176976,0.4071913639169832,0.4194296117963847,0.4789387859132641,0.549026062472677,0.5549898724396175,MR,True,[0.72916669 4.40000016 0.72916669],"(7, 384, 384)",True,1
MR_BraTS-T2w_bratsgli_0680,2.408246755599976,0.0,0.475740909576416,0.4779114723205566,0.4926140308380127,0.484809398651123,0.4771709442138672,0.002742787351146,0.0,0.0005219595854149,0.0,0.0,0.0010168892032894,0.0010462154294032,0.0003930817610062,0.0005340657663843,0.0005219595854149,0.0,0.0,0.0,0.0,0.0,0.0,MR,True,[1. 1. 1.],"(65, 218, 182)",False,4
MR_BraTS-T1n_bratsgli_0486,2.483064889907837,0.0,0.5016107559204102,0.4984991550445556,0.4911553859710693,0.4965810775756836,0.4952185153961181,1.1236985639089307,1.0245995115933713,0.2956516406010426,0.278696903551018,0.0,0.2026063372362241,0.2835642209680177,0.294758243698144,0.2962471103241356,0.2956516406010426,0.0,0.1546147556730519,0.2524453311513667,0.2755483338089954,0.2799500170209742,0.278696903551018,MR,True,[1. 1. 1.],"(83, 218, 182)",False,3
MR_BraTS-T2w_bratsgli_0700,2.35224986076355,0.0,0.4552013874053955,0.4501533508300781,0.459611177444458,0.4875760078430176,0.4997079372406006,0.0441640305927353,0.0,0.0150931866788878,0.0,0.0,0.0080151737640724,0.0095630864861634,0.0105001640650635,0.0125465998200282,0.0150931866788878,0.0,0.0,0.0,0.0,0.0,0.0,MR,True,[1. 1. 1.],"(57, 218, 182)",False,3
MR_BraTS-T2f_bratsgli_1230,2.4896647930145264,0.0,0.4566469192504883,0.4599933624267578,0.4515516757965088,0.5678305625915527,0.5536422729492188,1.5065164188488067,1.5184679674470778,0.4344853264732762,0.4518835280916149,0.0,0.233906930381407,0.342794969439022,0.3971650263679419,0.432360294614501,0.4344853264732762,0.0,0.2408339194800522,0.3333778832589582,0.3874245258356639,0.4513068345666222,0.4518835280916149,MR,True,[1. 1. 1.],"(38, 218, 182)",False,2
CT_LungMasks_LUNG1-171,11.8263258934021,2.057647228240967,1.9712610244750977,2.0378825664520264,2.0199759006500244,1.8983991146087649,1.84116005897522,3.852458349897828,3.771814682087442,0.9631536806341792,0.9431257019315732,0.9553296766717692,0.9627554656123471,0.9631854514579996,0.9631656197093774,0.9631527056071868,0.9631536806341792,0.8886490740103273,0.9419702200604634,0.9430712258087306,0.9431200060064872,0.943075489276206,0.9431257019315732,CT,False,[0.9765625 0.9765625 3.       ],"(82, 512, 512)",True,2
CT_AbdTumor_hepaticvessel_209,5.634024620056152,0.9443984031677246,0.8949897289276123,0.9898805618286132,0.9209420680999756,1.020236253738403,0.8635776042938232,3.7053549171896583,3.013890709052052,0.926798567056041,0.7558537339402729,0.9116705912882168,0.9219080728091712,0.9272960701114328,0.9268941780357306,0.9268113491098896,0.926798567056041,0.6950675240676266,0.7318461307100782,0.7578644023769383,0.7562211535776872,0.7559552207722505,0.7558537339402729,CT,True,[0.703125 0.703125 2.5     ],"(57, 512, 512)",True,1
MR_BraTS-T1n_bratsgli_1151,2.512206077575684,0.0,0.4742348194122314,0.4656374454498291,0.5051939487457275,0.5342378616333008,0.5329020023345947,0.0891410904496028,0.0,0.0272,0.0,0.0,0.0170672443572704,0.0207459385249027,0.023075963577398,0.0231855661686668,0.0272,0.0,0.0,0.0,0.0,0.0,0.0,MR,True,[1. 1. 1.],"(73, 218, 182)",False,2
CT_AMOS_amos_0158,43.70314288139343,7.222862958908081,7.68437647819519,6.992586612701416,7.259109973907471,6.856093168258667,7.688113689422607,3.273724791705043,3.444718016798165,0.8391091745688549,0.8820742694201013,0.7422756299188915,0.7885896826701478,0.7993995260441062,0.8245427504975902,0.8359330865438449,0.8391091745688549,0.7636741135286282,0.8239400563972302,0.8403171851108677,0.8708023862926949,0.8805912824859367,0.8820742694201013,CT,False,[0.78100002 0.78100002 5.        ],"(63, 512, 512)",True,14
MR_ISLES2022_DWI_sub-strokecase0230,5.449210166931152,0.9471824169158936,0.900205135345459,0.8483076095581055,0.9124023914337158,0.9568910598754884,0.8842215538024902,1.207594795778666,0.7854434338770385,0.3315521010444498,0.2459993469357121,0.2249248685199098,0.2574194672877945,0.2822720362054944,0.3082917326190186,0.3225452427880308,0.3315521010444498,0.1263770325212642,0.1404595940073191,0.1665375727045745,0.1973038976592088,0.2283724930417395,0.2459993469357121,MR,True,[1.14583337 1.14583337 4.80000019],"(15, 192, 192)",True,2
MR_BraTS-T1n_bratsgli_0597,2.426006555557251,0.0,0.4960916042327881,0.49941086769104,0.4696958065032959,0.4801754951477051,0.4806327819824219,0.2705550512112668,0.0,0.1120019982515299,0.0,0.0,0.0568016763102126,0.0563610189969409,0.0636543252297912,0.0661378697036633,0.1120019982515299,0.0,0.0,0.0,0.0,0.0,0.0,MR,True,[1. 1. 1.],"(79, 218, 182)",False,4
CT_TCIA-LCTSC_LCTSC-Train-S1-004,23.49352121353149,3.65433931350708,3.887400150299072,4.096082925796509,4.015619277954102,4.059617519378662,3.780462026596069,3.633995337035604,3.546382746432674,0.9158538146904242,0.8994485454014509,0.8233310052956748,0.8833154723097343,0.9058716098330544,0.9127798603696444,0.915759223332826,0.9158538146904242,0.7391713462049878,0.8425871870906849,0.8784967129868626,0.8951936458472545,0.9016745213524888,0.8994485454014509,CT,False,[0.9765625 0.9765625 3.       ],"(122, 512, 512)",True,5
MR_BraTS-T2f_bratsgli_1293,2.522223711013794,0.0,0.4637315273284912,0.4959588050842285,0.52870774269104,0.5250582695007324,0.5087673664093018,0.0356392231416207,0.0,0.0014182568334192,0.0,0.0,0.0089178920706395,0.0117010353384102,0.0101814962372731,0.008588617113908,0.0014182568334192,0.0,0.0,0.0,0.0,0.0,0.0,MR,True,[1. 1. 1.],"(57, 218, 182)",False,4
CT_GTVpEnhance_segrap_0012,3.382417917251587,0.5506765842437744,0.5770361423492432,0.5728607177734375,0.5708763599395752,0.5391333103179932,0.5718348026275635,2.703227512055636,2.6968928041536384,0.6753569492138081,0.6740756056710862,0.6832668336584062,0.6774113730430088,0.6759205967656385,0.6755358796557721,0.6753868745058172,0.6753569492138081,0.6744672081244556,0.6752833137569608,0.6743898846705396,0.6739472071378195,0.673876252631256,0.6740756056710862,CT,True,[0.49023438 0.49023438 3.        ],"(32, 512, 512)",True,1
CT_TotalSeg_muscles_s0553,73.7803111076355,11.406588554382324,11.816685199737549,12.40794324874878,12.769087553024292,12.807923793792725,12.572082757949827,3.4963925231072173,3.232087334191998,0.89172552943634,0.8342648398710899,0.760051766893566,0.8332777470709712,0.8619750884251008,0.8802896455274114,0.8916261509010498,0.89172552943634,0.6829590704727058,0.7617656013245565,0.7883739588248821,0.8152823503878108,0.8304158043814819,0.8342648398710899,CT,False,[1.5 1.5 1.5],"(414, 233, 233)",True,21
MR_BraTS-T1n_bratsgli_1311,2.543298482894897,0.0,0.5150589942932129,0.5101840496063232,0.4719491004943847,0.5298137664794922,0.5162925720214844,0.0,0.0,0.0,0.0,0.0,0.0,0.0,0.0,0.0,0.0,0.0,0.0,0.0,0.0,0.0,0.0,MR,True,[1. 1. 1.],"(52, 218, 182)",False,4
CT_AbdTumor_colon_114,2.920985698699951,0.4835593700408935,0.4897558689117431,0.4922025203704834,0.4754035472869873,0.4871387481689453,0.4929256439208984,2.9388817214084986,3.849426629461654,0.7341688654353562,0.9594516015877542,0.725,0.7350972266496653,0.7369451697127938,0.7334431630971994,0.7338603425559947,0.7341688654353562,0.9623836586664882,0.9677225349810628,0.9655926990560992,0.9591537252320204,0.961093136889126,0.9594516015877542,CT,True,[0.97656202 0.97656202 5.        ],"(5, 512, 512)",True,1
MR_BraTS-T1c_bratsgli_0897,2.6044421195983887,0.0,0.520388126373291,0.5327978134155273,0.5197200775146484,0.5130157470703125,0.5185203552246094,0.7995343809871859,0.4958508197241889,0.2477028565083419,0.2046223395190118,0.0,0.1496641081818313,0.1366886652584069,0.224747949151481,0.2394142842322114,0.2477028565083419,0.0,0.0,0.0,0.2020363020150836,0.1915033479495993,0.2046223395190118,MR,True,[1. 1. 1.],"(74, 218, 182)",False,2
MR_BraTS-T1c_bratsgli_0449,2.456423282623291,0.0,0.4915723800659179,0.5004653930664062,0.4812722206115722,0.486400842666626,0.4967124462127685,0.209394600487303,0.0,0.0641617903705985,0.0,0.0,0.040708674961298,0.0508011238514693,0.0488351254480286,0.0573231185218566,0.0641617903705985,0.0,0.0,0.0,0.0,0.0,0.0,MR,True,[1. 1. 1.],"(40, 218, 182)",False,2
MR_BraTS-T2f_bratsgli_0757,2.754724502563477,0.0,0.5602426528930664,0.5827147960662842,0.5693683624267578,0.5196435451507568,0.5227551460266113,0.2759164460495734,0.0,0.1156119678328764,0.0,0.0,0.0267577950504779,0.025994748281884,0.0873464315858576,0.0913903847401544,0.1156119678328764,0.0,0.0,0.0,0.0,0.0,0.0,MR,True,[1. 1. 1.],"(89, 218, 182)",False,2
MR_Spider_214_t2_vet,19.20799827575684,3.258918046951294,3.1904964447021484,3.175206661224365,3.170769214630127,3.221555233001709,3.1910526752471924,3.1441964011756784,2.6929593344552814,0.7888811358045713,0.6683664751333241,0.7482034668158517,0.7769975494047475,0.7850279574239442,0.7876897463464486,0.7885393548006261,0.7888811358045713,0.6776028562824078,0.6780812998303719,0.6796879681506233,0.6708663364848922,0.6691811423379176,0.6683664751333241,MR,False,[0.90815557 4.20644261 0.9375    ],"(14, 331, 320)",True,7
CT_TotalSeg_organs_s0050,68.49794006347656,11.406076431274414,10.72226095199585,11.516787767410278,12.104058027267456,11.435055494308472,11.313701391220093,3.310627821512357,3.138124454886148,0.8404188094713281,0.8078404126567396,0.7404212618256849,0.7992487337431314,0.8201853733395825,0.8325453551526599,0.8380633214128846,0.8404188094713281,0.6490692482904229,0.7335316489695146,0.7728213792499755,0.7927904361219799,0.8018266087010655,0.8078404126567396,CT,False,[1.5 1.5 1.5],"(382, 182, 261)",True,22
MR_ISLES2022_DWI_sub-strokecase0245,3.009584426879883,0.5142984390258789,0.52510666847229,0.5150644779205322,0.473426342010498,0.486849308013916,0.4948391914367676,3.110830875918518,3.295140359139154,0.794928335170893,0.8488773442251382,0.7244444444444444,0.7583243823845328,0.7608465608465609,0.7822222222222223,0.7911357340720222,0.794928335170893,0.713179752111693,0.7983478672845433,0.8037365392404238,0.8276193681366254,0.8401718460072639,0.8488773442251382,MR,True,[1.796875   1.796875   4.80000019],"(9, 128, 128)",True,1
CT_LungLesions_LUNG1-002,10.815712928771973,1.7799553871154783,1.7965774536132812,1.7990081310272217,1.8239638805389404,1.7936651706695557,1.8225429058074951,1.3808917617378995,1.3730638778362527,0.383171360453509,0.3891109059730119,0.2363573744103586,0.2969740057487602,0.3184165308208326,0.3525840777190012,0.3698184700969311,0.383171360453509,0.2142593361677255,0.3088240604036801,0.3110321075260027,0.3479937226780027,0.3650705644439012,0.3891109059730119,CT,False,[0.977 0.977 3.   ],"(37, 512, 512)",True,3
CT_totalseg-vertebrae_s1190,46.81575703620911,8.278813362121582,7.230205297470093,7.522992134094238,7.873559951782227,7.81916618347168,8.091020107269287,3.823274976506451,3.964143580823309,0.9586876133833688,0.9935451594952368,0.9426291725109646,0.951959164547195,0.9540472988010557,0.9553751895837777,0.9585290991563358,0.9586876133833688,0.9802013524912137,0.987598264864746,0.9895915432968992,0.990892192189424,0.9930881331569936,0.9935451594952368,CT,False,[1.5 1.5 1.5],"(241, 221, 221)",True,16
MR_ProstateT2_NCI-Prostate3T-01-0023,3.032744646072388,0.5034968852996826,0.4775347709655761,0.4978852272033691,0.4953396320343017,0.4954948425292969,0.5629932880401611,3.489031368330997,3.665446707204132,0.8738334747303357,0.9198397117880024,0.8717367674422889,0.870096000149562,0.8710229344502931,0.8723747980613893,0.8736688983793663,0.8738334747303357,0.917642251403692,0.9123551909903926,0.9138257603317196,0.916393493824836,0.9191300016583784,0.9198397117880024,MR,True,[0.625      0.625      3.60000014],"(16, 320, 320)",True,1
CT_TotalSeg_organs_s1276,70.99319005012512,11.211989402770996,12.031820058822632,12.15243124961853,12.199699878692629,11.164366960525513,12.232882499694824,3.171771760603245,2.9082300113150525,0.8021982523627335,0.7397087850111541,0.732235260524175,0.7701942215090664,0.7882459689757844,0.7964891266590222,0.8008404280325384,0.8021982523627335,0.633718574400213,0.6886866496802458,0.7209066135416927,0.7335781314967864,0.739547548930873,0.7397087850111541,CT,False,[1.5 1.5 1.5],"(397, 221, 240)",True,21
MR_Spider_200_t1_ivd,20.10158753395081,3.19257926940918,3.2275590896606445,3.409738302230835,3.2963225841522217,3.447337865829468,3.528050422668457,3.4133466224793887,3.79966497886971,0.8722854954697767,0.9680374874790492,0.7799378081463149,0.8122603075807716,0.8475543747544175,0.8575156734903054,0.8660036727093913,0.8722854954697767,0.8632390282292486,0.9046937362027724,0.9466271204289308,0.9544617505206338,0.9622104960792348,0.9680374874790492,MR,False,[0.5859375  3.29999995 0.5859375 ],"(16, 512, 512)",True,7
CT_AbdTumor_PETCT_2a78eed085,12.31647562980652,2.0603723526000977,2.0121212005615234,2.0158281326293945,2.090505123138428,2.139819860458374,1.9978289604187007,2.704192406705538,2.553911447778192,0.6752496549525003,0.6345247408237625,0.6367382861399423,0.6694475365316709,0.6765637181228797,0.6778562234676272,0.6774238693729453,0.6752496549525003,0.562724794288583,0.6282373997860738,0.6435110186818199,0.6428366556274713,0.6361827031639821,0.6345247408237625,CT,False,[0.83984375 0.83984375 1.        ],"(72, 512, 512)",True,3
CT_LungMasks_LUNG1-184,13.68008303642273,2.2832791805267334,2.316250324249268,2.2803633213043213,2.2836053371429443,2.258216619491577,2.2583682537078857,3.8499934211755535,3.64929700208223,0.96248375524229,0.9122871398570528,0.9543322003727404,0.962421981656838,0.9625627011045106,0.9624897820809868,0.9624880695404928,0.96248375524229,0.8433115743724123,0.9117307555020596,0.9125744373201669,0.9123910968147736,0.9123225202677336,0.9122871398570528,CT,False,[0.977 0.977 3.   ],"(97, 512, 512)",True,2
MR_BraTS-T1n_bratsgli_0625,2.439302444458008,0.0,0.4426186084747314,0.501497745513916,0.4949789047241211,0.5123939514160156,0.4878132343292236,0.1308703326569805,0.0,0.0271488917366747,0.0,0.0,0.0201022999606538,0.0344792306118273,0.0373430425243896,0.0354224636720992,0.0271488917366747,0.0,0.0,0.0,0.0,0.0,0.0,MR,True,[1. 1. 1.],"(31, 218, 182)",False,3
CT_totalseg-vertebrae_s0927,90.22155570983888,14.5593843460083,14.65677523612976,15.514958381652832,15.024001598358154,15.066349506378174,15.400086641311646,2.0138568750900183,2.032189562009447,0.5142743400510861,0.5166619406275105,0.4574479459935602,0.4870625923565512,0.5034988632608177,0.4942294442904243,0.5154601013349576,0.5142743400510861,0.4676712320554082,0.4943705314449491,0.5046942391385735,0.5067914890672586,0.5151875977673852,0.5166619406275105,CT,False,[1.5 1.5 1.5],"(406, 333, 333)",True,26
MR_Head_HNTSMRG24_169_preRT_T2,6.7497947216033936,1.14677095413208,1.1083831787109375,1.1925950050354004,1.0859723091125488,1.1223223209381104,1.0937509536743164,3.4447484304486657,3.589722833666764,0.8618863072484351,0.8985266790514788,0.8329012572654143,0.8580071411029708,0.8615290839030441,0.8614221448958937,0.8618504774740245,0.8618863072484351,0.8593214683806901,0.8936930991901204,0.8976261558820012,0.897539021881363,0.8984477667826001,0.8985266790514788,MR,True,[0.5 0.5 2. ],"(26, 512, 512)",True,2
MR_BraTS-T1n_bratsgli_1290,2.5313570499420166,0.0,0.4706513881683349,0.4787108898162842,0.5182797908782959,0.5090458393096924,0.5546691417694092,0.0096902141846708,0.0,0.0037560096153846,0.0,0.0,0.0017055774597971,0.0020781379883624,0.002269288956127,0.0026119937025905,0.0037560096153846,0.0,0.0,0.0,0.0,0.0,0.0,MR,True,[1. 1. 1.],"(50, 218, 182)",False,4
MR_Spider_18_t1_ivd,21.99475407600403,3.658239364624024,3.807236671447754,3.4852294921875,3.5244736671447754,3.8134779930114746,3.706096887588501,2.786700298669084,3.584867199928951,0.7710206649530709,0.9617958791065866,0.4697751947352672,0.5820730745760003,0.6314568596252755,0.7246470724141723,0.7540494968651004,0.7710206649530709,0.6635522628180376,0.7986488798004374,0.8284487323757682,0.925414168778992,0.9507819193206788,0.9617958791065866,MR,False,[3.30000009 0.5859375  0.5859375 ],"(92, 25, 512)",True,8
MR_heart-ACDC_ACDC_patient017_frame09_lvrv,5.489648103713989,0.8206839561462402,0.9285929203033448,0.9408407211303712,0.9436402320861816,0.9177687168121338,0.9381215572357178,3.6581418929632674,3.711703085152644,0.9239769264244904,0.9423178523879184,0.8580906662681884,0.9063861698667466,0.9107685690399304,0.913605694594035,0.918586081183683,0.9239769264244904,0.8151498045450861,0.9173686717749177,0.9213937098038932,0.9265584562016452,0.9339076570656876,0.9423178523879184,MR,True,[ 1.5625  1.5625 10.    ],"(8, 256, 216)",True,2
CT_COVID-19-20-CT-SegChallenge_volume-covid19-A-0463,6.474981069564819,1.1472265720367432,1.093306541442871,1.1050529479980469,1.051487922668457,1.043360948562622,1.034546136856079,2.3811018451059347,3.2414771034488408,0.6371691838801019,0.8199657985377415,0.5038459793814356,0.5370888230700918,0.5504219127580728,0.6085511831976738,0.6349997456750915,0.6371691838801019,0.7130252436941173,0.7708256081849262,0.7853987738947983,0.8243332147154703,0.8363494114772381,0.8199657985377415,CT,True,[0.68199998 0.68199998 5.        ],"(16, 512, 512)",True,2
PET_autoPET_psma_6b41c21073fb3fc9_2018-03-19,53.970492124557495,8.890435934066772,9.225916624069214,9.09710693359375,9.245829820632936,8.782706260681152,8.728496551513672,2.2330543665275826,2.706526077679933,0.5693582581926371,0.6860128378262691,0.4529249082035644,0.5137386416377848,0.5425348717576085,0.5734587784140688,0.5755122664406943,0.5693582581926371,0.5576092265982484,0.633504448979828,0.6598377491684172,0.6918457381369617,0.6950839469715059,0.6860128378262691,PE,False,[4.0728302 4.0728302 2.       ],"(219, 200, 200)",True,19
CT_LNQ_LymphNode-0967,5.534900188446045,0.8860936164855957,0.9170610904693604,0.902358055114746,0.9176626205444336,0.9714913368225098,0.9402334690093994,2.9715805566728344,3.640541866590216,0.7895576641070192,0.975500919962564,0.5162651824073953,0.6692222394778617,0.7152832115205967,0.7540606031773651,0.7728467901824321,0.7895576641070192,0.6488464643013949,0.8137045820702394,0.8667303068237329,0.9240291241478528,0.9551796846022284,0.975500919962564,CT,True,[0.86900002 0.86900002 3.        ],"(12, 512, 512)",True,2
MR_BraTS-T2w_bratsgli_0666,2.7147998809814453,0.0,0.5188741683959961,0.5643131732940674,0.534214973449707,0.5571162700653076,0.5402812957763672,0.0149565542174636,0.0,0.0085490495749355,0.0,0.0,0.0058741132348289,0.0,0.0077076677316293,3.7305080952025664e-05,0.0085490495749355,0.0,0.0,0.0,0.0,0.0,0.0,MR,True,[1. 1. 1.],"(54, 218, 182)",False,4
MR_BraTS-T1c_bratsgli_0752,2.510127067565918,0.0,0.481428861618042,0.4820778369903564,0.5020732879638672,0.5137367248535156,0.5308103561401367,0.1686017913840553,0.0,0.052863436123348,0.0,0.0,0.0511294261294261,0.0427691192461036,0.0557773001739842,0.0180589408375803,0.052863436123348,0.0,0.0,0.0,0.0,0.0,0.0,MR,True,[1. 1. 1.],"(36, 218, 182)",False,2
CT_totalseg-vertebrae_s1387,67.8746235370636,10.627124309539797,11.188389539718628,11.535768985748293,11.360122919082642,11.74105453491211,11.422163248062134,2.4755570901411144,2.454768786143778,0.634970751697955,0.6232676668684849,0.5566845011516619,0.5980572930149994,0.6168953582272303,0.6133029520068465,0.6288447575505606,0.634970751697955,0.5715284732483388,0.6018171679276577,0.6119820919339302,0.61112692325366,0.6191173535581169,0.6232676668684849,CT,False,[1.5 1.5 1.5],"(412, 281, 281)",True,20
MR_WMH_FLAIR_Utrecht_32,60.94216752052307,9.98754858970642,10.087539196014404,10.030657529830933,10.0898597240448,10.111940145492554,10.63462233543396,1.2929828816600146,2.123641934350676,0.3523967549088208,0.5836282603556755,0.2474599944029849,0.2838470606576108,0.3148002014173354,0.3229271930826037,0.3371335793768595,0.3523967549088208,0.4049506633882947,0.4699276452857177,0.5106628310998956,0.5275331841236556,0.5586679663064285,0.5836282603556755,MR,False,[0.95833325 0.95833343 3.00000024],"(22, 240, 240)",True,22
CT_GTVpNCCT_segrap_0028,3.393796682357788,0.599628210067749,0.583770751953125,0.5249166488647461,0.5565812587738037,0.5536069869995117,0.5752928256988525,2.8174458398063744,3.3716210246349583,0.6982284460941455,0.8363828297477797,0.5910737386804658,0.6542089613452271,0.7035597438550376,0.742331477094422,0.6953359151372285,0.6982284460941455,0.6194136033417457,0.7495509389950589,0.8416837972723322,0.907484556096078,0.8294857868951289,0.8363828297477797,CT,True,[0.52832031 0.52832031 3.        ],"(24, 512, 512)",True,1
CT_TotalSeg_cardiac_s0528,38.00810194015503,6.371580362319946,6.305274248123169,6.564769744873047,6.1725592613220215,6.2242491245269775,6.369669198989868,3.4609867747803853,3.563346387263004,0.8743652519048687,0.8984605300133122,0.8251625461830686,0.886726182119596,0.8588864089001894,0.8566479363067914,0.8649067125611721,0.8743652519048687,0.836757762918882,0.8980150317334209,0.8851271152768578,0.8862255280647765,0.8937559630480028,0.8984605300133122,CT,False,[1.5 1.5 1.5],"(147, 183, 183)",True,13
CT_TotalSeg_cardiac_s1303,5.693919897079468,0.9910221099853516,0.9913723468780518,0.9115560054779052,0.9433393478393556,0.9157669544219972,0.9408631324768066,2.139084073933578,1.9878733835723323,0.643720113359479,0.6050518633768518,0.2411453795208689,0.3668996750896101,0.403021055271009,0.5943630860779952,0.6363900383600292,0.643720113359479,0.249413043263222,0.3352520686899558,0.3806284302310277,0.5491650538600653,0.5879279334478356,0.6050518633768518,CT,True,[1.5 1.5 1.5],"(56, 113, 113)",True,2
MR_BraTS-T1n_bratsgli_0104,2.632492780685425,0.0,0.5208132266998291,0.5194220542907715,0.5285763740539551,0.5334041118621826,0.5302770137786865,0.3515900358209529,0.0,0.1096614334330629,0.0,0.0,0.0627012898106514,0.0821744360267583,0.087151006838188,0.0960832313341493,0.1096614334330629,0.0,0.0,0.0,0.0,0.0,0.0,MR,True,[1. 1. 1.],"(81, 218, 182)",False,3
PET_autoPET_psma_799e088191559ae6_2017-12-30,32.42809462547302,5.615635871887207,5.710469007492065,5.4579620361328125,5.264252662658691,5.12959361076355,5.250181436538696,2.6473484935494427,3.1397975481404066,0.6708061340589473,0.7930746600301383,0.562198132932833,0.6197713373458091,0.6555103315227344,0.6723799407965506,0.6741694855277794,0.6708061340589473,0.686497026766121,0.7395610720086481,0.7813411007121527,0.7958617458746392,0.7962768355342215,0.7930746600301383,PE,False,[4.0728302 4.0728302 2.       ],"(95, 200, 200)",True,12
CT_TotalSeg_muscles_s1427,27.580758333206177,4.426677465438843,4.62476372718811,4.496279716491699,4.616626501083374,4.650307655334473,4.766103267669678,3.669395233942824,3.642458736388659,0.9218791755965802,0.920901245360414,0.8958437539932631,0.9116612769822876,0.9155260131969944,0.9173522819791152,0.9197467124772812,0.9218791755965802,0.8723130227770857,0.8977647958054408,0.9066998022253192,0.910037466210339,0.9163884473700736,0.920901245360414,CT,False,[1.5 1.5 1.5],"(172, 217, 217)",True,9
CT_TotalSeg_muscles_s0437,28.589312314987183,4.668480157852173,4.792689561843872,4.709535360336304,5.268824338912964,4.578433990478516,4.5713489055633545,3.463406254965574,3.4520037314197163,0.8925650301657194,0.8949489918786191,0.6414993981425339,0.79873427555166,0.8582858710237153,0.8739154809011306,0.8855552501820381,0.8925650301657194,0.6819962948065876,0.797057364629445,0.8515085789381409,0.870455437168012,0.8840365370595311,0.8949489918786191,CT,False,[1.5 1.5 1.5],"(197, 180, 294)",True,9
MR_BraTS-T2w_bratsgli_0788,2.4132227897644043,0.0,0.4593105316162109,0.4615206718444824,0.4845552444458008,0.4786961078643799,0.5291402339935303,0.0703572254105121,0.0,0.0163839947307755,0.0,0.0,0.0234100934319752,0.0177577125658389,0.016437384209074,0.0162650845542236,0.0163839947307755,0.0,0.0,0.0,0.0,0.0,0.0,MR,True,[1. 1. 1.],"(42, 218, 182)",False,2
US_Cardiac_patient0262_4CH_half_sequence,11.058945655822754,1.7605791091918943,1.9237914085388184,1.8062782287597656,1.8530335426330569,1.8304667472839355,1.8847966194152832,3.18357911175522,3.391817918166062,0.8094349350075158,0.8524978823404702,0.7742127290451499,0.7682085765265146,0.7717790324633181,0.8117531433696175,0.8112251801552698,0.8094349350075158,0.8233355483874453,0.8362353134831593,0.8378060292591304,0.8552568076267152,0.8543884833684023,0.8524978823404702,US,False,[0.308 0.308 1.   ],"(14, 422, 512)",True,3
Microscopy_SELMA3D_patchvolume_nuclei_004_2_0_0,221.3193006515503,36.15817618370056,35.98116111755371,35.91454124450684,37.61255764961243,38.114134788513184,37.53872966766357,2.825345846082677,3.6883599850696696,0.7176241886081582,0.92308374641798,0.6374040625132588,0.6711311750157188,0.6999823764393449,0.7118316223428487,0.7191541654885449,0.7176241886081582,0.8967792935935666,0.9038652204222792,0.9193502852135562,0.9235780732038048,0.9319571432321788,0.92308374641798,Mi,False,[1. 1. 1.],"(33, 100, 100)",True,80
MR_BraTS-T1n_bratsgli_0305,2.267016649246216,0.0,0.4441115856170654,0.4514510631561279,0.4545366764068603,0.4677534103393554,0.4491639137268066,0.0658225208203,0.0,0.0478279947345326,0.0,0.0,0.0379830000410627,0.0104621086360653,0.003194723553357,0.00926019124308,0.0478279947345326,0.0,0.0,0.0,0.0,0.0,0.0,MR,True,[1. 1. 1.],"(48, 218, 182)",False,2
MR_BraTS-T2f_bratsgli_0180,2.4471380710601807,0.0,0.4732351303100586,0.5165820121765137,0.4885408878326416,0.4888358116149902,0.4799442291259765,0.8260312105397378,0.5529595872056767,0.261946972383091,0.2584113723317563,0.0,0.1513465153119434,0.1634004121180235,0.208390882286677,0.2475931722875199,0.261946972383091,0.0,0.0,0.0,0.1905645971684361,0.2331893038713625,0.2584113723317563,MR,True,[1. 1. 1.],"(92, 218, 182)",False,3
MR_BraTS-T1c_bratsgli_0089,2.7068445682525635,0.0,0.5610628128051758,0.5246453285217285,0.5448741912841797,0.5354382991790771,0.5408239364624023,0.0,0.0,0.0,0.0,0.0,0.0,0.0,0.0,0.0,0.0,0.0,0.0,0.0,0.0,0.0,0.0,MR,True,[1. 1. 1.],"(81, 218, 182)",False,4
CT_TotalSeg_cardiac_s0945,60.04731774330139,10.014873743057253,9.74751591682434,9.703678369522097,9.785741329193115,10.27116870880127,10.52433967590332,2.70044655401858,2.972644811611461,0.7135622213967259,0.7865591657878878,0.5084110812738034,0.6088556744229346,0.6579198318351109,0.6810352069038416,0.7002825673697975,0.7135622213967259,0.5868199982734773,0.6707195610650794,0.7243122065109098,0.747814527990687,0.7718787136833809,0.7865591657878878,CT,False,[1.5 1.5 1.5],"(359, 285, 285)",True,18
CT_GTVpEnhance_segrap_0093,3.3816635608673096,0.5266351699829102,0.5613677501678467,0.6000781059265137,0.5720598697662354,0.5467500686645508,0.5747725963592529,2.9357213152150563,2.833104781675337,0.7509792663476874,0.7335464740663084,0.7152023568771378,0.7146203421162588,0.7031330251669234,0.7491305742701315,0.7506579115460282,0.7509792663476874,0.6662679544024948,0.6716552073304158,0.665090900705222,0.7320682539063835,0.733344786365369,0.7335464740663084,CT,True,[0.52148438 0.52148438 3.        ],"(31, 512, 512)",True,1
CT_LungMasks_LUNG1-282,11.032960891723633,1.7723169326782229,1.9831295013427732,1.8580186367034912,1.7744016647338867,1.8535480499267576,1.791546106338501,3.793637750102453,3.60963488228062,0.9485834488242856,0.9028332667524596,0.9194894650194758,0.9474645567728694,0.9482738583151776,0.9487177603781534,0.9486221286105448,0.9485834488242856,0.776536869165449,0.8991839160812491,0.902241007087139,0.9033277181388452,0.9030575656377812,0.9028332667524596,CT,False,[0.9765625 0.9765625 3.       ],"(76, 512, 512)",True,2
MR_BraTS-T1c_bratsgli_0267,2.3974180221557617,0.0,0.4530396461486816,0.4651761054992676,0.4736571311950683,0.5138487815856934,0.4916963577270508,0.2273102302914374,0.0,0.06088364561647,0.0,0.0,0.0458855919241358,0.0507271805669279,0.0641975308641975,0.059000900090009,0.06088364561647,0.0,0.0,0.0,0.0,0.0,0.0,MR,True,[1. 1. 1.],"(44, 218, 182)",False,2
CT_AbdomenAtlas_BDMAP_00007336,48.41963720321655,7.829335689544678,8.235225200653076,8.332871913909912,8.221243858337402,8.198818922042847,7.602141618728638,2.6800708796868484,2.7080797724295573,0.685340703075917,0.6982007405202217,0.6041484078933453,0.6503986851597571,0.6569069184300201,0.6794368367831559,0.6758574303558351,0.685340703075917,0.5872739234652924,0.652799708272918,0.6567006744482643,0.6900882715102443,0.685790602074479,0.6982007405202217,CT,False,[0.76625007 0.76625007 1.60000002],"(269, 329, 505)",True,11
CT_AbdTumor_PETCT_d4112bc7ba,78.6306529045105,12.333181858062744,13.26629090309143,12.745599031448364,12.823873043060305,13.93027925491333,13.531428813934326,2.150898021598786,2.4065345281339394,0.5519694743315657,0.6215753096757826,0.4996503224707708,0.512516656245204,0.5287245949896733,0.540799258295303,0.549131103025425,0.5519694743315657,0.5408952909670282,0.5639934466407079,0.5898303134657013,0.6061238342459192,0.6177960022640737,0.6215753096757826,CT,False,[0.703125 0.703125 1.      ],"(267, 512, 512)",True,18
MR_totalseg_mr_s0226,45.7884726524353,7.713841915130615,7.663032293319702,7.404308080673218,7.478612184524536,7.710841178894043,7.817836999893188,3.108478158224037,2.8787288082703317,0.7917028855741928,0.7372086347430351,0.7161481552624254,0.751497830039584,0.7671851392303579,0.7816054844343745,0.7880871767524162,0.7917028855741928,0.633006833057467,0.6834917953360427,0.7097539896081774,0.7265069750871509,0.7321176285354642,0.7372086347430351,MR,False,[1.25 1.25 3.  ],"(96, 230, 320)",True,16
MR_heart-ACDC_ACDC_patient123_frame11_lvrv,5.669299840927124,1.0057172775268557,0.962953805923462,0.9571664333343506,0.916584014892578,0.9297783374786376,0.8970999717712402,2.182177197337053,2.764964925806904,0.5530373181203012,0.6798035318424831,0.5013761864067785,0.5091006072326639,0.5341180841632148,0.5613683062618378,0.555621844235518,0.5530373181203012,0.6237189453345611,0.6706433591808094,0.6985626791702277,0.7086481438438589,0.6825306572811712,0.6798035318424831,MR,True,[ 1.48438001  1.48438001 10.        ],"(8, 256, 216)",True,2
CT_TotalSeg_cardiac_s0959,59.08402824401856,8.871141910552979,8.789541482925415,10.795408964157104,10.297986268997192,10.15297245979309,10.176977157592772,3.304459788729358,3.5693575190649307,0.8573301850229776,0.9273180447033766,0.6801923947099109,0.7890087867450287,0.7937278024465695,0.8377959961654844,0.8497665042333007,0.8573301850229776,0.7421891932339981,0.8463707407152733,0.8592309650001139,0.902396151877788,0.920886009477704,0.9273180447033766,CT,False,[1.5 1.5 1.5],"(385, 233, 233)",True,18
MR_Spider_154_t2_ivd,19.86894798278809,3.1344683170318604,3.269176483154297,3.345466375350952,3.4796230792999268,3.3270373344421387,3.313176393508911,3.1698791465297647,3.67482600816793,0.80714042996291,0.93732297130396,0.6833682290686055,0.763442670238037,0.7822016559141644,0.797275003953585,0.8051109365615415,0.80714042996291,0.7889916310280791,0.8859432911789783,0.9083402257036128,0.9207922105933382,0.9340604406295095,0.93732297130396,MR,False,[0.72916669 4.3999999  0.72916669],"(15, 384, 384)",True,7
CT_AbdTumor_pancreas_287,3.097822666168213,0.5137674808502197,0.5079951286315918,0.523341178894043,0.5124073028564453,0.5248677730560303,0.5154438018798828,3.376476471916014,3.674238891462161,0.848582252324647,0.9302173006383944,0.8282761653474054,0.8406307409675444,0.8435758454843881,0.8435521235521235,0.8447420062334065,0.848582252324647,0.8922932198694004,0.9146515129386332,0.920000529079392,0.9121538046686216,0.9196501509256332,0.9302173006383944,CT,True,[0.77929699 0.77929699 2.5       ],"(13, 512, 512)",True,1
MR_BraTS-T1n_bratsgli_1238,2.525906562805176,0.0,0.5090467929840088,0.5019543170928955,0.5064961910247803,0.4907610416412353,0.5176482200622559,0.8484576108984,0.5068007652180421,0.235131145679573,0.1800605473386278,0.0,0.1996722346936162,0.2104967974769971,0.2060181448358247,0.2145409783989834,0.235131145679573,0.0,0.0,0.1371481081801729,0.1313501349943008,0.1482722483742544,0.1800605473386278,MR,True,[1. 1. 1.],"(69, 218, 182)",False,2
PET_autoPET_fdg_465176d213_05-16-2002-NA-PET-CT Ganzkoerper  primaer mit KM-77090,14.69629955291748,2.5149853229522705,2.570166826248169,2.3625524044036865,2.4313926696777344,2.409327268600464,2.407875061035156,3.367588664643708,2.652382756621454,0.8405389828261798,0.6602996421005098,0.8617236952049752,0.8488078279867921,0.8409005632233585,0.841090140049279,0.8409245559645846,0.8405389828261798,0.7116327756228551,0.6765681814503515,0.6613620516234799,0.6611080136655085,0.6614787795570349,0.6602996421005098,PE,False,[2.03642011 2.03642011 3.        ],"(132, 400, 400)",True,4
MR_AMOSMR_amos_0553,37.77037954330444,6.350602865219116,6.038025856018066,5.9643309116363525,6.510424613952637,6.496801137924194,6.410194158554077,2.840990367311135,2.9383512559696787,0.7226248629714097,0.7449140996951601,0.6468409568166977,0.6948635241870396,0.6981276712248601,0.7158227461605686,0.7182957563464819,0.7226248629714097,0.6604873875873053,0.7120327688769282,0.7278747779044029,0.7409233616686717,0.7410796821105602,0.7449140996951601,MR,False,[1.40629995 1.5        1.40629995],"(235, 144, 260)",True,13
CT_TotalSeg_cardiac_s0210,39.29083561897278,6.4937896728515625,6.84984564781189,6.6276466846466064,6.638947010040283,6.420572280883789,6.260034322738648,3.136871808827631,3.11499379553078,0.823371485078882,0.8247810736785702,0.5591305938589275,0.6711272588933392,0.7621992561252675,0.8091092471679264,0.8183139335483268,0.823371485078882,0.5631744369545152,0.675847708426309,0.7550322052181738,0.7959083576715715,0.8137388415885944,0.8247810736785702,CT,False,[1.5 1.5 1.5],"(299, 333, 333)",True,10
CT_AbdomenAtlas_BDMAP_00003988,32.42725658416748,5.2942728996276855,5.517314672470093,5.576156854629517,5.14432954788208,5.131210088729858,5.763972520828247,3.337727664075179,3.334309212226273,0.852523987638662,0.8602881439859016,0.7769473017422617,0.8071203701330767,0.8249302090466545,0.838571886364413,0.8444033897782419,0.852523987638662,0.7671839672621623,0.7947373241403733,0.8222672340083008,0.8375487052365624,0.8469805389182725,0.8602881439859016,CT,False,[0.55598956 0.55598956 5.        ],"(67, 380, 611)",True,9
CT_TotalSeg_cardiac_s0394,44.231613636016846,7.101149320602417,7.456629753112793,7.337323427200317,7.465057849884033,7.171462059020996,7.699991226196289,3.085581473866864,3.0323768644286515,0.7856267076513811,0.7774830419695872,0.6921850915029759,0.7489102834415314,0.7671262893980979,0.7716289500451464,0.7795577388771632,0.7856267076513811,0.6765756871879237,0.7323671489803719,0.7527910865730051,0.7578560294718869,0.7668046529087797,0.7774830419695872,CT,False,[1.5 1.5 1.5],"(275, 225, 225)",True,14
MR_heart-ACDC_ACDC_patient083_frame01_lvrv,5.705923318862915,0.9320483207702636,0.9083747863769532,0.9782662391662598,0.9975590705871582,0.9944109916687012,0.8952639102935791,3.628151877398449,3.841009319799095,0.904730050209328,0.9583923351922484,0.8811031726599009,0.9057008259766336,0.9130098949834312,0.905092158979602,0.904834385342435,0.904730050209328,0.9357651351569384,0.9613477105187715,0.96292085286537,0.9587530246768494,0.9594654194013656,0.9583923351922484,MR,True,[ 1.5625  1.5625 10.    ],"(6, 256, 208)",True,2
CT_LungMasks_LUNG1-296,12.339801788330078,1.984755516052246,2.1386711597442627,2.026184320449829,2.066354990005493,2.15842604637146,1.965409755706787,3.823895018623684,3.4632923634576525,0.9574795755452876,0.8711666486588143,0.950024105656878,0.9552446985838148,0.9545727067536394,0.9566571797270182,0.9563029950784756,0.9574795755452876,0.8468053712474424,0.8613748884279849,0.8611030367297718,0.869110664311756,0.8668078938727252,0.8711666486588143,CT,False,[0.9765625 0.9765625 3.       ],"(86, 512, 512)",True,2
CT_AbdomenAtlas_BDMAP_00006987,42.590060234069824,7.100795269012451,6.8409528732299805,6.676408529281616,7.548677444458008,7.384655714035034,7.038570404052734,3.496509185361484,3.631003153660316,0.8763561636775877,0.911547823531482,0.8375947573333135,0.861484475216244,0.874050213449559,0.8777296443352164,0.8758090081297931,0.8763561636775877,0.8575198505302041,0.8875819740397356,0.9064029417778208,0.9141863747121718,0.9108489383847148,0.911547823531482,CT,False,[0.95117199 0.95117199 2.49999452],"(157, 362, 432)",True,12
CT_TotalSeg_organs_s0636,67.19795966148376,10.72454071044922,11.025518655776978,10.970262050628662,10.64641571044922,12.095153570175173,11.736068964004517,2.2804440438168765,2.0147036619097314,0.5811968809623985,0.5126355324675286,0.4845679362124953,0.5479571185426872,0.5646920282414631,0.5703565005056379,0.5808185153172326,0.5811968809623985,0.4033419090951744,0.4781120841599756,0.49854285988568,0.5072962371198522,0.513490756590447,0.5126355324675286,CT,False,[1.5 1.5 1.5],"(391, 277, 277)",True,20
MR_ISLES2022_ADC_sub-strokecase0113,21.151505708694454,3.445111989974976,3.2482869625091557,3.244594097137451,3.687726020812988,3.75840163230896,3.767385005950928,2.028590618355879,2.8125309594079617,0.4988224752683439,0.7160091621956814,0.3818885021510337,0.4428619740973563,0.5120287181517869,0.5237524300748254,0.521967245446416,0.4988224752683439,0.5255541451604208,0.6065766164413914,0.6996073404104531,0.7217006738124209,0.7299300558665512,0.7160091621956814,MR,False,[2. 2. 2.],"(37, 112, 112)",True,7
Microscopy_SELMA3D_patchvolume_nuclei_004_2_1_0,226.27092456817627,37.39107012748718,35.665364027023315,37.74073457717896,38.00788640975952,39.46929168701172,37.996577739715576,2.8584232863861616,3.8477662255779954,0.7242140852757781,0.9616228868601756,0.6574886338423355,0.690582084383945,0.7084604841363519,0.7201925034403904,0.7223722139795576,0.7242140852757781,0.956450688609778,0.9599335724998392,0.9600462921537216,0.9622537762051374,0.9646879275391282,0.9616228868601756,Mi,False,[1. 1. 1.],"(33, 100, 100)",True,83
CT_TotalSeg_organs_s0750,52.39636540412903,8.861713171005249,8.206567764282227,8.702513217926025,8.899362564086914,8.863471031188965,8.862737655639648,3.261984674594014,3.1172496394302467,0.8311146668339185,0.8020391492491409,0.7401902257146605,0.7868787677936049,0.8077500186445157,0.8195244644522611,0.8257134741834756,0.8311146668339185,0.6692666225925219,0.7333362958164312,0.7684977756801274,0.7868176043036641,0.7942465369136688,0.8020391492491409,CT,False,[1.5 1.5 1.5],"(195, 178, 178)",True,18
US_Cardiac_patient0254_2CH_half_sequence,10.6530282497406,1.837829828262329,1.736182451248169,1.7608678340911863,1.7757534980773926,1.7988388538360596,1.743555784225464,3.140084716703314,3.29678920800742,0.8089011685895352,0.8439404699556857,0.7531992416342345,0.7707885035739052,0.7689277739238475,0.7841558369100189,0.7971562697877271,0.8089011685895352,0.7983456295651438,0.8128561161211882,0.8093047569336527,0.8245660343764801,0.8345201236588498,0.8439404699556857,US,False,[0.308 0.308 1.   ],"(14, 390, 472)",True,3
CT_AbdTumor_hepaticvessel_404,6.757905006408691,1.0588855743408203,1.1402363777160645,1.1139118671417236,1.0415496826171875,1.204582929611206,1.1987385749816897,3.352019770747808,3.7991422312238727,0.8459440618121494,0.9617954024869072,0.7845245855409722,0.8180580255954248,0.827835916333902,0.8459846623767777,0.8461981483333406,0.8459440618121494,0.8882022872258861,0.9300819019296902,0.9470836028473096,0.9505342214232588,0.9555857547450056,0.9617954024869072,CT,True,[0.73828101 0.73828101 1.5       ],"(20, 512, 512)",True,2
MR_heart-ACDC_ACDC_patient019_frame11_myo,2.5909523963928223,0.0,0.5043649673461914,0.5174400806427002,0.514143705368042,0.510455846786499,0.5445477962493896,2.2784740441067552,2.32391007440593,0.6123131392604249,0.6133924710075797,0.0,0.4352040665543635,0.5501794332384606,0.6106620652075198,0.5938739427533808,0.6123131392604249,0.0,0.5856164632191335,0.5472393093665743,0.5941941379804958,0.5829721599455036,0.6133924710075797,MR,True,[ 1.44531  1.44531 10.     ],"(10, 256, 216)",False,1
MR_WMH_FLAIR_Amsterdam_Philips_VU_PETMR_01_169,148.3540396690369,24.4072687625885,23.43340468406677,24.077224254608154,24.98465657234192,25.292754650115967,26.15873074531555,1.3020678332093998,1.942508358346807,0.3386747553352225,0.5068384065847638,0.2846886427128268,0.3071870924354524,0.3183644504597776,0.3266825555437578,0.3340899033205268,0.3386747553352225,0.4480114942826208,0.4693383546039907,0.4746362818558562,0.4835305853937535,0.4962531105028201,0.5068384065847638,MR,False,[0.56001282 1.04166651 3.        ],"(33, 240, 321)",True,54
MR_BraTS-T1n_bratsgli_1300,2.7158243656158447,0.0,0.5219120979309082,0.5114140510559082,0.5550179481506348,0.5653517246246338,0.5621285438537598,0.7215606590537631,0.1128756216952004,0.204596875561142,0.2257512433904008,0.0,0.1447118167534937,0.1703980099502487,0.1802089997867349,0.1962993031594614,0.204596875561142,0.0,0.0,0.0,0.0,0.0,0.2257512433904008,MR,True,[1. 1. 1.],"(54, 218, 182)",False,2
US_Cardiac_patient0238_4CH_half_sequence,12.1132652759552,2.0567467212677,2.080359697341919,1.933509349822998,1.9761786460876465,2.0319836139678955,2.034487247467041,3.4002114331934656,3.4528508911763844,0.8393245113355571,0.863305185152419,0.8087497463357646,0.8544606351131465,0.8564641442321523,0.8597469111298622,0.8371078046070993,0.8393245113355571,0.8046466672958497,0.8628206535454986,0.8609538835215075,0.867413927795691,0.8614201605102272,0.863305185152419,US,False,[0.308 0.308 1.   ],"(14, 552, 669)",True,3
MR_BraTS-T2w_bratsgli_0848,2.577991008758545,0.0,0.5412838459014893,0.5045425891876221,0.5253174304962158,0.483422040939331,0.5234251022338867,0.0014619199449781,0.0,0.0008452609038656,0.0,0.0,0.0003380662609871,5.414185165132648e-05,0.0003852451122026,0.0004308693986978,0.0008452609038656,0.0,0.0,0.0,0.0,0.0,0.0,MR,True,[1. 1. 1.],"(48, 218, 182)",False,4
CT_AbdTumor_case_00209,2.8189001083374023,0.4631543159484863,0.4627387523651123,0.4531552791595459,0.4875295162200928,0.468599796295166,0.483722448348999,2.856075121667195,3.252518563107734,0.8126333760136577,0.8946414052073167,0.5226480836236934,0.5900846432889963,0.6548138208654813,0.7324792765636775,0.7674230145867099,0.8126333760136577,0.6424302343085956,0.7175656890148444,0.7741645054014613,0.828599640038307,0.843650870556885,0.8946414052073167,CT,True,[0.78125 0.78125 5.     ],"(3, 512, 512)",True,1
CT_LungMasks_LUNG1-134,11.647401809692385,1.8027162551879885,1.8799185752868648,1.8537464141845703,2.010310649871826,2.0755105018615723,2.0251994132995605,3.837384773350137,3.548696183133238,0.9594027280799946,0.8876688917799045,0.9452119856848062,0.9573217025242848,0.95994214392168,0.9596279671175516,0.959452447008766,0.9594027280799946,0.7854177756505051,0.8787465797989988,0.8898691955842586,0.8880341433490078,0.88758510841052,0.8876688917799045,CT,False,[0.9765625 0.9765625 3.       ],"(85, 512, 512)",True,2
MR_BraTS-T2w_bratsgli_0925,2.657438039779663,0.0,0.4969866275787353,0.5171799659729004,0.5173454284667969,0.5541133880615234,0.571812629699707,0.0680064961014135,0.0,0.0335014409221902,0.0,0.0,0.0139620050354772,0.0155758983467686,0.0156078971905785,0.0130909775852326,0.0335014409221902,0.0,0.0,0.0,0.0,0.0,0.0,MR,True,[1. 1. 1.],"(54, 218, 182)",False,2
MR_heart-ACDC_ACDC_patient091_frame01_lvrv,5.853961229324341,0.988823175430298,0.9112679958343506,0.9022564888000488,1.0238690376281738,1.003138303756714,1.024606227874756,3.677041822977884,3.735318347596139,0.9234392653258596,0.9366912368665652,0.8882233752766233,0.9127515345716092,0.9160061725308614,0.9202513876002256,0.9226888628980626,0.9234392653258596,0.885947113409367,0.9299825323506496,0.9310030706377276,0.9358473611872444,0.9351310311625596,0.9366912368665652,MR,True,[ 1.5625  1.5625 10.    ],"(7, 224, 180)",True,2
CT_TotalSeg_muscles_s0079,26.17981505393982,4.284929275512695,4.248754978179932,4.337706089019775,4.499851703643799,4.355848073959351,4.452724933624268,3.052008238963749,2.795859410385818,0.7931999586549403,0.7395454676407955,0.6013043712482722,0.7109811692246786,0.7438714367135434,0.7681568613719594,0.7878893769384369,0.7931999586549403,0.5272210204909665,0.6360447780343218,0.676972484723447,0.7024552458885628,0.7286365569362494,0.7395454676407955,CT,False,[1.5 1.5 1.5],"(168, 196, 220)",True,9
MR_Spider_137_t2_vet,16.846757411956787,2.7513649463653564,2.787791013717652,2.7775845527648926,3.001940965652466,2.7458887100219727,2.782187223434448,2.944650130625502,2.4160846240171323,0.7421935244895191,0.6080900184570651,0.6878493925333035,0.7249266873167373,0.7331916776733879,0.7377193057236209,0.7401790413253658,0.7421935244895191,0.5968305669058512,0.6125504396594667,0.6104305363594249,0.5928855233986271,0.6024483352008144,0.6080900184570651,MR,False,[0.83530934 3.21178836 0.81112519],"(25, 341, 352)",True,6
CT_AbdTumor_liver_10,21.552047967910767,3.499643325805664,3.558159112930298,3.5014965534210205,3.710339307785034,3.7094838619232178,3.572925806045532,2.946606998053647,3.666783415507628,0.7509813712540288,0.9328145222253582,0.6431243377941837,0.6947958860924573,0.7252743035889894,0.7481937014338053,0.7502503643576088,0.7509813712540288,0.8062480539722189,0.8766093598154097,0.9123647482645162,0.9226005483792342,0.9271061778434934,0.9328145222253582,CT,False,[0.76953125 0.76953125 1.        ],"(61, 512, 512)",True,6
MR_BraTS-T2w_bratsgli_0491,2.7032220363616943,0.0,0.5067284107208252,0.5420763492584229,0.5437672138214111,0.5421309471130371,0.568519115447998,1.0276034454253546,0.847576759015682,0.4066878829620481,0.3749186282326084,0.0,0.195614815413853,0.2286154425080552,0.2435261359321605,0.2543105177971883,0.4066878829620481,0.0,0.0,0.2050446334097372,0.2227449873466045,0.2323278241430359,0.3749186282326084,MR,True,[1. 1. 1.],"(94, 218, 182)",False,2
MR_BraTS-T1n_bratsgli_1054,2.724728584289551,0.0,0.5363397598266602,0.5553522109985352,0.5426409244537354,0.5454392433166504,0.5449564456939697,0.1377790414613839,0.0,0.0388960492796243,0.0,0.0,0.0290222638518625,0.031505845624542,0.0365698498673161,0.0357441894037823,0.0388960492796243,0.0,0.0,0.0,0.0,0.0,0.0,MR,True,[1. 1. 1.],"(88, 218, 182)",False,3
Microscopy_SELMA3D_patchvolume_vessel_006_0_1_1,79.65113806724548,12.477336883544922,12.61561131477356,13.214781761169434,13.168048620224,14.36332392692566,13.81203556060791,1.901983088087368,2.958347406928965,0.4856988288072819,0.7578672401492841,0.4404133116282822,0.4649017597783602,0.4712671990810095,0.4723254172610098,0.4830901774525274,0.4856988288072819,0.7016633824901829,0.7178292390821036,0.7317482436322309,0.7334993355736306,0.7552515881074096,0.7578672401492841,Mi,False,[1. 1. 1.],"(13, 250, 250)",True,29
CT_TotalSeg_muscles_s0721,47.598480463027954,7.781451225280762,7.83264684677124,8.55378270149231,7.755165100097656,7.760802507400513,7.914632081985474,3.460032563618004,3.2027647878008887,0.8806781256032953,0.8195521400846396,0.7863295533427788,0.8345138187408497,0.8619715774578884,0.8719184909281736,0.868546523059869,0.8806781256032953,0.7051161134102427,0.7678339725670255,0.793856304519716,0.8081307027374169,0.8070847242179231,0.8195521400846396,CT,False,[1.5 1.5 1.5],"(265, 227, 227)",True,15
CT_TotalSeg_muscles_s0974,30.790457248687744,4.608299016952515,4.710522174835205,4.695110559463501,5.486342191696167,5.646008729934692,5.644174575805664,2.990383165279655,2.9413086794304637,0.7875712446909207,0.7797142647833937,0.5377491736925859,0.6958297815703374,0.7312398117909373,0.7499820716721332,0.7674607686859554,0.7875712446909207,0.5243766269205763,0.6892229165487884,0.713823706037213,0.7372459886119898,0.7557703941151696,0.7797142647833937,CT,False,[1.5 1.5 1.5],"(224, 187, 187)",True,10
CT_AbdTumor_Adrenal_Ki67_Seg_030,6.235064506530762,1.083188533782959,1.0648601055145264,1.0533342361450195,1.0003600120544434,1.0028634071350098,1.0304582118988037,3.587344914147846,3.0888494358754763,0.9023096676035814,0.8020695975208827,0.8717171414990543,0.8917751595179928,0.8974605724096869,0.8950378003984887,0.8978041277788834,0.9023096676035814,0.6717757820844866,0.7501370806644166,0.7734834693270453,0.7658897221198238,0.7733729053359577,0.8020695975208827,CT,True,[0.859375 0.859375 1.25    ],"(63, 512, 512)",True,1
PET_autoPET_psma_367adbcbbe2108d5_2019-09-27,41.10715818405152,6.643703460693359,6.698099136352539,6.977742433547974,6.751728296279907,6.923466444015503,7.112418413162232,2.831158852841481,2.909720901929441,0.7367932155567479,0.766473219113804,0.5688680709987128,0.6538684261517418,0.6946256735843589,0.71524513560669,0.7259572227961869,0.7367932155567479,0.5151269693813144,0.6492460748445066,0.7072682224375028,0.7389295163660378,0.7556635161467448,0.766473219113804,PE,False,[2.734375   2.734375   3.26999998],"(114, 256, 256)",True,14
CT_TotalSeg_cardiac_s0543,63.41128897666931,10.226890802383425,10.47666835784912,9.996132135391235,10.748063564300535,10.76414966583252,11.199384450912476,3.336594346523297,3.465267716865459,0.8517099459020313,0.888921224750853,0.6732835641777097,0.7914977985940976,0.8241947823665388,0.8417404334105112,0.8490552584981824,0.8517099459020313,0.7145256363149719,0.8136702907911507,0.8517885995480968,0.8756899952397166,0.8864933643066434,0.888921224750853,CT,False,[1.5 1.5 1.5],"(379, 301, 301)",True,18
CT_TotalSeg_organs_s0579,48.78617596626282,8.043354749679565,8.349607944488525,7.975733518600464,8.077611446380615,8.225130796432495,8.114737510681152,3.486357601796926,3.3268118915056544,0.8909748533503524,0.8659696091428516,0.7699312548199984,0.8417617163464746,0.8596113120549717,0.8730099192606007,0.88736808563294,0.8909748533503524,0.704786130748848,0.7817065236070877,0.8116030670985801,0.8336848898779181,0.8576858681541863,0.8659696091428516,CT,False,[1.5 1.5 1.5],"(213, 128, 128)",True,17
US_Cardiac_patient0225_2CH_half_sequence,9.766066789627075,1.5818586349487305,1.7025816440582275,1.628014326095581,1.646880865097046,1.609647274017334,1.5970840454101562,3.205641835266823,3.3983682636889663,0.8347935974526784,0.8672474801740417,0.7081488596298913,0.7397103388837701,0.7638871538352608,0.8242630115232359,0.8302397017401019,0.8347935974526784,0.7814673862893873,0.8194003993009532,0.8348608498769162,0.85623977272288,0.8639437013516723,0.8672474801740417,US,True,[0.308 0.308 1.   ],"(13, 454, 582)",True,3
CT_AbdomenAtlas_BDMAP_00008515,39.77528691291809,6.1511147022247314,6.667422294616699,6.6288816928863525,6.680939435958862,6.807841539382935,6.839087247848511,3.377291105107301,3.5335327797528224,0.871982253759295,0.91428308508425,0.753950316629183,0.8009084759202065,0.8290547344012666,0.851031352156797,0.8607596537094865,0.871982253759295,0.747106421971388,0.8282121779749348,0.8705910772138045,0.8918935867688227,0.8998004842406029,0.91428308508425,CT,False,[0.76171875 0.76171875 3.        ],"(131, 382, 512)",True,11
CT_AbdTumor_colon_181,3.1483068466186523,0.5129013061523438,0.5022006034851074,0.489567756652832,0.5476505756378174,0.5124456882476807,0.5835409164428711,2.719768821132906,3.2357172963244087,0.7122972800408632,0.8492824623282805,0.5227068748878119,0.6177909164203171,0.6412493747568498,0.7008703061286592,0.7126050420168067,0.7122972800408632,0.6282779731978367,0.7345073898926713,0.7661931620714821,0.8336445662350562,0.8439846419073942,0.8492824623282805,CT,True,[0.78320301 0.78320301 5.        ],"(8, 512, 512)",True,1
MR_BraTS-T2w_bratsgli_0720,2.6085965633392334,0.0,0.5812087059020996,0.5040185451507568,0.4974236488342285,0.5127477645874023,0.5131978988647461,0.3563125151034015,0.0,0.1184713224650577,0.0,0.0,0.0666736960494868,0.0601131718017748,0.0961123616582254,0.1075144723861288,0.1184713224650577,0.0,0.0,0.0,0.0,0.0,0.0,MR,True,[1. 1. 1.],"(62, 218, 182)",False,3
MR_BraTS-T2w_bratsgli_0872,2.754699945449829,0.0,0.5545618534088135,0.5677957534790039,0.5598366260528564,0.5286197662353516,0.5438859462738037,0.3888333075836216,0.0,0.0920335905583295,0.0,0.0,0.0653673096874774,0.0925880884045985,0.1043351889551468,0.1132095801009727,0.0920335905583295,0.0,0.0,0.0,0.0,0.0,0.0,MR,True,[1. 1. 1.],"(55, 218, 182)",False,3
MR_BraTS-T2f_bratsgli_0723,2.636075735092163,0.0,0.5322320461273193,0.5290944576263428,0.5002188682556152,0.5162267684936523,0.5583035945892334,0.0130986515090699,0.0,0.0034318113995822,0.0,0.0,0.0023404970646804,0.0026323604848943,0.003419920073778,0.0041602167182662,0.0034318113995822,0.0,0.0,0.0,0.0,0.0,0.0,MR,True,[1. 1. 1.],"(83, 218, 182)",False,4
Microscopy_SELMA3D_patchvolume_ADplaques_007,43.48752784729004,7.084471940994263,7.263518095016479,7.164873838424683,7.070840358734131,7.463068962097168,7.440754652023315,2.9363186640177266,3.983398460499631,0.7458229981884834,0.9964404537131932,0.6085327158159755,0.690999995374733,0.7295636754005358,0.7427502664104805,0.745593225425102,0.7458229981884834,0.961219528855754,0.9917237560327496,0.9964450494514208,0.996426411630052,0.9964448945451864,0.9964404537131932,Mi,False,[1. 1. 1.],"(72, 300, 300)",True,15
US_Cardiac_patient0027_4CH_half_sequence,11.849570035934448,2.1526782512664795,1.926159143447876,1.893295764923096,1.8855538368225095,2.013702869415283,1.978180170059204,3.422693513925176,3.4058102381589106,0.8641918766773298,0.8638971962550849,0.7936837320967229,0.8474034595528472,0.850804045293372,0.8587662134382162,0.857325587078499,0.8641918766773298,0.7755500041777993,0.8392398747153978,0.843259808331136,0.8548605413092322,0.8561213530333011,0.8638971962550849,US,False,[0.308 0.308 1.   ],"(20, 551, 669)",True,3
MR_BraTS-T1c_bratsgli_0710,2.3476245403289795,0.0,0.4658129215240478,0.4634838104248047,0.4696536064147949,0.4704058170318603,0.4782683849334717,0.4190541373583134,0.0,0.1585812378299311,0.0,0.0,0.0514745406011133,0.0489057854462153,0.1203939807498922,0.1447264819466836,0.1585812378299311,0.0,0.0,0.0,0.0,0.0,0.0,MR,True,[1. 1. 1.],"(63, 218, 182)",False,2
MR_BraTS-T1n_bratsgli_0939,2.473172426223755,0.0,0.4848690032958984,0.4888653755187988,0.4875309467315674,0.5065586566925049,0.5053484439849854,0.006615631349706,0.0,0.0021047883935954,0.0,0.0,0.001395075627784,0.0014622133292288,0.0015401756455629,0.0018633103642244,0.0021047883935954,0.0,0.0,0.0,0.0,0.0,0.0,MR,True,[1. 1. 1.],"(76, 218, 182)",False,4
US_Cardiac_patient0220_2CH_half_sequence,12.956304550170898,2.147364616394043,2.0894670486450195,2.194289207458496,2.167177200317383,2.12811541557312,2.229891061782837,3.2527324892773395,3.270485141475211,0.8345185989462666,0.8435401049834788,0.8017542755987801,0.8071157147005029,0.8100121777356651,0.810279203398049,0.8116239513202409,0.8345185989462666,0.7935003959325394,0.8078443770438758,0.8139950907724275,0.8139201641590438,0.8168776455300626,0.8435401049834788,US,False,[0.308 0.308 1.   ],"(18, 584, 708)",True,3
MR_BraTS-T1c_bratsgli_0739,2.454794883728028,0.0,0.472217321395874,0.4701001644134521,0.4914283752441406,0.4938540458679199,0.5271949768066406,0.1772225037558156,0.0,0.0561870737252354,0.0,0.0,0.0332853544440446,0.0423568386180785,0.0461985216473072,0.0439309294057897,0.0561870737252354,0.0,0.0,0.0,0.0,0.0,0.0,MR,True,[1. 1. 1.],"(22, 218, 182)",False,2
MR_BraTS-T2f_bratsgli_0843,2.6133921146392822,0.0,0.5502803325653076,0.5431356430053711,0.5038566589355469,0.5033373832702637,0.512782096862793,1.1568851318489888,1.0093926168594318,0.3422775420752437,0.3243782175109558,0.0,0.1872634205092911,0.2415603708826392,0.3188316927545586,0.3317225869195234,0.3422775420752437,0.0,0.0,0.2515919889899813,0.2893299143413598,0.3062816047726126,0.3243782175109558,MR,True,[1. 1. 1.],"(49, 218, 182)",False,2
CT_LNQ_LymphNode-0115,16.28744101524353,2.858953952789306,2.862975835800171,2.573819637298584,2.6135995388031006,2.596130132675171,2.7819619178771973,3.1530619118226006,3.822508803330816,0.8037285436734184,0.968883198287794,0.7359612322829088,0.7579737409016116,0.778880073520406,0.7906628188508347,0.8026678771638451,0.8037285436734184,0.8981253952056095,0.919013354612296,0.9494912089949744,0.9599236106940262,0.9691457071917708,0.968883198287794,CT,False,[0.734375   0.734375   3.00003052],"(45, 512, 512)",True,5
MR_BraTS-T2w_bratsgli_0756,2.89133358001709,0.0,0.563011884689331,0.5939440727233887,0.6442780494689941,0.5445413589477539,0.5455582141876221,0.5311070348769521,0.0,0.1675433356160724,0.0,0.0,0.0850427049878488,0.1131264710327999,0.1351368236911158,0.1565507198510756,0.1675433356160724,0.0,0.0,0.0,0.0,0.0,0.0,MR,True,[1. 1. 1.],"(81, 218, 182)",False,3
CT_AbdTumor_pancreas_236,2.944401979446411,0.5414059162139893,0.5043911933898926,0.4735116958618164,0.4726266860961914,0.4561378955841064,0.496328592300415,3.5359934061671887,3.805916118569132,0.892658105161134,0.9511422641395084,0.8477072938940365,0.8655082123303975,0.8810703666997026,0.8843973379344343,0.8914425427872861,0.892658105161134,0.944995504630414,0.9592240126326034,0.9458930889271993,0.954561910126242,0.9502779811296346,0.9511422641395084,CT,True,[0.859375 0.859375 2.5     ],"(8, 512, 512)",True,1
MR_BraTS-T2w_bratsgli_0006,2.634244203567505,0.0,0.5426561832427979,0.5273854732513428,0.4957394599914551,0.5268282890319824,0.5416347980499268,0.3555912849128371,0.0,0.1475254108482948,0.0,0.0,0.0582832140379763,0.0703933747412008,0.0886526208810538,0.0936409768474468,0.1475254108482948,0.0,0.0,0.0,0.0,0.0,0.0,MR,True,[1. 1. 1.],"(51, 218, 182)",False,3
MR_BraTS-T2w_bratsgli_0423,2.623901605606079,0.0,0.493459939956665,0.5351788997650146,0.5377445220947266,0.5121908187866211,0.5453274250030518,0.135163992378114,0.0,0.0396715244043488,0.0,0.0,0.027161952889396,0.0315746564174237,0.0354218292053988,0.034750768108419,0.0396715244043488,0.0,0.0,0.0,0.0,0.0,0.0,MR,True,[1. 1. 1.],"(63, 218, 182)",False,2
Microscopy_SELMA3D_patchvolume_nuclei_004_1_1_1,311.1040415763855,52.1649124622345,50.86757922172546,51.7414116859436,51.7486138343811,50.60123324394226,53.98029112815857,2.882946317814376,3.669812813202548,0.7368149760679354,0.9284211871371796,0.6648713635883281,0.6999709606854728,0.7147119690064367,0.7229542482837389,0.7268871321474962,0.7368149760679354,0.8867042943496343,0.9100574500506348,0.9145523152290264,0.918057678575005,0.9179635008046096,0.9284211871371796,Mi,False,[1. 1. 1.],"(34, 100, 100)",True,111
CT_TotalSeg_cardiac_s1390,31.421587705612183,5.642877101898193,5.179574489593506,4.854263782501221,5.077982187271118,5.36141300201416,5.305477142333984,3.284474352043824,3.3659144970399906,0.8681102188998779,0.8919562492589641,0.5910067958665628,0.7314818545817863,0.8151010395692935,0.8279900840996899,0.8415871916340086,0.8681102188998779,0.6199040932158995,0.7406835483860917,0.8294637807695014,0.8563651802567152,0.8637656371912458,0.8919562492589641,CT,False,[1.5 1.5 1.5],"(286, 285, 285)",True,9
CT_TotalSeg_muscles_s1371,92.02260279655457,14.17473578453064,15.218639135360718,16.441017389297485,14.768435716629028,14.956875324249268,16.462899446487427,3.494885330499091,3.1451213637384487,0.8792619598849332,0.7934484916547567,0.7744047185235694,0.8534170962849903,0.8750080760528466,0.8762251168136839,0.8773126095475987,0.8792619598849332,0.6858172570556118,0.7606880768382761,0.7888197590273031,0.7891742588007324,0.7900590616638968,0.7934484916547567,CT,False,[1.5 1.5 1.5],"(525, 333, 333)",True,22
Microscopy_SELMA3D_patchvolume_cfos_009_3_0_0,2.685312271118164,0.4301786422729492,0.4461610317230224,0.4502949714660644,0.457855224609375,0.4559104442596435,0.4449119567871094,3.37593984962406,3.978004593898124,0.8421052631578947,0.9937155982566068,0.8571428571428571,0.8571428571428571,0.8421052631578947,0.8421052631578947,0.8421052631578947,0.8421052631578947,1.0,1.0,0.9937155982566068,0.9937155982566068,0.9937155982566068,0.9937155982566068,Mi,True,[1. 1. 1.],"(24, 50, 50)",True,1
MR_BraTS-T1c_bratsgli_1264,2.5497424602508545,0.0,0.5014157295227051,0.498603343963623,0.5251235961914062,0.5096313953399658,0.5149683952331543,0.0057051038783743,0.0,0.0031467495927735,0.0,0.0,0.0037422908807855,0.0,0.0022605836415947,0.0,0.0031467495927735,0.0,0.0,0.0,0.0,0.0,0.0,MR,True,[1. 1. 1.],"(61, 218, 182)",False,4
CT_TotalSeg_cardiac_s1036,28.404027938842773,4.727026462554932,4.706218957901001,4.6662256717681885,4.721654891967773,4.702911615371704,4.879990339279175,3.3273034356312743,3.6381691270000336,0.8511151695111234,0.9312835959939444,0.7563442956060568,0.7983590537535108,0.821396801495124,0.8335500737548222,0.847619448749011,0.8511151695111234,0.8263345831461292,0.8764690690396153,0.9013076575510264,0.9081251801462856,0.9248599567859416,0.9312835959939444,CT,False,[1.5 1.5 1.5],"(88, 163, 163)",True,10
CT_LungMasks_LUNG1-103,11.036674976348875,1.9313302040100095,2.076716661453247,1.6362361907958984,1.644164800643921,2.1109514236450195,1.6372756958007812,3.8335328851145705,3.627808479223068,0.9590238412075268,0.9075421091898386,0.9522762894707706,0.9618455098842617,0.9549551733468696,0.9591832823355076,0.9589597538862992,0.9590238412075268,0.8583247081907841,0.917914976721828,0.9002708388676517,0.9074846730509252,0.9073244243486582,0.9075421091898386,CT,False,[0.9765625 0.9765625 3.       ],"(87, 512, 512)",True,2
CT_totalseg-vertebrae_s0328,36.06326603889465,5.808907270431519,5.685353994369507,5.9979636669158936,6.033643960952759,5.848870754241943,6.688526391983032,3.771538925145907,3.8157018869840975,0.951354829137838,0.963376462648314,0.8691054885994043,0.916526596725058,0.9389028500588966,0.9483236239812264,0.950371738174336,0.951354829137838,0.8898008496021866,0.9255375384904084,0.9483363653773236,0.9606259199438204,0.9622826010935934,0.963376462648314,CT,False,[1.5 1.5 1.5],"(261, 265, 265)",True,11
Microscopy_SELMA3D_patchvolume_cfos_009_0_0_0,93.17317152023315,15.715057373046877,15.90197730064392,15.448495626449583,15.374643802642822,15.329660415649414,15.403337001800535,3.255767642639484,3.9863684885826016,0.8145983999229587,0.9981671939528528,0.7603330376878787,0.8029500257914501,0.8112854298901525,0.8173537911242481,0.818354208767879,0.8145983999229587,0.979258134874622,0.9918372246702856,0.9927624901018258,0.99906268341811,0.9995411057510966,0.9981671939528528,Mi,False,[1. 1. 1.],"(25, 50, 50)",True,32
CT_COVID-19-20-CT-SegChallenge_volume-covid19-A-0526,8.59550666809082,1.380725383758545,1.4572908878326416,1.504063606262207,1.476168870925903,1.4186198711395264,1.358638048171997,2.5887656318711016,3.2123553948461714,0.6553786494538051,0.8091867204906502,0.6240111527260699,0.6337196049728754,0.638465073163505,0.6489646705322206,0.6567867609620356,0.6553786494538051,0.7878116740531166,0.779632758668748,0.7958144177623977,0.8089062238236489,0.8132250136804257,0.8091867204906502,CT,True,[0.801 0.801 5.   ],"(15, 512, 512)",True,3
MR_BraTS-T1n_bratsgli_1064,2.632675647735596,0.0,0.5058696269989014,0.519298791885376,0.5391285419464111,0.5282998085021973,0.54007887840271,0.0,0.0,0.0,0.0,0.0,0.0,0.0,0.0,0.0,0.0,0.0,0.0,0.0,0.0,0.0,0.0,MR,True,[1. 1. 1.],"(80, 218, 182)",False,3
MR_Spider_50_t2_SPACE_spi,7.305254936218262,1.2330024242401123,1.1945068836212158,1.2028570175170898,1.1878283023834229,1.2065098285675049,1.280550479888916,0.8801993573460822,0.9695114822425294,0.2726411842991288,0.2941757630523694,0.163048258093888,0.1816944999909924,0.2013474061718362,0.2177503299633978,0.2339337790657873,0.2726411842991288,0.0,0.0,0.2681666740390199,0.2761280588499379,0.2781288678273867,0.2941757630523694,MR,True,[0.89999998 0.46875    0.46875   ],"(144, 120, 640)",True,1
US_Cardiac_patient0051_2CH_half_sequence,11.661341428756714,1.840253591537476,1.998218059539795,1.977524757385254,1.9509344100952148,1.951676368713379,1.942734241485596,3.222286924982765,3.166113742796398,0.8192810106857,0.79927813669669,0.7870877390800537,0.7962243140831937,0.790671297741404,0.8118154481732289,0.8120475166836855,0.8192810106857,0.7599926164748045,0.7806888677990346,0.7811394422769405,0.7959549954415278,0.7990358028300673,0.79927813669669,US,False,[0.308 0.308 1.   ],"(17, 487, 591)",True,3
MR_ISLES2022_ADC_sub-strokecase0044,8.087764024734497,1.4267702102661133,1.5059103965759275,1.2576160430908203,1.2101056575775146,1.2357213497161863,1.4516403675079346,1.997961726909716,3.603194588690424,0.464883479376233,0.8908391423541833,0.390264294647985,0.4544502580906576,0.4990867107802592,0.5300501663438403,0.5091579810521709,0.464883479376233,0.7458599965478349,0.896244293333034,0.9030665644123198,0.9086126846117896,0.8979736218227061,0.8908391423541833,MR,True,[2. 2. 2.],"(7, 112, 112)",True,3
CT_AbdTumor_PETCT_11e258cc1f,11.308540105819702,1.8949542045593264,1.8360226154327397,1.8821265697479248,1.88641095161438,1.918808460235596,1.8902173042297363,2.920324481167956,2.980239062720875,0.7295311401164589,0.7434404789252053,0.7357192402433581,0.7310736933483618,0.7305725406119435,0.7298171390581364,0.7296323847654653,0.7295311401164589,0.7570929987164611,0.7494908550098404,0.7457279068150194,0.7443032575704397,0.743742231367893,0.7434404789252053,CT,False,[0.8125 0.8125 2.5   ],"(67, 512, 512)",True,3
US_Cardiac_patient0194_2CH_half_sequence,10.914314270019531,1.9017879962921145,1.7667903900146484,1.8344199657440183,1.7612168788909912,1.864506244659424,1.785592794418335,3.4811373303914483,3.4652765152077727,0.8742794374475386,0.8886000505200974,0.7987523262538736,0.8606411098956682,0.8608296551550988,0.8754707922086592,0.8773766093560872,0.8742794374475386,0.777723261628933,0.8523352398434844,0.8473004285050307,0.872231528553644,0.8752769129673069,0.8886000505200974,US,False,[0.308 0.308 1.   ],"(21, 454, 551)",True,3
MR_BraTS-T1c_bratsgli_0625,2.433363437652588,0.0,0.5401968955993652,0.5020899772644043,0.4656236171722412,0.4589886665344238,0.4664642810821533,0.3608940342767091,0.0,0.109857285097909,0.0,0.0,0.0556324566607343,0.0801566470857809,0.0932906755691565,0.1047018407424498,0.109857285097909,0.0,0.0,0.0,0.0,0.0,0.0,MR,True,[1. 1. 1.],"(31, 218, 182)",False,3
CT_LungMasks_LUNG1-082,11.304399251937866,1.9218127727508545,1.8055870532989504,1.836157321929932,1.9214980602264404,1.870532512664795,1.9488115310668943,3.794945848349503,3.582441911722473,0.9491578449752094,0.8975235492602012,0.9209409431534852,0.9463769008304352,0.9486574632307504,0.9493185021783268,0.9492025100376033,0.9491578449752094,0.7243552613036592,0.8859998325484512,0.8954285529281092,0.8977611761256734,0.897490491764364,0.8975235492602012,CT,False,[0.9765625 0.9765625 3.       ],"(78, 512, 512)",True,2
Microscopy_SELMA3D_patchvolume_vessel_011_1_0_0,107.34701919555664,18.046340703964237,17.662890911102295,17.15786051750183,17.57825231552124,18.24818515777588,18.65348958969116,2.724269475461256,3.651136603109872,0.6871392298644194,0.923583087607281,0.5905113642889284,0.6645671696287266,0.6756852138088226,0.6860229302512897,0.6867081316545706,0.6871392298644194,0.8174432785646492,0.8895792050185611,0.9077592529724904,0.9168113272660364,0.9199848765584232,0.923583087607281,Mi,False,[1. 1. 1.],"(12, 250, 250)",True,39
MR_QIN-PROSTATE-Lesion_PCAMPMRI-00012_1_2_MR,3.0808193683624268,0.5280027389526367,0.5005903244018555,0.5129492282867432,0.560138463973999,0.5111429691314697,0.4679956436157226,2.7531890906844576,3.5472812635673128,0.6877192982456141,0.8847198527940074,0.5343915343915344,0.6875,0.6901408450704225,0.6877192982456141,0.6877192982456141,0.6877192982456141,0.7282384636413862,0.8978193413048826,0.8865719609298529,0.8847198527940074,0.8847198527940074,0.8847198527940074,MR,True,[0.54689997 0.54689997 2.49999928],"(3, 512, 512)",True,1
MR_heart-ACDC_ACDC_patient114_frame11_myo,2.4129552841186523,0.0,0.4806210994720459,0.4861619472503662,0.4817447662353515,0.4859802722930908,0.4784471988677978,3.335701674766176,3.375390077468772,0.8633420190397565,0.9065275805970688,0.0,0.7174993594670767,0.8373002462221794,0.8493545208801758,0.8586262184104039,0.8633420190397565,0.0,0.6676295614095423,0.8439989021800124,0.8610292175893415,0.8832833866961121,0.9065275805970688,MR,True,[ 1.36719  1.36719 10.     ],"(9, 256, 216)",False,1
CT_TotalSeg_organs_s0477,67.85997700691223,10.730395078659058,11.586500644683838,11.942252397537231,10.903192043304443,11.98993682861328,10.70770001411438,2.90535147618499,2.6491530682083058,0.7402105520281174,0.679920735092344,0.6360546664629673,0.6942258130532402,0.7218525871239864,0.7303639890162226,0.735916717504102,0.7402105520281174,0.5353589795897291,0.6211554567646568,0.6546438122270283,0.6701754591787733,0.6737957008740035,0.679920735092344,CT,False,[1.5 1.5 1.5],"(374, 243, 243)",True,21
CT_LungMasks_LUNG1-248,11.20420265197754,1.8205468654632568,1.8139705657958984,1.8943209648132324,1.797071933746338,1.8715765476226809,2.006715774536133,3.808625212669183,3.560884142707259,0.9522549036635348,0.8904006674269386,0.9450281809257266,0.9530277319208472,0.9530839213942256,0.9515040612357076,0.9513959122470586,0.9522549036635348,0.8542220020057892,0.8937270246020452,0.8917612974220829,0.888875408209041,0.8881835910616429,0.8904006674269386,CT,False,[0.9765625 0.9765625 3.       ],"(86, 512, 512)",True,2
MR_WMH_FLAIR_Amsterdam_GE3T_134,53.37660360336304,8.597662448883057,8.856093406677246,9.148284196853638,8.862929582595825,9.138629913330078,8.773004055023193,1.03625599335472,1.7503480255382415,0.2750609242700897,0.4698478032122041,0.2045499554876464,0.2248022951010211,0.2406042357325584,0.2687146844305474,0.2770054635060587,0.2750609242700897,0.3430772932542625,0.3741357539037612,0.4005011494650981,0.4591880221099448,0.4686670754052158,0.4698478032122041,MR,False,[1.20000005 0.97659993 3.        ],"(22, 256, 132)",True,19
Microscopy_SELMA3D_patchvolume_nuclei_004_0_0_1,291.38281631469727,45.87723255157471,47.6322455406189,49.06005954742432,47.6933388710022,50.8495044708252,50.27043533325195,3.0158257740741616,3.807047669860637,0.7660335618286488,0.9631794446192008,0.708256747243827,0.7384812951050802,0.7464325938867847,0.7561233360465851,0.7610124156739272,0.7660335618286488,0.9200126782215162,0.94142064517768,0.9442511170471036,0.9543679110947833,0.95612859682031,0.9631794446192008,Mi,False,[1. 1. 1.],"(34, 100, 100)",True,104
MR_BraTS-T1n_bratsgli_0684,2.666416645050049,0.0,0.5199851989746094,0.5249843597412109,0.5709407329559326,0.5261712074279785,0.5243351459503174,0.4250776673837939,0.0,0.1201745284273818,0.0,0.0,0.0823550823550823,0.1024925842298667,0.1137566137566137,0.1075636640060813,0.1201745284273818,0.0,0.0,0.0,0.0,0.0,0.0,MR,True,[1. 1. 1.],"(98, 218, 182)",False,3
CT_AbdTumor_case_00460,3.061207056045532,0.4838776588439941,0.5337245464324951,0.53206467628479,0.4984517097473144,0.487499475479126,0.5255889892578125,3.351855507552981,3.776538901568075,0.8521273430526629,0.9559573695590868,0.7598191863385233,0.8000257036370646,0.8322821824186409,0.8446769631279882,0.8488198386614879,0.8521273430526629,0.8783231676149353,0.908677390595802,0.9504941773517132,0.9418754227344064,0.9518519214045112,0.9559573695590868,CT,True,[0.703125 0.703125 5.      ],"(7, 512, 512)",True,1
MR_BraTS-T2w_bratsgli_1151,2.579741716384888,0.0,0.439786434173584,0.4955623149871826,0.5764045715332031,0.5442190170288086,0.5237693786621094,0.0517614357141761,0.0,0.0183931655851734,0.0,0.0,0.0120930621809356,0.0122423552991522,0.0106552510702121,0.0136207154617572,0.0183931655851734,0.0,0.0,0.0,0.0,0.0,0.0,MR,True,[1. 1. 1.],"(73, 218, 182)",False,2
CT_COVID-19-20-CT-SegChallenge_volume-covid19-A-0386,55.36708211898804,9.450893640518188,9.097022533416748,9.315985679626465,8.727847814559937,8.914053678512573,9.861278772354126,1.9659520157101305,2.452213155357989,0.5125010869778233,0.644063130944891,0.4591854509992313,0.4781871349202748,0.4861762314050483,0.4917831401661079,0.4926485331899251,0.5125010869778233,0.5846684857355142,0.6036079098938588,0.6069480499091244,0.6111746348930944,0.6102549501363954,0.644063130944891,CT,False,[0.74000001 0.74000001 5.        ],"(27, 512, 512)",True,20
CT_GTVpEnhance_segrap_0039,3.0771191120147705,0.4730508327484131,0.5428953170776367,0.5202693939208984,0.5075914859771729,0.5155651569366455,0.5177469253540039,2.961737892847981,3.60844468524868,0.7562162162162163,0.927621618092485,0.6340418905240208,0.7083083452507266,0.7232475947378755,0.7517622817481835,0.7544657356284508,0.7562162162162163,0.7574724451303432,0.8463253103928844,0.8694061363414616,0.92527187674062,0.9267932079239132,0.927621618092485,CT,True,[0.58398438 0.58398438 3.        ],"(16, 512, 512)",True,1
MR_BraTS-T2w_bratsgli_0225,2.488330841064453,0.0,0.4787483215332031,0.5075347423553467,0.491034984588623,0.5065240859985352,0.5044887065887451,0.2150957199572732,0.0,0.0801559893814457,0.0,0.0,0.0436991869918699,0.0464865085187902,0.0518147405922957,0.0548668826595295,0.0801559893814457,0.0,0.0,0.0,0.0,0.0,0.0,MR,True,[1. 1. 1.],"(63, 218, 182)",False,3
MR_Head_HNTSMRG24_174_preRT_T2,13.191062927246094,2.180174827575684,2.133008480072021,2.2283284664154053,2.3112823963165283,2.193758010864258,2.1445107460021973,3.560566666734877,3.821789728514649,0.9049694353625088,0.9770573229515614,0.8154156323069893,0.8825627049357981,0.8902704429005436,0.8864756859775639,0.8900544677076163,0.9049694353625088,0.8448900142429547,0.9445284258061584,0.9564703449047948,0.9467898051421488,0.9577367040888451,0.9770573229515614,MR,False,[0.5 0.5 2. ],"(65, 512, 512)",True,3
MR_BraTS-T1c_bratsgli_0727,2.521541118621826,0.0,0.5046482086181641,0.5169758796691895,0.4914560317993164,0.4988410472869873,0.509619951248169,0.324147708552631,0.0,0.094930410112443,0.0,0.0,0.0545095865591494,0.0663246960056946,0.0889362526642123,0.0941667615469277,0.094930410112443,0.0,0.0,0.0,0.0,0.0,0.0,MR,True,[1. 1. 1.],"(66, 218, 182)",False,3
MR_BraTS-T2f_bratsgli_0006,2.4615378379821777,0.0,0.4912803173065185,0.4877924919128418,0.4847095012664795,0.480027437210083,0.5177280902862549,0.1772227207903166,0.0,0.0458445383531822,0.0,0.0,0.0373858067190808,0.0436327561327561,0.0434918360974893,0.0484829560239396,0.0458445383531822,0.0,0.0,0.0,0.0,0.0,0.0,MR,True,[1. 1. 1.],"(51, 218, 182)",False,3
CT_TotalSeg_cardiac_s0628,60.281744956970215,10.004420280456545,10.247425079345703,9.943325281143188,10.274498224258425,10.250007629394531,9.562068462371826,2.881808452421555,3.041379886856105,0.7783904509488406,0.828640849729881,0.5294222083540686,0.6427026239130527,0.68835019616696,0.7216973329066247,0.7612143859170233,0.7783904509488406,0.5614651644873608,0.6659168816942387,0.7242704894990338,0.7648195921711078,0.8050109394739031,0.828640849729881,CT,False,[1.5 1.5 1.5],"(389, 271, 271)",True,18
MR_heart-ACDC_ACDC_patient019_frame11_lvrv,5.4952123165130615,0.941666841506958,0.8861322402954102,0.9257371425628662,0.9112844467163086,0.9230730533599854,0.9073185920715332,2.963047272428481,2.8402026362950163,0.8199585517771131,0.8063488067048583,0.6268767071272119,0.5953567164619946,0.6886537684288088,0.7706840859570749,0.7960517839230437,0.8199585517771131,0.5721535513464981,0.6060134598893081,0.6589674139876464,0.7140504015355483,0.7610036874747383,0.8063488067048583,MR,True,[ 1.44531  1.44531 10.     ],"(10, 256, 216)",True,2
CT_TotalSeg_muscles_s1029,99.88402962684631,15.628202676773071,16.48505711555481,17.02962327003479,16.41990613937378,17.359533309936523,16.96170711517334,2.972105815985102,2.569435278409029,0.754784930901813,0.6591845998591103,0.6425935881185655,0.7159555115808228,0.7387203498914527,0.7468889524752997,0.7511262923770318,0.754784930901813,0.5132842726760134,0.6095794418452288,0.6362235130361319,0.6462966673612276,0.6525330771595008,0.6591845998591103,CT,False,[1.5 1.5 1.5],"(535, 321, 321)",True,23
MR_BraTS-T2f_bratsgli_0926,2.5633461475372314,0.0,0.537449836730957,0.5053472518920898,0.4962232112884521,0.5002777576446533,0.5240480899810791,0.0188999765745156,0.0,0.0,0.0,0.0,0.0173630831643002,0.004116882312883,0.0012081035871383,0.0048934490923441,0.0,0.0,0.0,0.0,0.0,0.0,0.0,MR,True,[1. 1. 1.],"(53, 218, 182)",False,2
CT_TotalSeg_muscles_s0516,75.24528765678406,11.923861026763916,12.05313277244568,13.026938915252686,12.864277362823486,13.063636302947998,12.313441276550291,3.5188650277714086,3.236996170331428,0.8984400307712609,0.8307597635944216,0.7689805188889713,0.8349987675421573,0.8670512360387439,0.8900013408571591,0.8950930517187966,0.8984400307712609,0.6849675744329249,0.7578566722124548,0.796167599928805,0.8203317657691397,0.8261885867300445,0.8307597635944216,CT,False,[1.5 1.5 1.5],"(413, 253, 253)",True,21
CT_AbdTumor_pancreas_140,2.806395530700684,0.4641592502593994,0.4623548984527588,0.4817731380462646,0.4497325420379638,0.4693307876586914,0.4790449142456054,3.1885408891735945,3.879534110375863,0.8145390847383402,0.9766376458434216,0.7329692440356425,0.7692462716646513,0.7883487007544007,0.8006489994591671,0.8076505107585308,0.8145390847383402,0.9318849222984892,0.9662870387586364,0.9715522392369774,0.9653616252106852,0.971157903627171,0.9766376458434216,CT,True,[0.82031202 0.82031202 5.        ],"(5, 512, 512)",True,1
CT_AbdomenAtlas_BDMAP_00007447,51.83812403678894,8.1693274974823,9.03419589996338,8.657489776611328,8.744845867156982,8.296560525894165,8.935704469680786,0.9660613621671564,0.951899524314469,0.2451876133798416,0.2428512548843612,0.2030738610631377,0.2368999345525238,0.2354565449047991,0.2445308724428002,0.2450301708533741,0.2451876133798416,0.2044693445243484,0.2309979313118825,0.2295075383676189,0.2426777995716589,0.2427895932770693,0.2428512548843612,CT,False,[0.97656298 0.97656298 1.24999797],"(396, 331, 472)",True,11
CT_TCIA-LCTSC_LCTSC-Train-S3-007,23.502752542495728,3.694895505905152,4.036504507064819,3.960050821304321,3.839193344116211,4.054155111312866,3.9179532527923584,3.349293236306045,3.2766694223549173,0.8549288312240734,0.8521842152809583,0.7526205544143252,0.8110044266774386,0.829254519214668,0.8366596842191786,0.8504124039214421,0.8549288312240734,0.6787264872750762,0.7689328453930815,0.7996475633731295,0.8255822823226424,0.840881046322125,0.8521842152809583,CT,False,[1.36523402 1.36523402 3.00000024],"(123, 512, 512)",True,5
CT_TotalSeg_muscles_s1260,8.344287633895874,1.46274995803833,1.4730470180511477,1.359853982925415,1.4201328754425049,1.322895050048828,1.3056087493896484,3.636302925827533,3.670201831644709,0.9124169143890484,0.9186732879483172,0.8838601806570333,0.9024405552349624,0.9067064240434471,0.910668155718176,0.9114996112539048,0.9124169143890484,0.884369267307485,0.9107836859531075,0.9196467738531068,0.917310936225618,0.9185156346152724,0.9186732879483172,CT,True,[1.5 1.5 1.5],"(108, 135, 135)",True,3
CT_TotalSeg_cardiac_s1104,10.587461471557615,1.7713618278503418,1.7326667308807373,1.7740702629089355,1.7685847282409668,1.7585179805755615,1.7822599411010742,3.5854213691086008,3.837086073644936,0.9105220161372708,0.9761176631979064,0.8200705090521692,0.8726399328291821,0.8893025092217286,0.898727065840104,0.9058108195635416,0.9105220161372708,0.864391642168219,0.9242638874266412,0.9498980898795408,0.9640606768100946,0.9729365316430272,0.9761176631979064,CT,False,[1.5 1.5 1.5],"(48, 138, 298)",True,4
MR_totalseg_mr_s0270,70.62529706954956,11.195814609527588,11.44213581085205,11.88624620437622,11.78233003616333,11.964098691940308,12.354671716690063,2.862493666724748,2.6450635434602496,0.7362325067593798,0.6890821085239777,0.6374239991773472,0.6876233035691931,0.7091606926280073,0.7192939802028083,0.7221110887296462,0.7362325067593798,0.5542754699955726,0.6234998502732475,0.650900695072078,0.6630946514933521,0.6747772174962066,0.6890821085239777,MR,False,[1.1875 1.1875 3.    ],"(72, 260, 320)",True,26
CT_AbdTumor_pancreas_056,2.882350444793701,0.4881072044372558,0.4544343948364258,0.4777984619140625,0.4936001300811767,0.4921948909759521,0.4762153625488281,3.590071175345709,3.9601481413018833,0.9081441366382004,0.9898144774167976,0.8294266137756942,0.882364303650763,0.8886143710109121,0.8984565393988627,0.9077460447914526,0.9081441366382004,0.9307610375481764,0.9785519530203114,0.9874798457168008,0.9930565705943176,0.9954285097722104,0.9898144774167976,CT,True,[0.765625 0.765625 2.5     ],"(10, 512, 512)",True,1
CT_TotalSeg_organs_s1383,62.27759718894959,10.106464862823486,10.289984226226808,9.977412700653076,10.522687196731567,10.756314039230348,10.624734163284302,3.315377910802177,3.1785347700308524,0.8410149015570731,0.8146602144313679,0.7551228573445213,0.8075783723579303,0.8259026921099313,0.8323997319899717,0.8327788497447722,0.8410149015570731,0.6773255255008938,0.7550142584917466,0.7888136402593203,0.7999617436598313,0.8049221496501436,0.8146602144313679,CT,False,[1.5 1.5 1.5],"(286, 274, 274)",True,20
MR_BraTS-T1n_bratsgli_0563,2.692761182785034,0.0,0.5556812286376953,0.5031247138977051,0.5173461437225342,0.5349748134613037,0.5816342830657959,0.045102180184423,0.0,0.0036804876646155,0.0,0.0,0.0095649517825195,0.0137706593510038,0.0134998622463036,0.0112089388635479,0.0036804876646155,0.0,0.0,0.0,0.0,0.0,0.0,MR,True,[1. 1. 1.],"(94, 218, 182)",False,3
MR_BraTS-T2f_bratsgli_0989,2.966912031173706,0.0,0.5654082298278809,0.6218578815460205,0.6225576400756836,0.5966284275054932,0.5604598522186279,0.0055328837951012,0.0,0.0,0.0,0.0,0.0010385720841484,0.0014218216816869,0.0,0.0035917760713401,0.0,0.0,0.0,0.0,0.0,0.0,0.0,MR,True,[1. 1. 1.],"(97, 218, 182)",False,4
CT_TotalSeg_muscles_s0388,8.704157590866089,1.4581656455993652,1.4573228359222412,1.4803338050842283,1.4633102416992188,1.4099438190460205,1.4350812435150146,3.5020429067367878,3.5095847367873723,0.8737182139078206,0.8781180297114476,0.8397895545929425,0.8711009775750367,0.877078384014376,0.8787086589770476,0.873846268003935,0.8737182139078206,0.8347969302578032,0.8676427510348828,0.8795107902221441,0.8805178351102394,0.8766757210818238,0.8781180297114476,CT,True,[1.5 1.5 1.5],"(101, 154, 154)",True,3
MR_totalseg_mr_s0017,109.68429517745972,16.526693105697632,16.59286141395569,18.11078310012817,19.867380380630493,20.062962532043457,18.523614645004272,2.7936729589794176,2.9286871915071324,0.7058703391316503,0.7388469893040082,0.6298819251722452,0.6701930775229452,0.6941646538043392,0.7035590896238574,0.7079175072239233,0.7058703391316503,0.6441330966967624,0.696622736188119,0.7266995880546369,0.7397526486237082,0.7445000920827238,0.7388469893040082,MR,False,[0.703125 0.703125 4.      ],"(58, 512, 512)",True,34
MR_crossmoda_crossmoda2023_ukm_14_ceT1,10.82142972946167,1.8383703231811523,1.805433750152588,1.7839007377624512,1.8226206302642824,1.7742457389831543,1.796858549118042,2.987637599769956,3.889693424512592,0.7473654842205202,0.9845680143226548,0.599641502317325,0.6688635966754944,0.7645408429685461,0.7614066571860183,0.7535755591673842,0.7473654842205202,0.8823650017560571,0.9137341945091664,0.9689702106231362,0.9854856329442222,0.9860864765293232,0.9845680143226548,MR,False,[0.625 0.625 1.   ],"(12, 288, 288)",True,4
MR_BraTS-T2w_bratsgli_0249,2.433921813964844,0.0,0.4742031097412109,0.4874410629272461,0.4962835311889648,0.4969804286956787,0.4790136814117431,0.2864666850901011,0.0,0.0801573715349731,0.0,0.0,0.0591377497371188,0.0677916575352472,0.0730070301100941,0.0760204368087137,0.0801573715349731,0.0,0.0,0.0,0.0,0.0,0.0,MR,True,[1. 1. 1.],"(76, 218, 182)",False,3
MR_ProstateADC_ADC-ProstateX-0158,2.597806215286255,0.4409382343292236,0.4273200035095215,0.4358494281768799,0.4346673488616943,0.4351694583892822,0.4238617420196533,3.734721592855109,3.721622450306164,0.9347883949960074,0.93343524665943,0.9249783923941228,0.93148493735004,0.9328590484659848,0.934398579671549,0.934327298544551,0.9347883949960074,0.9218580527099492,0.9258127104034606,0.9278530434986086,0.931918313166454,0.9322271151096554,0.93343524665943,MR,True,[2.         2.         3.00000095],"(14, 128, 84)",True,1
CT_AMOS_amos_0364,61.03829765319824,9.393646001815796,9.703646421432495,10.093446493148804,10.89678120613098,10.973458528518677,9.97731900215149,2.973724493817329,3.260669427470556,0.7558632616282842,0.8283179256800051,0.7030357965728719,0.7277416647817889,0.7401400643654833,0.7443949693651433,0.747386996881666,0.7558632616282842,0.780123180393583,0.800448353093056,0.8158678660419655,0.813757485912451,0.8166609361296087,0.8283179256800051,CT,False,[0.48046875 0.48046875 5.        ],"(79, 768, 768)",True,15
Microscopy_SELMA3D_patchvolume_vessel_006_2_0_1,147.69528102874756,24.31570792198181,23.73530316352844,24.160515308380127,26.21807360649109,25.573071718215942,23.692609310150143,2.2947308426863047,3.412348781511582,0.5889322250946408,0.8732560029481581,0.4656540678417713,0.542904093566886,0.5647038711145599,0.5771660775386207,0.5869427347023607,0.5889322250946408,0.7246421394499485,0.8175580392204271,0.8420400671547069,0.8570698850945739,0.8678318081780084,0.8732560029481581,Mi,False,[1. 1. 1.],"(12, 250, 250)",True,53
CT_TotalSeg_muscles_s0381,45.10413360595703,6.909344673156738,7.602757215499878,7.3636252880096436,7.982958793640137,7.51699161529541,7.728456020355225,3.380706374827817,2.894853648863116,0.8550218016448536,0.7450678362334032,0.7658073093829549,0.817308098758117,0.8419089627827401,0.849584695636256,0.8530477662073356,0.8550218016448536,0.6100659996280432,0.6710243645399835,0.7160595553007554,0.7324659055387294,0.7382820876369369,0.7450678362334032,CT,False,[1.5 1.5 1.5],"(192, 219, 219)",True,15
MR_BraTS-T1c_bratsgli_0368,2.5789618492126465,0.0,0.5108687877655029,0.5200650691986084,0.5120394229888916,0.5119795799255371,0.5240089893341064,0.0132313126792871,0.0,0.0040067447949537,0.0,0.0,0.0010371861749183,0.0033514133262777,0.0035453504073313,0.003812583460742,0.0040067447949537,0.0,0.0,0.0,0.0,0.0,0.0,MR,True,[1. 1. 1.],"(85, 218, 182)",False,3
MR_BraTS-T1c_bratsgli_0110,2.537787437438965,0.0,0.5101118087768555,0.511742353439331,0.5069868564605713,0.4890499114990234,0.5198965072631836,0.3266119558837405,0.0,0.1241212645854749,0.0,0.0,0.0206210296807467,0.0564551872605818,0.0918313775076347,0.1059542439824129,0.1241212645854749,0.0,0.0,0.0,0.0,0.0,0.0,MR,True,[1. 1. 1.],"(76, 218, 182)",False,3
CT_TotalSeg_organs_s0254,20.07741069793701,3.173253059387207,3.2071683406829834,3.2422351837158203,3.4489705562591557,3.6199891567230233,3.3857944011688232,3.272040374438344,3.431213568724173,0.8257040570401746,0.8876568519903926,0.7418185625840167,0.8006867979059761,0.8095070861046708,0.8231889804460506,0.8261488804145468,0.8257040570401746,0.7184800161845862,0.8166305099967204,0.8375001716785062,0.8632588783397556,0.8783108377123552,0.8876568519903926,CT,False,[1.5        1.5        1.49999988],"(59, 168, 178)",True,7
MR_Head_HNTSMRG24_154_midRT_T2,3.10880184173584,0.4994661808013916,0.5039384365081787,0.5096487998962402,0.5148823261260986,0.5425171852111816,0.538348913192749,3.320376169804496,3.946304756544138,0.8575031525851198,0.9901615074740484,0.7111963725148238,0.7951269035532995,0.8035437430786267,0.8436086646036658,0.8469087340529932,0.8575031525851198,0.9127947065686992,0.9827227122675312,0.9796295898242958,0.9908506890645894,0.9893823677844632,0.9901615074740484,MR,True,[0.5 0.5 2. ],"(9, 512, 512)",True,1
MR_BraTS-T1n_bratsgli_1104,2.708852767944336,0.0,0.5249617099761963,0.5459132194519043,0.539940595626831,0.5478012561798096,0.5502359867095947,0.1010612484103502,0.0,0.0712635712635712,0.0,0.0,0.0319320554184854,0.0115512450280608,0.0206666666666666,0.0172455233745944,0.0712635712635712,0.0,0.0,0.0,0.0,0.0,0.0,MR,True,[1. 1. 1.],"(37, 218, 182)",False,2
CT_AbdTumor_Adrenal_Ki67_Seg_003,3.714435338973999,0.5614209175109863,0.6192343235015869,0.6224231719970703,0.6375265121459961,0.6271615028381348,0.6466689109802246,1.5941136890745502,1.0060557655765523,0.3682704853597854,0.2284564750619198,0.3927400781329833,0.5079296174104301,0.3905585201561916,0.3780975284116043,0.3873575891216465,0.3682704853597854,0.2412283331136951,0.321384282905113,0.2529602218003213,0.2361676072717159,0.2420075575209989,0.2284564750619198,CT,True,[0.74218798 0.74218798 3.75      ],"(19, 512, 512)",True,1
CT_AbdomenAtlas_BDMAP_00004625,41.66968083381653,7.001157522201538,7.01782751083374,6.535467624664307,7.272333145141602,7.176837921142578,6.666057109832764,1.0576043561264612,1.0876489600057762,0.2838720372387382,0.2898827057995161,0.2032831328479501,0.2414881432787828,0.2400135398147815,0.271240009441768,0.2836707166111512,0.2838720372387382,0.2050095837466952,0.255991038242948,0.250220591403568,0.273920617987593,0.2905708785933831,0.2898827057995161,CT,False,[0.82617188 0.82617188 2.5       ],"(226, 459, 512)",True,9
CT_TotalSeg_muscles_s0694,48.69321393966675,8.34191083908081,8.01419997215271,8.178176164627075,7.591546535491943,8.130322217941284,8.437058210372925,3.45452583595291,2.74492243255567,0.8710936416931182,0.7001858260710766,0.8136379090065784,0.8457475110732963,0.8575967953201175,0.8690391164201913,0.8694693478293938,0.8710936416931182,0.6115610734268718,0.6604921699037122,0.6762562673722797,0.6898114337695698,0.6985157334264258,0.7001858260710766,CT,False,[1.5 1.5 1.5],"(286, 233, 233)",True,15
MR_QIN-PROSTATE-Prostate_PCAMPMRI-00001_0_2_MR,2.779013633728028,0.4881823062896728,0.4636108875274658,0.4491608142852783,0.4307067394256592,0.4784398078918457,0.4689130783081054,3.187796814185359,3.419559401738061,0.803024083196497,0.8667839431032708,0.8013187575915321,0.7943857217120083,0.7955172413793103,0.7965868428296174,0.7969878275221787,0.803024083196497,0.8660378083979994,0.8479733698223021,0.8514554593099238,0.854828751906089,0.8558965340592622,0.8667839431032708,MR,True,[0.70310003 0.70310003 2.99999833],"(11, 256, 256)",True,1
CT_TotalSeg_organs_s1043,19.335023403167725,3.2289681434631348,3.197199583053589,3.3848536014556885,3.107539176940918,3.160033941268921,3.2564289569854736,3.437545750365662,3.3576432094378865,0.8796220932580354,0.8710127802625888,0.7594040346023089,0.81778857705756,0.8497151948781567,0.8633130411412947,0.875812179188413,0.8796220932580354,0.6989484984703825,0.7805723525209912,0.8230042853969364,0.8417995220362703,0.8670468356128899,0.8710127802625888,CT,False,[1.5 1.5 1.5],"(78, 164, 164)",True,7
MR_BraTS-T1c_bratsgli_0711,2.698721408843994,0.0,0.5318295955657959,0.5526502132415771,0.5088887214660645,0.5642805099487305,0.5410723686218262,0.0,0.0,0.0,0.0,0.0,0.0,0.0,0.0,0.0,0.0,0.0,0.0,0.0,0.0,0.0,0.0,MR,True,[1. 1. 1.],"(68, 218, 182)",False,4
MR_BraTS-T2w_bratsgli_0361,2.6183247566223145,0.0,0.4962191581726074,0.556659460067749,0.5345563888549805,0.5111618041992188,0.5197279453277588,0.0,0.0,0.0,0.0,0.0,0.0,0.0,0.0,0.0,0.0,0.0,0.0,0.0,0.0,0.0,0.0,MR,True,[1. 1. 1.],"(83, 218, 182)",False,4
CT_TotalSeg_muscles_s0665,27.95612144470215,4.3771045207977295,4.498816013336182,4.754967927932739,4.475988149642944,4.990765333175659,4.858479499816895,3.112187817541316,3.372920748921434,0.8046793781327113,0.9034888431915556,0.6772053927671133,0.7477952036204616,0.7692863930212392,0.7774288314583367,0.7892353021851536,0.8046793781327113,0.7148394608451389,0.7862726444036645,0.8195171912178277,0.8392641447041067,0.8692586692018894,0.9034888431915556,CT,False,[1.5 1.5 1.5],"(166, 227, 227)",True,9
MR_BraTS-T2f_bratsgli_1049,2.804163217544556,0.0,0.5310492515563965,0.5649640560150146,0.6079897880554199,0.5374808311462402,0.5626792907714844,0.0053843223393175,0.0,0.0014428121720881,0.0,0.0,0.0013876624195786,0.001883201036773,0.0,0.0020858840067111,0.0014428121720881,0.0,0.0,0.0,0.0,0.0,0.0,MR,True,[1. 1. 1.],"(95, 218, 182)",False,4
MR_BraTS-T2w_bratsgli_0956,2.420980215072632,0.0,0.4813060760498047,0.483508825302124,0.4776523113250732,0.4850935935974121,0.4934194087982178,0.0253472124982716,0.0,0.0063056931177193,0.0,0.0,0.0055624820178383,0.0065675934803451,0.0064907822975786,0.006354749152569,0.0063056931177193,0.0,0.0,0.0,0.0,0.0,0.0,MR,True,[1. 1. 1.],"(51, 218, 182)",False,3
PET_autoPET_fdg_48cb8662f7_03-07-2003-NA-PET-CT Ganzkoerper  primaer mit KM-71496,40.95997786521912,6.509116411209106,6.8025431632995605,6.668232679367065,6.460168361663818,7.469968795776367,7.049948453903198,2.7760059296496213,2.736132980990571,0.7166854704535172,0.7088289094136626,0.6006727167523126,0.6531105768108324,0.6766489680432025,0.7029237163139049,0.7115352216603394,0.7166854704535172,0.5406634518802139,0.6391245622084997,0.6696825592173784,0.6909700213181972,0.7015036646439144,0.7088289094136626,PE,False,[2.03642011 2.03642011 3.        ],"(179, 400, 400)",True,12
PET_autoPET_psma_8496583840c7ca19_2019-02-09,212.5602667331696,35.27448010444641,33.10204243659973,35.01781678199768,39.39509868621826,36.12710976600647,33.643718957901,2.606030986365079,3.101584012711326,0.6771606088935491,0.8046698007104577,0.5492606053117223,0.6045437643118579,0.6370493492598159,0.6595145231912891,0.6686149273112708,0.6771606088935491,0.672313919673918,0.726407358464891,0.757799441152043,0.7844246864316206,0.7938213055399886,0.8046698007104577,PE,False,[4.0728302 4.0728302 2.       ],"(383, 200, 200)",True,74
CT_TotalSeg_cardiac_s0844,42.378918409347534,6.718235969543457,6.958184719085693,7.1847124099731445,7.079465627670288,7.117781162261963,7.320538520812988,2.846636706828222,2.991025993746401,0.7353558458948335,0.776382641594758,0.6223795945778479,0.6919373276970067,0.7030806845605195,0.7080246333105045,0.7218848021612775,0.7353558458948335,0.6471919179714491,0.7241078498507277,0.7366844708133271,0.7428258519007495,0.7612704253095818,0.776382641594758,CT,False,[1.5 1.5 1.5],"(186, 138, 276)",True,14
CT_AbdomenAtlas_BDMAP_00006985,11.754940748214722,1.9538414478302,2.0485877990722656,1.9119749069213867,1.939603805541992,1.8561818599700928,2.044750928878784,3.776097040091008,3.915331612356187,0.9475191230779436,0.981577657946502,0.92652527022166,0.9384857689698402,0.9441703425619196,0.9441176620473613,0.9448065894578352,0.9475191230779436,0.9271379580605548,0.965859998433135,0.98028162377359,0.9804115968348848,0.9809195635578944,0.981577657946502,CT,False,[0.75743359 0.75743359 3.        ],"(83, 349, 512)",True,3
CT_LungMasks_LUNG1-102,11.513705730438232,1.845167875289917,1.7574584484100342,1.97381591796875,1.9442310333251955,1.9249684810638428,2.068063974380493,3.847003549802915,3.667925842224506,0.96169659619703,0.9170803446968908,0.9542910232598962,0.9614027353017064,0.9616182573356022,0.9618872556965274,0.9619483710214172,0.96169659619703,0.8663841659271935,0.9158886785959526,0.9168905733787208,0.9172956855154129,0.9172550716839504,0.9170803446968908,CT,False,[0.9765625 0.9765625 3.       ],"(85, 512, 512)",True,2
MR_BraTS-T2f_bratsgli_1077,2.7965564727783203,0.0,0.6123783588409424,0.562932014465332,0.5634472370147705,0.5129930973052979,0.5448057651519775,0.5217986418411011,0.0,0.1668980216906529,0.0,0.0,0.0831528967613143,0.1106007067137809,0.1339745871349903,0.1521978887663463,0.1668980216906529,0.0,0.0,0.0,0.0,0.0,0.0,MR,True,[1. 1. 1.],"(104, 218, 182)",False,3
MR_BraTS-T1n_bratsgli_0439,2.631223201751709,0.0,0.5255358219146729,0.505134105682373,0.5455727577209473,0.5225658416748047,0.5324146747589111,0.8325596760399946,0.602150074431498,0.2443241872066968,0.1824814366154609,0.0,0.0765804189176381,0.209263185504142,0.2403899248184173,0.2224542626552677,0.2443241872066968,0.0,0.0,0.1585417156229706,0.1780468940646417,0.1743207464361551,0.1824814366154609,MR,True,[1. 1. 1.],"(73, 218, 182)",False,2
CT_TotalSeg_cardiac_s0345,63.73891878128052,9.871084213256836,9.83032727241516,10.712395668029783,11.151604413986206,11.194195985794067,10.979311227798462,2.610423757948006,2.78752374043718,0.6871755174934421,0.7359041757825332,0.4861216294652506,0.6009886890872942,0.6422046008970177,0.6560193185890157,0.6681177351716048,0.6871755174934421,0.5282309280021915,0.6424734070291239,0.6813847496898177,0.6998639662473725,0.7170862330941612,0.7359041757825332,CT,False,[1.5 1.5 1.5],"(432, 261, 238)",True,18
MR_BraTS-T2w_bratsgli_0426,2.6042709350585938,0.0,0.5382528305053711,0.5601675510406494,0.4982318878173828,0.4913151264190674,0.516303539276123,0.1764804724337202,0.0,0.0672547254725472,0.0,0.0,0.0565252854812398,0.0314094387755102,0.0483896209584024,0.034791407222914,0.0672547254725472,0.0,0.0,0.0,0.0,0.0,0.0,MR,True,[1. 1. 1.],"(63, 218, 182)",False,2
MR_BraTS-T2w_bratsgli_0216,2.5574843883514404,0.0,0.5108020305633545,0.5092546939849854,0.5130159854888916,0.5108394622802734,0.5135722160339355,0.25470769163529,0.0,0.1256590404131387,0.0,0.0,0.0127270540117887,0.0154678110440438,0.0779306194119216,0.0921162139668608,0.1256590404131387,0.0,0.0,0.0,0.0,0.0,0.0,MR,True,[1. 1. 1.],"(89, 218, 182)",False,3
MR_Spider_242_t1_vet,17.320759534835815,2.749279022216797,3.028414487838745,2.9979214668273926,2.8294832706451416,2.874530792236328,2.841130495071411,3.016756980828139,2.328528213216913,0.7585653023686042,0.5736105015717338,0.7208130105740342,0.7402557640366183,0.7502093987304104,0.7585723557390839,0.7585646931560336,0.7585653023686042,0.5804978850975595,0.6067207089021207,0.5908385578543999,0.5738778606294631,0.5736461894961227,0.5736105015717338,MR,False,[0.66275335 3.27929409 0.69154721],"(25, 424, 407)",True,6
MR_BraTS-T1c_bratsgli_1137,2.666297197341919,0.0,0.5548052787780762,0.5216846466064453,0.5446305274963379,0.5271725654602051,0.5180041790008545,0.0143781385955242,0.0,0.0025252525252525,0.0,0.0,0.0023960745649233,0.0,0.0067233191702074,0.0051941558802288,0.0025252525252525,0.0,0.0,0.0,0.0,0.0,0.0,MR,True,[1. 1. 1.],"(91, 218, 182)",False,4
MR_BraTS-T1n_bratsgli_0658,2.5066771507263184,0.0,0.4852552413940429,0.5189027786254883,0.495368480682373,0.5053985118865967,0.5017521381378174,0.0010981971263841,0.0,0.0,0.0,0.0,0.0021963942527683,0.0,0.0,0.0,0.0,0.0,0.0,0.0,0.0,0.0,0.0,MR,True,[1. 1. 1.],"(66, 218, 182)",False,4
MR_ProstateADC_ADC-ProstateX-0339,2.934376001358032,0.50490403175354,0.495725154876709,0.4724230766296386,0.4834587574005127,0.4854307174682617,0.4924342632293701,3.659501915803592,3.8413243588630177,0.9201301048066498,0.972694943225368,0.8803018177660912,0.8953279424977538,0.9122969837587008,0.9200047545465352,0.919471153846154,0.9201301048066498,0.8914841854497865,0.9278424186348884,0.9559315567190712,0.9674273628458152,0.9676967583680032,0.972694943225368,MR,True,[2. 2. 3.],"(15, 128, 84)",True,1
CT_TotalSeg_organs_s1321,69.35677146911621,11.143571376800535,11.441497087478638,11.943759441375732,11.607779741287231,11.72406554222107,11.496098279953005,2.5379761747697485,2.347242820957598,0.6628597366371805,0.6099464611471778,0.5325212760723661,0.5777857278821072,0.626325658658902,0.6402557824169648,0.651072001434238,0.6628597366371805,0.4722815895693698,0.5357966270879262,0.5806913781417394,0.5932707766298714,0.6004091220684353,0.6099464611471778,CT,False,[1.5 1.5 1.5],"(367, 275, 275)",True,21
CT_TotalSeg_muscles_s0644,77.1426157951355,11.468779802322388,12.894854545593262,12.80092453956604,12.92918825149536,14.324981689453123,12.723886966705322,3.4411887966959487,3.301898044668986,0.8684381124194543,0.8361746515101806,0.7811168424698489,0.8388125372036822,0.8536825360619008,0.865993745328716,0.8678871904937637,0.8684381124194543,0.724662617352334,0.7994420900276022,0.8181362742587183,0.8308748942093508,0.8350785054320254,0.8361746515101806,CT,False,[1.5 1.5 1.5],"(389, 272, 272)",True,22
CT_AirwayTree_ATM_159,16.995073795318604,0.0,3.1551060676574707,3.525117874145508,3.4002842903137207,3.4664957523345947,3.4480698108673096,0.0001507416266351,0.0,0.0,0.0,0.0,0.0003014832532703,0.0,0.0,0.0,0.0,0.0,0.0,0.0,0.0,0.0,0.0,CT,False,[0.78125 0.78125 0.5    ],"(339, 512, 512)",False,1
CT_totalseg-vertebrae_s0884,72.68018364906311,12.017408847808838,11.974643468856812,12.62387490272522,12.096912384033203,11.43530297279358,12.53204107284546,3.7470760852884046,3.8976889949586,0.9440046976045038,0.9817140051565368,0.8939781347453695,0.91934909955157,0.9332720783029028,0.9398858968775424,0.9422412115299222,0.9440046976045038,0.929654575813108,0.957482678253654,0.970071876559928,0.977792019502454,0.9802267571911232,0.9817140051565368,CT,False,[1.5 1.5 1.5],"(412, 272, 272)",True,21
CT_AbdTumor_liver_48,8.796486616134644,1.4069433212280271,1.4266762733459473,1.5403554439544678,1.445190191268921,1.4063868522644043,1.570934534072876,2.8874914613288656,3.349526566418392,0.73349487291448,0.8525264993459224,0.6604607282866682,0.7109982289419983,0.7118423753050885,0.7272712117120851,0.726131323383453,0.73349487291448,0.6955840877048377,0.8021511994213558,0.8268123118629681,0.8470083579656663,0.8483670472061183,0.8525264993459224,CT,True,[0.97656202 0.97656202 2.5       ],"(25, 512, 512)",True,3
MR_BraTS-T1n_bratsgli_0655,2.5166735649108887,0.0,0.4918055534362793,0.50295090675354,0.4921011924743652,0.511157751083374,0.5186581611633301,0.2452303685434531,0.0,0.0793212740572916,0.0,0.0,0.0577079887239941,0.0500433784956175,0.0506493243380133,0.0760230343191793,0.0793212740572916,0.0,0.0,0.0,0.0,0.0,0.0,MR,True,[1. 1. 1.],"(53, 218, 182)",False,3
MR_ProstateT2_T2-ProstateX-0214_5,2.989369630813598,0.5308585166931152,0.523399829864502,0.4749646186828613,0.4755620956420898,0.5006868839263916,0.4838976860046386,3.777532261259524,3.9793843328753047,0.9482188266534644,0.9946070170784462,0.8912944582299421,0.9389182450992288,0.942919195856769,0.9432620952465848,0.9477824342798234,0.9482188266534644,0.9656920515477456,0.9955299362923063,0.9951172747778608,0.994593499443456,0.994605081968612,0.9946070170784462,MR,True,[0.5 0.5 3. ],"(10, 384, 384)",True,1
MR_heart-ACDC_ACDC_patient061_frame01_myo,2.353797435760498,0.0,0.5047059059143066,0.5155932903289795,0.4932758808135986,0.4188940525054931,0.4213283061981201,1.8682974638525875,2.3411823527618347,0.6688420348058902,0.7759720501811744,0.0,0.3408459401049706,0.3801936264622831,0.4651162790697674,0.5181435708651065,0.6688420348058902,0.0,0.4938301583063836,0.5016737154779646,0.5831524983684993,0.6214550346715919,0.7759720501811744,MR,True,[ 1.3671875  1.3671875 10.       ],"(7, 256, 216)",False,1
MR_BraTS-T1c_bratsgli_0041,2.5292727947235107,0.0,0.4539530277252197,0.4766876697540283,0.5558547973632812,0.5173263549804688,0.5254509449005127,0.5725845690781024,0.0,0.1718248104286774,0.0,0.0,0.0947963101245295,0.1221598272138229,0.1495271452418467,0.1675870363458293,0.1718248104286774,0.0,0.0,0.0,0.0,0.0,0.0,MR,True,[1. 1. 1.],"(65, 218, 182)",False,3
CT_AbdomenAtlas_BDMAP_00006423,35.158143281936646,5.522912502288818,5.675658941268921,6.018098592758179,5.814034938812256,6.011171102523804,6.116267204284668,3.530408243495817,3.6257724951128902,0.8931087596952294,0.9230194784865712,0.8085687791715215,0.8574871489740825,0.8828859160839567,0.8814932247538254,0.8907311483233789,0.8931087596952294,0.8154211448176122,0.8663081453325672,0.8999010372238694,0.9104498821943228,0.9207577637851292,0.9230194784865712,CT,False,[0.78125 0.78125 3.     ],"(143, 320, 512)",True,10
MR_BraTS-T1c_bratsgli_0940,2.7050857543945312,0.0,0.4858999252319336,0.525446891784668,0.5624122619628906,0.5719771385192871,0.559349536895752,0.0012258089875626,0.0,0.0004163197335553,0.0,0.0,0.0002766182165669,0.0003092667566351,0.0003102961918194,0.0002597770640468,0.0004163197335553,0.0,0.0,0.0,0.0,0.0,0.0,MR,True,[1. 1. 1.],"(75, 218, 182)",False,4
CT_AbdTumor_hepaticvessel_330,14.49942111968994,2.468837261199951,2.500991106033325,2.375218391418457,2.4331984519958496,2.3225250244140625,2.398650884628296,2.965633832159507,3.817484762618937,0.7660339247742329,0.9737241549433312,0.6718543752673505,0.7054345355045407,0.7209083892369097,0.7426845857986208,0.7663066269845895,0.7660339247742329,0.8535326491291191,0.9138998199861254,0.9351742006496868,0.9590750829280448,0.9794234915764772,0.9737241549433312,CT,False,[0.74218798 0.74218798 1.5       ],"(33, 512, 512)",True,5
Microscopy_SELMA3D_patchvolume_cfos_009_2_0_1,5.264761209487915,0.8765439987182617,0.8561384677886963,0.8652262687683105,0.8749845027923584,0.8899331092834473,0.9019348621368408,3.4803871176979326,4.0,0.8742432581177766,1.0,0.7855603448275862,0.8410714285714285,0.8742432581177766,0.8742432581177766,0.8742432581177766,0.8742432581177766,1.0,1.0,1.0,1.0,1.0,1.0,Mi,True,[1. 1. 1.],"(25, 50, 50)",True,2
CT_AbdomenAtlas_BDMAP_00002285,39.54361629486084,6.398026466369629,6.602959156036377,6.631144762039185,6.694036245346069,6.478151321411133,6.739298343658447,3.3343096306491264,3.4925987367519533,0.8502908054881407,0.9051947519745132,0.7624355120026333,0.814633886397071,0.828696503454632,0.8340464863370665,0.8391042949148221,0.8502908054881407,0.7810202269200861,0.8452178283936324,0.8654321092244812,0.8719746607445211,0.8799856765988783,0.9051947519745132,CT,False,[0.79101598 0.79101598 5.        ],"(85, 341, 503)",True,12
MR_Spider_133_t2_ivd,19.74751043319702,3.1699178218841557,3.252206802368164,3.2189857959747314,3.552140474319458,3.375085592269897,3.1791739463806152,2.636044107739037,3.3570236430748093,0.6912353069653352,0.8734552528992571,0.5574622620929381,0.6267490720258119,0.6473687070100175,0.6600986998191606,0.6695845114142852,0.6912353069653352,0.735680219687252,0.8049986449674223,0.8275109733287257,0.8447117970854467,0.8455739237272967,0.8734552528992571,MR,False,[0.19680161 3.3697827  0.52638674],"(20, 1459, 537)",True,6
MR_Spider_61_t1_spi,7.653981685638428,1.3418920040130615,1.3297710418701172,1.294503927230835,1.2613449096679688,1.1590712070465088,1.2673985958099363,2.537445070064448,3.5695878952855287,0.6284972675183416,0.8887959159271656,0.5594368182055431,0.6160558464223386,0.6321790431109691,0.6475028160394511,0.6354866539436878,0.6284972675183416,0.7831963343095586,0.8720360622060114,0.8914269378247374,0.9075966793706088,0.8901482890235936,0.8887959159271656,MR,True,[0.51669912 3.31154728 0.5859375 ],"(8, 583, 512)",True,1
US_Cardiac_patient0219_2CH_half_sequence,11.007282495498655,1.7254807949066162,1.807949542999268,1.824901103973389,1.902946949005127,1.8353040218353271,1.9107000827789309,3.242254908382768,3.192813455702193,0.8093070752529602,0.7958207735640982,0.8172884835570159,0.813083558326495,0.8121443010015579,0.8093897841325101,0.8095255064589718,0.8093070752529602,0.8043186377640433,0.8008507563950807,0.8017071612558458,0.7965743257919217,0.7961962036748363,0.7958207735640982,US,False,[0.308 0.308 1.   ],"(20, 552, 669)",True,3
CT_AbdTumor_pancreas_402,2.793718814849853,0.4539391994476318,0.4915821552276611,0.4670042991638183,0.4519686698913574,0.4643075466156006,0.4649169445037842,3.648245009508584,3.990831544653923,0.9186602870813396,0.999768147007729,0.8679785330948122,0.9054002297970126,0.911787072243346,0.9096989966555185,0.9147286821705426,0.9186602870813396,0.9797931645775422,0.9900339751863194,0.9969641725420778,0.9991985918570054,0.9997677191578156,0.999768147007729,CT,True,[0.72600001 0.72600001 3.        ],"(5, 512, 512)",True,1
MR_crossmoda_crossmoda2023_ldn_7_ceT1,11.690372705459597,2.0075137615203857,1.9882044792175293,1.921231985092163,1.8990635871887207,1.9206461906433103,1.9537127017974851,3.024174301985079,3.870741815638368,0.7492688206758384,0.979592237398246,0.7646933968046233,0.7534977436632408,0.7569842414745164,0.7628452674623639,0.7529615108786594,0.7492688206758384,0.9608075818132512,0.94845310548037,0.9481423318487144,0.97900397764177,0.9795728347085756,0.979592237398246,MR,False,[0.41015625 0.41015625 1.5       ],"(21, 512, 512)",True,4
CT_totalseg-vertebrae_s1210,69.56299304962158,10.8689067363739,11.489830493927002,11.990644454956056,11.981574058532717,11.675858974456789,11.556178331375122,3.733930961982087,3.8568062657718167,0.9407097771127332,0.9709599756680688,0.9007394684823998,0.9190132267502183,0.9305912632773996,0.9359899516310176,0.937488245142194,0.9407097771127332,0.9248491712106292,0.9474954230571652,0.9605916172413296,0.9671497681951576,0.9698371809727124,0.9709599756680688,CT,False,[1.5 1.5 1.5],"(372, 246, 246)",True,21
MR_BraTS-T2f_bratsgli_0018,2.698251247406006,0.0,0.5278446674346924,0.5183539390563965,0.5242483615875244,0.568183183670044,0.5596210956573486,0.0130544595972206,0.0,0.0038112983823155,0.0,0.0,0.0019216229838709,0.0036334102761391,0.0039783889980353,0.0025761996399528,0.0038112983823155,0.0,0.0,0.0,0.0,0.0,0.0,MR,True,[1. 1. 1.],"(91, 218, 182)",False,4
CT_TotalSeg_muscles_s0543,79.27291989326477,13.74275279045105,12.437446117401125,13.964177370071411,12.821804761886597,12.971781015396118,13.334957838058472,3.313294547746338,2.999695878262909,0.8456438791038561,0.773885657006695,0.7540844824778674,0.8030723505151768,0.8225373855793718,0.8304398620580778,0.8359591852993719,0.8456438791038561,0.6647202327912466,0.7206971577565693,0.7432822723290289,0.750981234735222,0.7581409638170269,0.773885657006695,CT,False,[1.5 1.5 1.5],"(463, 301, 301)",True,20
MR_BraTS-T1n_bratsgli_0560,2.474415779113769,0.0,0.5062966346740723,0.5039234161376953,0.4890856742858886,0.4828064441680908,0.4923036098480224,0.0671803269105188,0.0,0.0213459161891922,0.0,0.0,0.0101098901098901,0.0104906136614607,0.0188247712878254,0.0221370388116914,0.0213459161891922,0.0,0.0,0.0,0.0,0.0,0.0,MR,True,[1. 1. 1.],"(78, 218, 182)",False,4
MR_Spider_225_t2_ivd,17.28008508682251,2.699758768081665,3.0956199169158936,2.784429788589477,2.9264450073242188,2.90136981010437,2.8724617958068848,2.990047161735112,3.357146297689196,0.7632983100990557,0.867039888831069,0.6776299686193396,0.7194545913837875,0.7392392836822782,0.7494800812877642,0.7599513460236483,0.7632983100990557,0.7529310746951907,0.8018286655855621,0.825710237152465,0.8395039230673298,0.8574978602610851,0.867039888831069,MR,False,[0.72916669 4.79999997 0.72916669],"(13, 384, 384)",True,6
US_Cardiac_patient0273_2CH_half_sequence,9.54329538345337,1.5411674976348877,1.5703980922698977,1.6355888843536377,1.5648493766784668,1.6180315017700195,1.61326003074646,2.870607483877963,3.2025042074761805,0.7228505415321521,0.8096451655483353,0.7069719766878365,0.6795737940900519,0.7229816866497522,0.7222165742468251,0.724197055170284,0.7228505415321521,0.7822407471643645,0.7833180236851506,0.797206127673039,0.8021978140328595,0.8066186711535388,0.8096451655483353,US,True,[0.308 0.308 1.   ],"(14, 292, 354)",True,3
MR_BraTS-T1n_bratsgli_0547,2.57948637008667,0.0,0.5281598567962646,0.5063261985778809,0.501152515411377,0.5103957653045654,0.533452033996582,0.4543192581009919,0.0,0.1650292431357861,0.0,0.0,0.0753451953958318,0.0823677935194276,0.08843824389068,0.1633260014250751,0.1650292431357861,0.0,0.0,0.0,0.0,0.0,0.0,MR,True,[1. 1. 1.],"(68, 218, 182)",False,2
PET_autoPET_psma_8b9bd3dbbb1553f1_2019-07-06,115.80468416213988,19.11182975769043,18.689594984054565,19.60035514831543,20.39103364944458,18.721067905426025,19.290802717208862,2.2676054532390166,2.7524160084679967,0.5819794061364744,0.7068359175112383,0.4879027471829748,0.526503497714071,0.5614743753420108,0.5715525700602729,0.5803370559114602,0.5819794061364744,0.5937688448074537,0.6392652663952607,0.6805563919133233,0.6948345434164176,0.7039744811850065,0.7068359175112383,PE,False,[4.0728302 4.0728302 2.       ],"(300, 200, 200)",True,41
CT_AbdomenAtlas_BDMAP_00003003,46.85163593292236,7.729084730148315,7.911380767822266,7.550571441650391,7.694745063781738,7.869585275650024,8.096268653869629,3.207390001701615,3.243137574831493,0.830242762790726,0.8486711156733304,0.7097776581612112,0.7628811801208936,0.7844425413880375,0.8057801827838343,0.8206053060739337,0.830242762790726,0.6705015986363083,0.7517791608971489,0.7909485404260644,0.8169778324725262,0.8349860636476625,0.8486711156733304,CT,False,[0.66601598 0.66601598 2.5       ],"(167, 356, 512)",True,12
CT_TotalSeg_organs_s0416,59.55507302284241,9.604434728622437,9.850109100341797,9.543781518936155,9.846163749694824,10.588137149810793,10.1224467754364,3.187051824847312,2.770817219335052,0.8085821831936301,0.7118624189828405,0.715737972982597,0.7698067161676585,0.792988221914011,0.799662341906829,0.805206811345827,0.8085821831936301,0.5951067528439257,0.6550696820477808,0.6848685905951694,0.6964155622812399,0.7060670159433321,0.7118624189828405,CT,False,[1.5 1.5 1.5],"(302, 212, 212)",True,19
CT_AbdTumor_PETCT_d8d9e52cd5,14.22625970840454,2.3564910888671875,2.3577022552490234,2.374281644821167,2.3574881553649902,2.4354913234710693,2.3448052406311035,2.9616295246646294,3.621465508064493,0.7450195239424451,0.9158563243175888,0.6507540442187142,0.7183972073799259,0.7417654189256627,0.7431686033593795,0.7449871367184017,0.7450195239424451,0.7829182272497273,0.8675197866078547,0.8967211935244354,0.915303526204827,0.917752732872508,0.9158563243175888,CT,False,[0.85742188 0.85742188 2.5       ],"(34, 512, 512)",True,5
CT_TotalSeg_cardiac_s0166,34.76980972290039,5.585604906082153,5.777249097824097,6.026799917221069,5.936668872833252,5.463289499282837,5.980197429656982,2.97874876055454,3.257873772553661,0.8117507169293972,0.8944921490002187,0.5641496598837803,0.6447967511011653,0.7162312686347238,0.7437263037866392,0.7905174541178961,0.8117507169293972,0.6233761271276531,0.6982138221394201,0.7803564746057766,0.8162794255096993,0.8648848868683658,0.8944921490002187,CT,False,[1.5 1.5 1.5],"(296, 321, 200)",True,11
MR_WMH_T1_Amsterdam_GE3T_108,16.858460903167725,2.909111499786377,2.786641836166382,2.8288354873657227,2.8359920978546143,2.747220039367676,2.750659942626953,1.1134973216097874,1.733486136888187,0.2746878904370334,0.4315676995136989,0.2210005537653172,0.270031170551852,0.2855181675714584,0.2801026874954347,0.2755169360484517,0.2746878904370334,0.371039065790762,0.4258033791927065,0.4336812405321775,0.4392222235217494,0.4318971334810578,0.4315676995136989,MR,False,[1.19998479 0.97659999 3.        ],"(12, 256, 132)",True,6
PET_autoPET_psma_ffa9445e55e2b071_2021-11-26,57.511496782302856,9.701836347579956,9.375359058380129,9.406354904174805,9.825573921203612,9.639379978179932,9.562992572784424,2.304275012536259,2.5988259484115863,0.6294398891932443,0.7091082157147268,0.4727310333482764,0.5037721908277512,0.5537736578925879,0.585789351242202,0.5981059633909714,0.6294398891932443,0.5172576011527426,0.5592190660737916,0.6283149792515298,0.661015708173606,0.6753316200921916,0.7091082157147268,PE,False,[4.0728302 4.0728302 5.       ],"(139, 168, 168)",True,21
CT_AbdomenAtlas_BDMAP_00008199,39.0525369644165,6.086045026779175,6.000208377838135,6.499824523925781,6.457078456878662,7.218462228775024,6.790918350219727,3.62065068945124,3.597874847112964,0.914230347808511,0.9137893794737966,0.8154619919876502,0.8668448458083334,0.90702622213264,0.9108726856637696,0.9122141848464076,0.914230347808511,0.7604486670487794,0.8427619497490568,0.9003625209819411,0.9080478324853556,0.91118882903424,0.9137893794737966,CT,False,[0.79882801 0.79882801 2.5       ],"(193, 350, 510)",True,10
CT_TotalSeg_organs_s0658,47.34021019935608,7.591737747192383,7.939511060714722,7.953577756881714,8.047436475753784,7.956765174865723,7.851181983947754,3.458718996016632,3.2237030576776293,0.8815833701215752,0.8287753152711927,0.7661592570726505,0.8303908024711846,0.8547108278506346,0.8708040740860412,0.8772170077835757,0.8815833701215752,0.6409503277970681,0.7630959979034739,0.7951702749751974,0.813362244677312,0.8192348814377868,0.8287753152711927,CT,False,[1.5 1.5 1.5],"(213, 247, 247)",True,16
CT_AbdomenAtlas_BDMAP_00008520,32.506887912750244,5.399402618408203,5.511049747467041,5.545698165893555,5.205060958862305,5.581263780593872,5.2644126415252686,3.4869210322837336,3.507722745023313,0.882128356643515,0.8880523623423162,0.8072378249477343,0.8533942478056981,0.8659553880795631,0.8748901821957463,0.8783141597838177,0.882128356643515,0.7804894495132066,0.8533366717132912,0.8715998103893897,0.8809826821232404,0.8844457354828793,0.8880523623423162,CT,False,[0.7578125 0.7578125 3.       ],"(97, 396, 512)",True,9
CT_AbdomenAtlas_BDMAP_00002816,30.52761030197144,4.955432891845703,4.710894823074341,5.419922590255737,5.072671413421631,5.170331001281738,5.198357582092285,3.260788802619809,3.438468240701012,0.8352691605878458,0.8944335322798349,0.748476361188516,0.7940204799515306,0.8073831970204275,0.813359323777699,0.8254014615519946,0.8352691605878458,0.7708162550901202,0.830287783877953,0.8469178213453012,0.8554082261872955,0.873781535089521,0.8944335322798349,CT,False,[0.78125 0.78125 5.     ],"(38, 376, 444)",True,10
CT_AbdTumor_HCC_064,6.392148494720459,1.0353257656097412,1.0233845710754397,1.0534510612487793,1.1847412586212158,1.0504255294799805,1.0448203086853027,3.2223386287759475,3.171671568249118,0.8133263416755487,0.8037635860990063,0.7560929706992617,0.7939811785309323,0.8032684467898019,0.8050364255019983,0.8103799963809069,0.8133263416755487,0.736162185465143,0.7789893675395032,0.7949355342338054,0.7862090339323478,0.79915052326371,0.8037635860990063,CT,True,[0.82031202 0.82031202 2.5       ],"(31, 512, 512)",True,2
MR_BraTS-T2w_bratsgli_1148,2.3881332874298096,0.0,0.4913904666900635,0.478968858718872,0.4662296772003174,0.4757583141326904,0.4757859706878662,0.0003865971501189,0.0,0.0001986412935521,0.0,0.0,3.6034737486937405e-05,4.543905486765875e-05,6.733099919202801e-05,0.0001564890805397,0.0001986412935521,0.0,0.0,0.0,0.0,0.0,0.0,MR,True,[1. 1. 1.],"(67, 218, 182)",False,4
MR_BraTS-T1n_bratsgli_0731,2.4865846633911133,0.0,0.5043199062347412,0.480060338973999,0.5003337860107422,0.4954276084899902,0.5064430236816406,0.0014523697855362,0.0,0.0,0.0,0.0,0.0017716753404938,0.0005665321152892,0.0,0.0,0.0,0.0,0.0,0.0,0.0,0.0,0.0,MR,True,[1. 1. 1.],"(68, 218, 182)",False,3
CT_TotalSeg_organs_s0431,64.14047574996948,9.68333339691162,10.73349928855896,11.601696968078612,10.48635482788086,10.952878475189207,10.68271279335022,3.4601151083015216,3.240283622354933,0.876412759844419,0.8278784702049566,0.7901589507372496,0.8432306711247284,0.8592590914810737,0.8673894963733207,0.8736448049625531,0.876412759844419,0.6828023696001407,0.7774616162808456,0.8024509175200046,0.813066163472133,0.8220964981198942,0.8278784702049566,CT,False,[1.5 1.5 1.5],"(235, 250, 250)",True,20
CT_TotalSeg_cardiac_s0117,24.729198455810547,4.177518367767334,4.293946981430054,4.022412061691284,4.1659157276153564,4.032449007034302,4.036956310272217,3.045704675857859,3.282275162343631,0.8222656544878886,0.8952738365005026,0.5101550338870151,0.654812865443226,0.727436963539399,0.7786693789204504,0.801059073432453,0.8222656544878886,0.5640709145370408,0.7034703136398756,0.7793017162751008,0.8380763906121604,0.8655249803861802,0.8952738365005026,CT,False,[1.5 1.5 1.5],"(242, 156, 259)",True,8
MR_Spider_239_t2_SPACE_spi,7.195251703262329,1.19287371635437,1.2019271850585938,1.189653396606445,1.21582293510437,1.1844677925109863,1.2105066776275637,3.06815469121306,3.107663311343221,0.7681158207456379,0.7804303357323958,0.7448163669334718,0.7631789770593586,0.7667270951864188,0.7677293837077946,0.7680508134163486,0.7681158207456379,0.7262301032607885,0.7651844069968204,0.7756039702229194,0.7789903863171292,0.7802615834385641,0.7804303357323958,MR,True,[0.89999998 0.46875    0.46875   ],"(102, 120, 640)",True,1
CT_AMOS_amos_0033,48.16643404960632,7.815742492675781,7.914337396621704,8.299768209457397,8.024394273757935,8.158978462219238,7.953213214874268,3.2884748334020264,3.5746801838150635,0.8367089540729389,0.9111727996468132,0.7399279375535531,0.804068870150752,0.8177050233637597,0.8221294769309484,0.8282514209954731,0.8367089540729389,0.8029245722095413,0.874850509081595,0.8853812420093072,0.89594608410619,0.9003412033353619,0.9111727996468132,CT,False,[0.78200001 0.78200001 5.        ],"(67, 512, 512)",True,15
MR_BraTS-T1n_bratsgli_0526,2.660118341445923,0.0,0.526879072189331,0.5297598838806152,0.531775712966919,0.5388531684875488,0.5328505039215088,0.5264927540581179,0.0,0.1746540195925983,0.0,0.0,0.0641850228622384,0.0924005522201175,0.1416077075203316,0.1730649730902503,0.1746540195925983,0.0,0.0,0.0,0.0,0.0,0.0,MR,True,[1. 1. 1.],"(50, 218, 182)",False,3
CT_AbdTumor_PETCT_f1ca0f7c4c,37.78781771659851,6.2632200717926025,6.281758785247803,6.401479244232178,6.4312074184417725,6.4020094871521,6.008142709732056,2.5910604261272785,3.3354851930375715,0.6507315076884047,0.8364625472943111,0.6414218347987265,0.6482072949271971,0.6451233608754232,0.64681382845921,0.6496538354848443,0.6507315076884047,0.8315069662652269,0.8425788440218379,0.8278802561292554,0.8313197591130556,0.8367644821371861,0.8364625472943111,CT,False,[0.90429688 0.90429688 1.        ],"(117, 512, 512)",True,11
MR_WMH_T1_Amsterdam_GE1T5_155,82.1084349155426,13.379718542099,13.562514305114746,14.091472625732422,13.507559776306152,13.880700588226318,13.686469078063965,1.129450204869071,1.8201081177064804,0.289394509703657,0.4655097566314963,0.2410669356184723,0.2703467825012726,0.2785057214304952,0.2832510142832949,0.2878228230528162,0.289394509703657,0.4013327312393747,0.4356782413246046,0.4419575068908185,0.4604995906586326,0.4670570211789788,0.4655097566314963,MR,False,[1.30011833 1.21089995 3.        ],"(24, 256, 128)",True,30
MR_BraTS-T2f_bratsgli_0384,2.474129199981689,0.0,0.4924330711364746,0.4799506664276123,0.4846189022064209,0.5148396492004395,0.5022869110107422,0.0008497716407314,0.0,0.0005271481286241,0.0,0.0,0.0001487608223498,0.0001625329129148,0.0002457002457002,0.0001035840066293,0.0005271481286241,0.0,0.0,0.0,0.0,0.0,0.0,MR,True,[1. 1. 1.],"(71, 218, 182)",False,4
MR_Spider_31_t1_vet,21.70681118965149,3.793035745620728,3.723922252655029,3.6051552295684814,3.4969844818115234,3.571485757827759,3.5162277221679688,3.0744232051437543,2.5727189927326077,0.7738476172298092,0.6369832046453248,0.6828789830656743,0.7540328511216745,0.7685919979842597,0.7712305683931737,0.7706604045905792,0.7738476172298092,0.6406820640846702,0.6607253829134353,0.6388409716412238,0.644321739260814,0.6407019880511897,0.6369832046453248,MR,False,[0.72916669 4.40000006 0.72916669],"(15, 384, 384)",True,8
CT_AbdTumor_hepaticvessel_441,5.9878926277160645,0.9772121906280518,0.9963619709014891,0.9877147674560548,0.9986374378204346,1.0111236572265625,1.0168426036834717,1.1540420706969987,1.1281991538626168,0.3664761331728841,0.4087850822481819,0.139749891329789,0.1895292943950662,0.2281687038872371,0.2921261229522635,0.3557445300735229,0.3664761331728841,0.0,0.0,0.2087297268456565,0.2997121458092682,0.4153647400836009,0.4087850822481819,CT,True,[0.83007801 0.83007801 5.        ],"(13, 512, 512)",True,2
CT_AbdTumor_case_00048,3.2706143856048584,0.5362122058868408,0.5539810657501221,0.5575120449066162,0.556171178817749,0.5695044994354248,0.4972333908081054,3.631050419682688,3.670715124868044,0.9084234414630892,0.9179886089288142,0.8956136925680073,0.9053773521730396,0.9072302855996256,0.9084234414630892,0.9084962958019088,0.9084234414630892,0.9084101636113908,0.9149684656250664,0.9172378464702944,0.9187422534886048,0.9182564876322048,0.9179886089288142,CT,True,[1.04100001 1.04100001 5.        ],"(9, 512, 512)",True,1
MR_Heart_la_009,3.872809171676636,0.6898531913757324,0.6915137767791748,0.6113314628601074,0.5973448753356934,0.6449611186981201,0.6378047466278076,3.384820889938827,2.8364021864418865,0.8538973596889441,0.7252501152848206,0.7894116129507804,0.7898633257403189,0.854841491250317,0.8541257617221278,0.8539732942517505,0.8538973596889441,0.5848088448652529,0.5903004513412481,0.7267512339605079,0.7263459609008568,0.7255297082674875,0.7252501152848206,MR,True,[1.25 1.25 1.37],"(78, 320, 320)",True,1
MR_heart-ACDC_ACDC_patient027_frame11_lvrv,5.4145801067352295,0.920063018798828,0.9231669902801514,0.8946270942687988,0.8814361095428467,0.913444757461548,0.8818421363830566,2.6206450828455647,2.7339435456058743,0.6765543864084009,0.695770647605742,0.5790997249963815,0.6009253845977486,0.648565295550938,0.6620522940877598,0.6712876077037926,0.6765543864084009,0.6171156787612396,0.6306802937279882,0.6897078096816884,0.6883946088452573,0.6926156564120638,0.695770647605742,MR,True,[ 1.3671875  1.3671875 10.       ],"(8, 256, 216)",True,2
PET_autoPET_psma_64a9ae45dc1a48f1_2019-04-27,122.98603534698486,19.68479561805725,19.493618726730347,21.382987022399902,20.4854748249054,21.411423921585083,20.527735233306885,2.914209477202529,3.324857178230736,0.7438495011215273,0.8472567400659744,0.6066807227647629,0.6887718320971279,0.7212449682820005,0.7364280244618664,0.740225817849335,0.7438495011215273,0.7054439898929078,0.7898394755561666,0.8247671840346498,0.8395185958176445,0.842023290567371,0.8472567400659744,PE,False,[4.0728302 4.0728302 2.       ],"(416, 200, 200)",True,43
CT_TotalSeg_muscles_s0915,75.35237455368042,11.105677366256714,12.373547315597534,12.182932138442991,13.69981074333191,12.87184762954712,13.11855936050415,3.51273454833905,3.2807731375307405,0.8911609541781819,0.8370066407775696,0.7751718432564795,0.8465527049388799,0.8704584889427315,0.8826671046267155,0.8907521252110729,0.8911609541781819,0.6891677879928073,0.7823808593245115,0.812439526123801,0.8242436957699258,0.8343961655859731,0.8370066407775696,CT,False,[1.5 1.5 1.5],"(423, 227, 227)",True,21
MR_Spider_147_t2_spi,9.23426604270935,1.5757315158843994,1.552785873413086,1.5564515590667725,1.5358669757843018,1.5426645278930664,1.4707655906677246,1.405926719044265,2.7101528493691704,0.4199129850158033,0.7666195309776308,0.3314262468642596,0.3349486529238958,0.3223882325689136,0.3540092816484688,0.352098385857033,0.4199129850158033,0.6379234750740421,0.6398047265819813,0.6391047688535578,0.6921891592038002,0.6756467925320064,0.7666195309776308,MR,True,[0.50488383 4.39762787 0.47268348],"(7, 611, 652)",True,1
Microscopy_SELMA3D_patchvolume_vessel_011_3_0_1,85.17271089553833,13.620270013809204,14.522860050201416,14.018470287322998,14.64159655570984,13.945892333984377,14.423621654510498,2.6054772895463625,3.435389453456517,0.6792632493074664,0.8861874957131224,0.5443329254862738,0.6134601325092722,0.6398857955118243,0.6497119968820185,0.66951780624415,0.6792632493074664,0.7698551813425626,0.8196778652670565,0.8440320476322797,0.8603459683983764,0.8780787569357719,0.8861874957131224,Mi,False,[1. 1. 1.],"(12, 250, 250)",True,31
MR_BraTS-T1n_bratsgli_0138,2.643779993057251,0.0,0.4916529655456543,0.5220260620117188,0.5036847591400146,0.5754144191741943,0.551001787185669,0.4159368908764504,0.0,0.1593691511358173,0.0,0.0,0.0433397068196303,0.0672595776662864,0.1076899527840902,0.1396329314483499,0.1593691511358173,0.0,0.0,0.0,0.0,0.0,0.0,MR,True,[1. 1. 1.],"(98, 218, 182)",False,3
CT_AbdTumor_case_00297,5.696974039077759,0.9830632209777832,0.9044480323791504,0.923631191253662,0.984375,0.9459946155548096,0.9554619789123536,3.258664130324507,3.5343242750500425,0.8285703259759825,0.9145925915529696,0.736518598267388,0.7887692967096079,0.8100000032221069,0.8137417955766871,0.8262525201829181,0.8285703259759825,0.7774230930100523,0.8526614987512915,0.8731593282790255,0.8781522621335602,0.8993856394853265,0.9145925915529696,CT,True,[0.74000001 0.74000001 5.        ],"(14, 512, 512)",True,2
CT_TotalSeg_organs_s1144,59.36270236968994,10.04534387588501,9.659055471420288,10.299134492874146,10.118881940841677,9.490516185760498,9.749770402908323,3.410603557842796,3.197274191706532,0.8628091973268563,0.8151968662537211,0.7806271876574136,0.8352634458097394,0.8500365552935042,0.852720874786496,0.8588098061944974,0.8628091973268563,0.7051841145406578,0.7742202181181017,0.794290150114628,0.8007078272891803,0.8075676721168115,0.8151968662537211,CT,False,[1.5 1.5 1.5],"(223, 228, 228)",True,20
MR_BraTS-T1n_bratsgli_0261,2.5518176555633545,0.0,0.4859886169433594,0.4837899208068847,0.4816999435424804,0.5067980289459229,0.593541145324707,0.7373588698348847,0.3476637314833508,0.2588546785026842,0.2327116865835538,0.0,0.0634233272495609,0.1570346528311555,0.1899985121494741,0.2291867019781325,0.2588546785026842,0.0,0.0,0.0,0.0,0.2313078881915738,0.2327116865835538,MR,True,[1. 1. 1.],"(88, 218, 182)",False,2
CT_TotalSeg_muscles_s0738,2.8070545196533203,0.5330743789672852,0.4477174282073974,0.4518046379089355,0.4491660594940185,0.4569306373596191,0.4683613777160644,3.629870560106309,3.9900166426432144,0.908385093167702,0.997209414754542,0.8741935483870967,0.9054263565891472,0.9067475360121304,0.9074074074074074,0.9088098918083464,0.908385093167702,0.9875738226401392,0.9972202702811136,0.9974802529376168,0.997663057692456,0.9976584894953135,0.997209414754542,CT,True,[1.5 1.5 1.5],"(15, 119, 119)",True,1
US_Cardiac_patient0266_4CH_half_sequence,11.552358865737917,1.9871971607208248,1.9371395111083984,1.926872730255127,1.9120230674743648,1.8845276832580569,1.9045987129211424,3.160488760704132,3.119197944175786,0.8009048331231071,0.7945987554476529,0.6974851079757448,0.7701468343983198,0.7839668924208542,0.7812805933355654,0.8097154411869988,0.8009048331231071,0.7209989539922487,0.7562152113285862,0.7710247622541174,0.7691596005523142,0.8036065979812349,0.7945987554476529,US,False,[0.308 0.308 1.   ],"(20, 422, 595)",True,3
PET_autoPET_fdg_68f73c4518_11-13-2004-NA-PET-CT Ganzkoerper  primaer mit KM-36034,3.723364591598511,0.5873234272003174,0.5986557006835938,0.6284282207489014,0.6209971904754639,0.6401262283325195,0.6478338241577148,3.798073687437032,3.385958030852229,0.9598749930241643,0.8708738391975906,0.6338119260121589,0.9220796614255484,0.9496798307087696,0.9525348525102024,0.9548816769932036,0.9598749930241643,0.3446375471162616,0.7609286311122188,0.851621780656371,0.8575924155205854,0.8608425995203676,0.8708738391975906,PE,True,[2.03642011 2.03642011 3.        ],"(64, 400, 400)",True,1
MR_BraTS-T1n_bratsgli_1024,2.4247491359710693,0.0,0.5167443752288818,0.474527359008789,0.4610688686370849,0.4931440353393554,0.479264497756958,0.1782353767231559,0.0,0.0421785817935571,0.0,0.0,0.0502841398312381,0.045979133967316,0.0413332160759827,0.0446916658674594,0.0421785817935571,0.0,0.0,0.0,0.0,0.0,0.0,MR,True,[1. 1. 1.],"(26, 218, 182)",False,1
MR_BraTS-T2f_bratsgli_0976,2.4564459323883057,0.0,0.4815192222595215,0.498295783996582,0.4938371181488037,0.4884943962097168,0.4942994117736816,0.0880577348233038,0.0,0.0335669175534215,0.0,0.0,0.0189887490550095,0.0135898426185188,0.0221472665945395,0.0260427923060298,0.0335669175534215,0.0,0.0,0.0,0.0,0.0,0.0,MR,True,[1. 1. 1.],"(54, 218, 182)",False,4
MR_BraTS-T1c_bratsgli_0351,2.5587475299835205,0.0,0.4880759716033935,0.4928040504455566,0.5200631618499756,0.5043234825134277,0.553480863571167,0.1213363185301614,0.0,0.055293520063856,0.0,0.0,0.0246292350217794,0.0239322727224805,0.0159763000581918,0.0414663682066713,0.055293520063856,0.0,0.0,0.0,0.0,0.0,0.0,MR,True,[1. 1. 1.],"(59, 218, 182)",False,3
CT_TotalSeg_muscles_s0627,33.412705183029175,5.446281433105469,5.722028255462647,5.247323989868164,5.560869932174683,5.702093601226807,5.734107971191406,3.391179305546318,3.3664782050534368,0.8756510399278521,0.8803891773464247,0.6328636897756303,0.7912301185787375,0.8376961090983065,0.8542417967162009,0.8658008204785161,0.8756510399278521,0.6301032119943202,0.7708787735673684,0.8254392847724126,0.8491152652558248,0.8662896795683029,0.8803891773464247,CT,False,[1.5 1.5 1.5],"(157, 264, 264)",True,11
MR_BraTS-T2w_bratsgli_0816,2.412360429763794,0.0,0.4936633110046386,0.4978468418121338,0.4803237915039062,0.462169885635376,0.4783565998077392,0.31802539258659,0.0,0.1376798057164207,0.0,0.0,0.0514776417831097,0.0447089541897322,0.0811558811558811,0.0975818334912114,0.1376798057164207,0.0,0.0,0.0,0.0,0.0,0.0,MR,True,[1. 1. 1.],"(64, 218, 182)",False,3
MR_BraTS-T1c_bratsgli_0873,2.6648521423339844,0.0,0.5342211723327637,0.5381605625152588,0.5270407199859619,0.5389430522918701,0.5264866352081299,0.0865167785066795,0.0,0.0231885443809614,0.0,0.0,0.0213071538951004,0.021877544203912,0.0205334616674687,0.0218579234972677,0.0231885443809614,0.0,0.0,0.0,0.0,0.0,0.0,MR,True,[1. 1. 1.],"(72, 218, 182)",False,3
MR_BraTS-T2w_bratsgli_0344,2.6201744079589844,0.0,0.5134282112121582,0.5190081596374512,0.5126509666442871,0.5308434963226318,0.544243574142456,0.0030850896358398,0.0,0.0018673023440603,0.0,0.0,0.0010016196402693,0.0,0.0016506286436749,0.0,0.0018673023440603,0.0,0.0,0.0,0.0,0.0,0.0,MR,True,[1. 1. 1.],"(59, 218, 182)",False,4
CT_TotalSeg_cardiac_s0129,17.077149152755737,3.1097300052642822,3.094535112380981,2.8242011070251465,2.7280259132385254,2.6438825130462646,2.676774501800537,3.2354974071791736,3.408910817721598,0.8465687573857618,0.9066520319017592,0.6648733573105895,0.747801985356385,0.7886172265346513,0.8197108272302551,0.8299839820431938,0.8465687573857618,0.6974374161277485,0.7808475827885406,0.8225729247803307,0.8621124317289471,0.8804756538671703,0.9066520319017592,CT,False,[1.5 1.5 1.5],"(147, 111, 50)",True,6
MR_BraTS-T1c_bratsgli_0082,2.514810085296631,0.0,0.4972248077392578,0.5093905925750732,0.5000309944152832,0.4998879432678222,0.5082757472991943,0.0013005954627027,0.0,0.0003198362438431,0.0,0.0,0.0002884171665897,0.0003111774956435,0.0003284287966368,0.0003568624652059,0.0003198362438431,0.0,0.0,0.0,0.0,0.0,0.0,MR,True,[1. 1. 1.],"(65, 218, 182)",False,4
CT_AbdomenAtlas_BDMAP_00003297,37.72874450683594,5.956010341644287,6.62203049659729,5.960330247879028,6.5534632205963135,6.240388631820679,6.39652156829834,3.4168183655538757,3.5827670907083204,0.8775414593130536,0.9272127394458946,0.7508972050928603,0.8074025464779515,0.8372259786379822,0.8639058746587308,0.8732145093616596,0.8775414593130536,0.768037991368255,0.8298239342415257,0.873938248933552,0.907598028193719,0.922712476737339,0.9272127394458946,CT,False,[0.78200001 0.78200001 5.        ],"(105, 298, 477)",True,12
MR_ProstateADC_ADC-ProstateX-0222,2.95015287399292,0.4690890312194824,0.4847967624664306,0.4803264141082763,0.4979047775268554,0.497169017791748,0.520866870880127,3.4944844142221654,3.6316915366390976,0.8860613071139387,0.9409595513112584,0.8402966178332429,0.8532839962997225,0.8661535573493524,0.8756407822289729,0.8830174229370094,0.8860613071139387,0.8170000365963292,0.8460137704891615,0.8908734199317162,0.9137366196998562,0.9335948361073154,0.9409595513112584,MR,True,[2. 2. 3.],"(10, 128, 84)",True,1
CT_AbdTumor_pancreas_010,4.182823181152344,0.7299458980560303,0.6813523769378662,0.7146732807159424,0.6765820980072021,0.6784026622772217,0.701866865158081,3.547689788489423,3.068193498179728,0.8964618392302679,0.7898029988196656,0.8109673052300215,0.8559513901939202,0.8803235206216378,0.8952548565744293,0.8959047965812621,0.8964618392302679,0.6205461968816876,0.7005744803617012,0.7509383653393323,0.7842639210639455,0.7878024721857667,0.7898029988196656,CT,True,[0.97656202 0.97656202 1.5       ],"(36, 512, 512)",True,1
MR_crossmoda_crossmoda2023_ldn_56_ceT1,12.063212394714355,1.9247980117797847,1.9862158298492432,2.0084590911865234,1.9853830337524412,2.034188270568848,2.124168157577514,2.9425436432038152,3.791879036586024,0.7460988073849625,0.9525472617163372,0.687060080507832,0.7091261680256702,0.7197043117251012,0.7449847870768552,0.750242056696542,0.7460988073849625,0.9190009225330902,0.9396245207807042,0.9353628380974782,0.9571293995582926,0.9533009076817324,0.9525472617163372,MR,False,[0.41015625 0.41015625 1.        ],"(19, 512, 512)",True,4
MR_ProstateT2_T2-ProstateX-0230_4,3.255794048309326,0.4863295555114746,0.5105390548706055,0.5609936714172363,0.5222377777099609,0.5631451606750488,0.612548828125,3.7539127634198537,3.97776303772069,0.9407404278684716,0.9976918600153744,0.9273459524768424,0.9371256851416842,0.9367429911998556,0.9378432827907964,0.9403934329241236,0.9407404278684716,0.9936723717446264,0.9917925068723558,0.9925739891864926,0.994065227329598,0.9963816377607349,0.9976918600153744,MR,True,[0.5625 0.5625 3.    ],"(13, 320, 320)",True,1
CT_AbdTumor_case_00466,3.1608433723449707,0.5688221454620361,0.5813395977020264,0.5105688571929932,0.4784526824951172,0.49403977394104,0.5276203155517578,3.151219161947937,3.4410137134341023,0.8195723970102555,0.8961265465604372,0.6598896802417735,0.7270581292416642,0.7685488636974158,0.7993076639332634,0.8100473711912978,0.8195723970102555,0.7229500156829236,0.7800847320239669,0.8409503865801643,0.8774359357951016,0.8845217517666344,0.8961265465604372,CT,True,[0.89999998 0.89999998 5.        ],"(12, 512, 512)",True,1
CT_AbdTumor_hepaticvessel_271,10.140843152999878,1.569122552871704,1.6991631984710691,1.7058801651000977,1.7461886405944824,1.6186466217041016,1.8018419742584229,2.12556924283237,1.9375366180354117,0.5336945389856306,0.4968078051928024,0.5042109371827027,0.5205760721220208,0.5290831074427528,0.5326480077616197,0.5367028220741719,0.5336945389856306,0.423047443119967,0.4533812146384001,0.4729099943881614,0.4869131856428004,0.5026189280888484,0.4968078051928024,CT,False,[0.71484399 0.71484399 1.5       ],"(53, 512, 512)",True,3
MR_BraTS-T1n_bratsgli_0530,2.674766063690185,0.0,0.5488274097442627,0.5128283500671387,0.5096530914306641,0.5790853500366211,0.524371862411499,0.9763800614911576,0.6959310069788717,0.3031126482213438,0.2424166613260098,0.0,0.1881432489111147,0.202664710915536,0.2561951561951562,0.2718922458142362,0.3031126482213438,0.0,0.0,0.1642040589978128,0.2002921784924543,0.2102264388255996,0.2424166613260098,MR,True,[1. 1. 1.],"(77, 218, 182)",False,2
CT_totalseg-vertebrae_s1127,70.61028027534485,11.19433069229126,11.330139875411987,12.079672813415527,12.350445032119753,11.922510385513306,11.733181476593018,3.7271665194425143,3.817263147648588,0.9363564592586842,0.961367454461077,0.8972766796374791,0.9241095698221794,0.929055125721978,0.9328239036218394,0.9350544755582652,0.9363564592586842,0.9062901940447656,0.9452731153801976,0.9496299686344865,0.9559425533814364,0.9583703407120276,0.961367454461077,CT,False,[1.5 1.5 1.5],"(377, 275, 275)",True,21
CT_AbdTumor_colon_171,3.2398743629455566,0.5586442947387695,0.5473740100860596,0.5120842456817627,0.5349128246307373,0.545076847076416,0.5417821407318115,2.927837335677722,3.210555325080412,0.7424997933827379,0.813306882014071,0.684997564539698,0.7050998895693203,0.7281315045097935,0.7356402504858562,0.740265739206043,0.7424997933827379,0.7235353436888168,0.7498478093195945,0.8028842747748273,0.8110781923220822,0.8150155123166697,0.813306882014071,CT,True,[0.73199999 0.73199999 5.        ],"(12, 512, 512)",True,1
CT_AbdomenAtlas_BDMAP_00002656,33.2488911151886,5.750244855880737,5.59253716468811,5.408108472824097,5.513455629348755,5.436811447143555,5.547733545303345,3.2808588846249003,3.4618135430082058,0.835026527345622,0.8811066382162057,0.7559641406123404,0.8036155818726843,0.8133294720790172,0.8180293234501912,0.8301790344865386,0.835026527345622,0.7966935433114812,0.8442306710576812,0.8573769766682542,0.8637891396501878,0.8779787720528203,0.8811066382162057,CT,False,[2.5       0.7421875 0.7421875],"(409, 383, 103)",True,10
MR_BraTS-T1n_bratsgli_0189,3.029836416244507,0.0,0.5877077579498291,0.6057004928588867,0.6005823612213135,0.6319079399108887,0.6039378643035889,0.6402145315216943,0.0,0.1803219444702578,0.0,0.0,0.0901952566651504,0.1581818463588885,0.1720829743760909,0.1746911102190106,0.1803219444702578,0.0,0.0,0.0,0.0,0.0,0.0,MR,True,[1. 1. 1.],"(98, 218, 182)",False,3
CT_TotalSeg_cardiac_s0934,60.807644844055176,9.341918230056764,10.60239052772522,9.889134645462036,9.863114595413208,10.617336750030518,10.493750095367432,2.4376292277414864,2.5808011634627013,0.6262868399836257,0.6639865516232653,0.517846267232287,0.5790124620912068,0.5956981410836721,0.6112856354380108,0.6279958001823868,0.6262868399836257,0.5543156624529602,0.6087462843557311,0.6309209470655132,0.6493553948540032,0.6641584035536865,0.6639865516232653,CT,False,[1.5 1.5 1.5],"(291, 293, 293)",True,18
CT_AbdTumor_case_00442,15.98302698135376,2.670156955718994,2.7200427055358887,2.836735486984253,2.660221099853516,2.50240159034729,2.5934691429138184,3.5733397919683,3.7591714691773968,0.9000080641924401,0.9534258391893246,0.8183070060556451,0.8724191951488139,0.8867380265192063,0.899920296794465,0.9004678389840017,0.9000080641924401,0.8024611725565988,0.9044892942816528,0.9307626888980536,0.9480538966007928,0.9513973169430616,0.9534258391893246,CT,False,[0.96289062 0.96289062 0.5       ],"(145, 512, 512)",True,3
CT_LNQ_LymphNode-0548,5.781106472015381,0.9572691917419434,0.9495830535888672,0.936338186264038,0.9341378211975098,0.9904215335845948,1.0133566856384275,3.136366895476029,3.8143576336208818,0.806517241644966,0.969221624888512,0.6630260622851931,0.743557715667249,0.7659396548187074,0.7915777985648573,0.8038119634363565,0.806517241644966,0.8490289903909248,0.9277541201181057,0.9400596403467814,0.962328268533926,0.9634818522368656,0.969221624888512,CT,True,[0.625 0.625 3.   ],"(19, 512, 512)",True,2
MR_BraTS-T2f_bratsgli_0264,2.413297653198242,0.0,0.4800524711608886,0.4749395847320556,0.4863572120666504,0.4813330173492431,0.4906153678894043,0.2032082054094711,0.0,0.0914149751102628,0.0,0.0,0.0193822839239129,0.0594399545241096,0.0668182462366982,0.0215513751315753,0.0914149751102628,0.0,0.0,0.0,0.0,0.0,0.0,MR,True,[1. 1. 1.],"(74, 218, 182)",False,2
MR_BraTS-T1c_bratsgli_0621,2.506619453430176,0.0,0.559359073638916,0.5264503955841064,0.4919805526733398,0.4503028392791748,0.4785265922546386,0.3364818478661161,0.0,0.1287988106169924,0.0,0.0,0.0293555671356609,0.0475285074710108,0.0982368564205945,0.111639295098184,0.1287988106169924,0.0,0.0,0.0,0.0,0.0,0.0,MR,True,[1. 1. 1.],"(84, 218, 182)",False,3
MR_BraTS-T1n_bratsgli_0231,2.445730209350586,0.0,0.4775953292846679,0.4828221797943115,0.4949891567230224,0.4929111003875732,0.4974124431610107,0.5084297291608146,0.0,0.1555687231471393,0.0,0.0,0.0961667030733893,0.1043717656897082,0.1286648433894947,0.1495254069713474,0.1555687231471393,0.0,0.0,0.0,0.0,0.0,0.0,MR,True,[1. 1. 1.],"(100, 218, 182)",False,3
MR_BraTS-T1c_bratsgli_1296,2.373281717300415,0.0,0.4633243083953857,0.4703466892242431,0.4923830032348633,0.4781439304351806,0.4690837860107422,0.0,0.0,0.0,0.0,0.0,0.0,0.0,0.0,0.0,0.0,0.0,0.0,0.0,0.0,0.0,0.0,MR,True,[1. 1. 1.],"(62, 218, 182)",False,4
CT_TotalSeg_muscles_s0329,59.24446606636048,8.963277578353882,9.985910177230837,10.435473203659058,9.961388111114502,10.24056100845337,9.657855987548828,3.497174767947034,3.0497766949036262,0.8873159185585248,0.7819530731445796,0.7876036213718238,0.8483658824005956,0.8654324137702115,0.8792410678670003,0.8846603858302626,0.8873159185585248,0.6508500639089996,0.7250388919266688,0.7525603045678669,0.7667260412630379,0.7769943665370972,0.7819530731445796,CT,False,[1.5 1.5 1.5],"(329, 329, 304)",True,16
MR_BraTS-T2f_bratsgli_0586,2.484046936035156,0.0,0.4807217121124267,0.4730615615844726,0.5133850574493408,0.5109684467315674,0.5059101581573486,0.4423274048105763,0.0,0.1011020875100524,0.0,0.0,0.1130908012535366,0.1340408479120028,0.1002273760800363,0.1009627364367425,0.1011020875100524,0.0,0.0,0.0,0.0,0.0,0.0,MR,True,[1. 1. 1.],"(64, 218, 182)",False,3
US_Cardiac_patient0258_2CH_half_sequence,13.379612684249878,2.261741876602173,2.1806063652038574,2.200305461883545,2.2457191944122314,2.2131776809692383,2.278062105178833,3.26036024305768,3.1051688957119508,0.8245248335950678,0.7839471050080716,0.7579760951031401,0.8029310019659848,0.8033130456781364,0.819676556743472,0.8236427228555446,0.8245248335950678,0.7246921423474612,0.7706058302764242,0.7664009419481644,0.7778394799258123,0.7836520061957263,0.7839471050080716,US,False,[0.308 0.308 1.   ],"(26, 552, 669)",True,3
MR_BraTS-T2f_bratsgli_0151,2.556431293487549,0.0,0.5077733993530273,0.5085537433624268,0.5049335956573486,0.5001072883605957,0.5350632667541504,0.0649769137137918,0.0,0.0187180202809563,0.0,0.0,0.0104283451675475,0.014993760723756,0.0192457063950979,0.0161642638706858,0.0187180202809563,0.0,0.0,0.0,0.0,0.0,0.0,MR,True,[1. 1. 1.],"(82, 218, 182)",False,3
MR_BraTS-T2f_bratsgli_0945,2.506795644760132,0.0,0.4960858821868896,0.496192455291748,0.5060479640960693,0.5012044906616211,0.5072648525238037,0.7662952193592962,0.3622555791712457,0.2849607337571594,0.2791385117859952,0.0,0.1552682355657436,0.1586998087954111,0.1585799289165768,0.2289009969858567,0.2849607337571594,0.0,0.0,0.0,0.0,0.2226863232782481,0.2791385117859952,MR,True,[1. 1. 1.],"(53, 218, 182)",False,2
CT_TotalSeg_muscles_s0509,50.01984906196594,8.074578762054443,8.00501537322998,8.530251026153564,8.217429876327515,8.792522668838501,8.400051355361938,2.9811412309184715,2.6261917505688457,0.75851518374645,0.6801163410541957,0.6752353235919935,0.7175712623958579,0.7428606881900041,0.7466677403384728,0.7535695793188406,0.75851518374645,0.565546819049421,0.6244119615357863,0.6462354755678363,0.65364201076185,0.6740501129441682,0.6801163410541957,CT,False,[1.5 1.5 1.5],"(315, 227, 227)",True,15
CT_AbdTumor_case_00496,8.335761308670044,1.4795212745666504,1.4635682106018066,1.3805766105651855,1.321342706680298,1.3501636981964111,1.3405888080596924,2.3167961204519867,2.603994575432024,0.5772306447402933,0.6381179278174747,0.5529594568818316,0.5691258139860972,0.5790502716298355,0.5846591066626771,0.5799085127962788,0.5772306447402933,0.6313957316559046,0.6551263491671523,0.667617166522502,0.6494054521621667,0.6403498182550414,0.6381179278174747,CT,True,[0.75 0.75 5.  ],"(11, 512, 512)",True,3
US_Cardiac_patient0214_4CH_half_sequence,12.4295814037323,1.891895294189453,1.900080919265747,2.186450242996216,2.151196241378784,2.171626567840576,2.1283321380615234,3.141344971564484,2.9097111171232672,0.7935699447452155,0.7387591778776024,0.7355324736739238,0.7666439984558598,0.7806666930843699,0.7890329415645665,0.7915383653150102,0.7935699447452155,0.6747897243635466,0.7066006296355898,0.7196012683226815,0.7313738519564242,0.7360560930875654,0.7387591778776024,US,False,[0.308 0.308 1.   ],"(27, 552, 669)",True,3
CT_TotalSeg_muscles_s0021,29.440203428268436,5.2023255825042725,5.095030784606934,4.485344171524048,4.71978235244751,5.052688121795654,4.885032415390015,3.244235094017605,3.038058503330897,0.8578236486001213,0.8006284195626003,0.6278690152694889,0.7390856855135535,0.7799960709072711,0.8234749644029231,0.8423093916505741,0.8578236486001213,0.5920060450369328,0.6899759959204291,0.7321560000677411,0.7743597806126532,0.7862405149089879,0.8006284195626003,CT,False,[1.5 1.5 1.5],"(218, 185, 185)",True,10
CT_AbdomenAtlas_BDMAP_00005187,32.84572410583496,5.023033618927002,5.641265153884888,5.5275719165802,5.573886871337891,5.558290719985962,5.5216758251190186,3.3674473033787424,3.470396686792359,0.854296126739513,0.8832902080809806,0.8182117213491527,0.8294097822016319,0.8392253736455373,0.834584418701756,0.8517845565608766,0.854296126739513,0.8274083763614664,0.844391094042052,0.8636746675597534,0.863801843659078,0.879079524512011,0.8832902080809806,CT,False,[0.81054699 0.81054699 2.5       ],"(91, 325, 484)",True,10
CT_AbdTumor_Adrenal_Ki67_Seg_025,3.98360824584961,0.6934957504272461,0.6442902088165283,0.6694822311401367,0.6640346050262451,0.6570065021514893,0.6552989482879639,3.5639002651495666,2.8095713361449435,0.9019095557623624,0.7413822259448956,0.7929643944592161,0.8675607668008238,0.8874833738898049,0.8928707356695289,0.8988109943086396,0.9019095557623624,0.5417157040280902,0.6235820683293422,0.6875505698678619,0.708621108238028,0.7309175109019345,0.7413822259448956,CT,True,[0.703125 0.703125 5.      ],"(32, 512, 512)",True,1
MR_Spider_170_t1_spi,5.00550651550293,0.8194360733032227,0.8352868556976318,0.8328583240509033,0.8282816410064697,0.8470194339752197,0.8426241874694824,2.251546764017471,3.442297920614779,0.5660485778062634,0.8841526764066109,0.5434567310976026,0.5637034955276241,0.5588303597572674,0.5555019563702631,0.5723384112229968,0.5660485778062634,0.7868202477048576,0.8306928912988266,0.8354329056558747,0.8644482800571969,0.8849939510489891,0.8841526764066109,MR,True,[0.62523884 3.29995467 0.625     ],"(10, 448, 448)",True,1
MR_ProstateADC_ADC-ProstateX-0294,2.601736545562744,0.4299495220184326,0.4290063381195068,0.4321904182434082,0.4387099742889404,0.4356198310852051,0.436260461807251,3.643533806854129,3.6779058459596503,0.9149445676274944,0.9389425777865654,0.8959959280624363,0.9075644798338238,0.9094606542882404,0.9086083340706008,0.9142102947646282,0.9149445676274944,0.8679627295173433,0.9075382018637984,0.9129573538672572,0.9088607679421452,0.9328473343250664,0.9389425777865654,MR,True,[2. 2. 3.],"(16, 128, 84)",True,1
CT_TotalSeg_organs_s0794,76.56816005706787,12.07576870918274,13.763201475143433,13.118573904037476,12.415817975997925,12.042170763015749,13.152627229690552,3.03052019575942,2.7768467554372025,0.7730096465601816,0.7184822781131258,0.6975174631072576,0.7351481560003724,0.7502589504199476,0.7579301710623539,0.7682521729968412,0.7730096465601816,0.5965125970121704,0.6591815672797837,0.682146346481788,0.695529585322054,0.7103389009369055,0.7184822781131258,CT,False,[1.5 1.5 1.5],"(407, 283, 283)",True,21
CT_TotalSeg_cardiac_s0188,22.49905562400818,3.876022577285767,3.698927640914917,3.511211633682251,3.3589346408843994,3.820383787155152,4.233575344085693,2.9864299252213966,3.2513521027380694,0.8641155172640248,0.9294603521487492,0.5158547643935958,0.6389594875926619,0.6998952771557054,0.7321339256585032,0.802863219978845,0.8641155172640248,0.6305169732903014,0.7131057971099174,0.7661978543662923,0.8011356279427024,0.8627355457997413,0.9294603521487492,CT,False,[1.5 1.5 1.5],"(167, 311, 311)",True,7
CT_TotalSeg_muscles_s0573,47.0715491771698,8.560428380966187,7.98981785774231,8.181064367294312,7.360957860946655,7.402745008468628,7.576535701751709,3.3346049568748897,2.9808804239131192,0.8453080017010766,0.7635765918691113,0.7242189511631333,0.8044224258942713,0.8292308683694724,0.83858105482735,0.8419278198803931,0.8453080017010766,0.6030149277520878,0.7032507062828783,0.739235458262094,0.7511278999277987,0.7571034166472315,0.7635765918691113,CT,False,[1.5 1.5 1.5],"(247, 224, 224)",True,15
CT_LungLesions_lung_006,4.746766805648804,0.7796063423156738,0.824662446975708,0.7627935409545898,0.8164641857147217,0.7244493961334229,0.8387908935546875,3.5422306279152447,3.8778805827458607,0.8855435358196535,0.9693924589708296,0.8732354199344076,0.8855526216522067,0.8854095756750624,0.885645136893057,0.8856278366111952,0.8855435358196535,0.9693178919058852,0.9702548018727029,0.9692666924804796,0.969397800872786,0.9693924589708296,0.9693924589708296,CT,True,[0.97656202 0.97656202 0.625     ],"(40, 512, 512)",True,1
CT_AbdomenAtlas_BDMAP_00000006,41.69803547859192,7.120656490325928,6.413992881774902,7.159722328186035,7.011906385421753,6.877414226531982,7.114343166351318,3.290055537774527,3.3913329751361307,0.8250643426662474,0.850128142475091,0.7950088321971761,0.8147099716785455,0.8212546081955147,0.8241096834419922,0.8248040889646232,0.8250643426662474,0.8080194350453587,0.8403444906374691,0.8461738207302307,0.8500788923115836,0.8498439455380362,0.850128142475091,CT,False,[0.78125 0.78125 2.5    ],"(192, 448, 512)",True,10
CT_TotalSeg_muscles_s0314,49.584903717041016,7.828900337219238,7.9458558559417725,8.234595775604248,8.750264406204224,8.26892638206482,8.556360960006714,3.416866744661376,3.0176267674774544,0.8648404799450541,0.7657234117288334,0.7828623354487879,0.8345145750913845,0.8481713717958985,0.8584918934552869,0.8605259518919712,0.8648404799450541,0.6493324511009199,0.7301842022077552,0.7467445630361904,0.7582587095675922,0.7646696879053778,0.7657234117288334,CT,False,[1.5 1.5 1.5],"(273, 299, 299)",True,15
US_Cardiac_patient0213_2CH_half_sequence,12.739184617996216,2.0683743953704834,2.2683656215667725,2.222052812576294,2.019939661026001,2.038058280944824,2.122393846511841,2.9713463274160468,3.0114435471588594,0.7436227095918074,0.7551965813526449,0.747339903762983,0.7411474814285826,0.7420156815470719,0.7433829504054854,0.7435625999532944,0.7436227095918074,0.7553117862678951,0.7496517051042012,0.751496977662728,0.7534856911688513,0.7540367350988566,0.7551965813526449,US,False,[0.308 0.308 1.   ],"(21, 422, 451)",True,3
MR_BraTS-T1n_bratsgli_0326,2.61775016784668,0.0,0.5529448986053467,0.5102343559265137,0.5311124324798584,0.5243303775787354,0.4991281032562256,0.3530534704729681,0.0,0.1771416138256869,0.0,0.0,0.0458992740881013,0.0547290605936774,0.0654820121344527,0.1213219537879437,0.1771416138256869,0.0,0.0,0.0,0.0,0.0,0.0,MR,True,[1. 1. 1.],"(86, 218, 182)",False,3
CT_LungMasks_lung_026,21.1449031829834,3.5187225341796875,3.2975292205810547,3.533774137496948,3.654930830001831,3.663374900817871,3.476571559906006,3.9225557916577536,3.919101219678439,0.9808663085336676,0.9815094378416844,0.9662049232842156,0.9788039031062884,0.9808046469098212,0.98095563418828,0.9809604047396744,0.9808663085336676,0.9226197516979064,0.9689039595372256,0.9804810722621028,0.9814637852472128,0.9819496634796682,0.9815094378416844,CT,False,[0.78125    0.78125    1.24449337],"(211, 512, 512)",True,2
MR_Head_HNTSMRG24_201_midRT_T2,5.620252132415772,0.8642704486846924,0.8889155387878418,0.8886666297912598,0.9038608074188232,1.0470564365386963,1.027482271194458,3.3039136460191942,3.9705548741017216,0.836473273725613,0.9972644394708596,0.826500037118147,0.81905034553468,0.8239213822600903,0.8267440929212131,0.8254863612077445,0.836473273725613,0.970873312332251,0.9870305308660456,0.991250067951138,0.9915577452241398,0.9955995757579912,0.9972644394708596,MR,True,[0.9848485  0.9848485  1.19999707],"(17, 528, 528)",True,2
CT_LNQ_LymphNode-0685,12.99978756904602,2.1463518142700195,2.185173988342285,2.1315243244171143,2.2082111835479736,2.138174533843994,2.190351724624634,3.197994580451513,3.9330437953886346,0.8034111538042564,0.9875773394155056,0.7578776603085694,0.7814271874936486,0.7976051860678074,0.8029065421393887,0.8050636815953649,0.8034111538042564,0.9536720076616227,0.9761369358593806,0.9772982319669058,0.9863447141562984,0.987543711627987,0.9875773394155056,CT,False,[0.67382812 0.67382812 2.        ],"(41, 512, 512)",True,4
CT_AbdomenAtlas_BDMAP_00003558,35.9586865901947,5.971646308898926,6.124953508377075,6.057468414306641,5.940836429595947,5.971749305725098,5.892032623291016,3.2546876154823607,3.515931219773445,0.8317614035405324,0.8927011397969374,0.7224456118284289,0.7716240525878555,0.8000829748962108,0.8216488198315637,0.8312630926903922,0.8317614035405324,0.7939896082689001,0.8429830442571169,0.8685378896202544,0.8841483318862674,0.8954029062398964,0.8927011397969374,CT,False,[5.        0.8984375 0.8984375],"(359, 335, 100)",True,11
PET_autoPET_fdg_ca89066e44_08-11-2005-NA-PET-CT Ganzkoerper  primaer mit KM-64009,8.969285488128662,1.5307776927947998,1.493279218673706,1.5075712203979492,1.4611430168151855,1.4960558414459229,1.4804584980010986,3.1430907558263907,2.5828571908743108,0.7841470850593565,0.6403882331536931,0.7822589176073179,0.782809755963186,0.7889246759691945,0.7865508429733657,0.7841368163725594,0.7841470850593565,0.6448323681173475,0.642019153487843,0.6534485847379647,0.6461569153969012,0.6420479974186769,0.6403882331536931,PE,True,[2.03642011 2.03642011 3.        ],"(48, 400, 400)",True,3
CT_LungLesions_LUNG1-060,16.984652519226074,2.7158281803131104,2.8080923557281494,2.801759719848633,2.9621431827545166,2.853721857070923,2.843107223510742,2.2845990394952143,2.4841508711475897,0.5824594810798869,0.6304075183343978,0.5391975580603077,0.5478835020878661,0.5700234798988243,0.5750995769182611,0.5743044910942525,0.5824594810798869,0.5917803367125273,0.6016956033859013,0.6200492490955559,0.6270045931310985,0.6210454680607858,0.6304075183343978,CT,False,[0.977 0.977 3.   ],"(86, 512, 512)",True,4
MR_BraTS-T2f_bratsgli_0693,2.5257318019866943,0.0,0.512305498123169,0.4852488040924072,0.5018014907836914,0.5248737335205078,0.501502275466919,0.8411775199482572,0.6053989311521115,0.2707496289861367,0.2609250326991502,0.0,0.0662205102823983,0.1770107780958371,0.238028528885717,0.2576531433324355,0.2707496289861367,0.0,0.0,0.0,0.2275064528723981,0.2474299619301382,0.2609250326991502,MR,True,[1. 1. 1.],"(68, 218, 182)",False,3
CT_TotalSeg_cardiac_s0263,23.84271669387817,4.069255590438843,3.9728152751922607,3.9367308616638175,3.935828685760498,3.938693046569824,3.9893932342529297,2.6906321371809714,2.980765860523211,0.6912245619386133,0.77473661120341,0.6008914197833105,0.6378967429194217,0.6611804298116721,0.67892413463054,0.6859669203097419,0.6912245619386133,0.6498366680144368,0.6939507012391842,0.7255890755634332,0.7554700796306165,0.7653630491078641,0.77473661120341,CT,False,[1.5 1.5 1.5],"(83, 171, 171)",True,9
Microscopy_SELMA3D_patchvolume_vessel_011_0_1_1,94.24059796333312,15.731884717941284,15.4999897480011,15.70777988433838,15.6429340839386,15.52042269706726,16.13758683204651,2.5401625624342934,3.624956800625728,0.6428975747026596,0.9176517038434452,0.5534084316061622,0.5987190813523557,0.6340880984910339,0.6423007375276177,0.6429653983881338,0.6428975747026596,0.8050776326741138,0.8590689121567989,0.90604876103158,0.91388007403797,0.9166676575560564,0.9176517038434452,Mi,False,[1. 1. 1.],"(13, 250, 250)",True,33
MR_BraTS-T2f_bratsgli_0049,2.458954095840454,0.0,0.4899535179138183,0.4972426891326904,0.4991748332977295,0.4824013710021972,0.4901816844940185,0.7667059885471696,0.5645706158256977,0.2607856810785681,0.2643191808380681,0.0,0.0601219498138478,0.1730140845070422,0.2019880112299871,0.2312500773639323,0.2607856810785681,0.0,0.0,0.0,0.2051370492044517,0.2272739762022118,0.2643191808380681,MR,True,[1. 1. 1.],"(44, 218, 182)",False,3
CT_TotalSeg_cardiac_s1357,21.85545587539673,3.568375825881958,3.5731759071350098,3.7116379737854,3.785714864730835,3.5714519023895264,3.645099401473999,3.182484172046904,3.4268027187087187,0.8632079809159833,0.9210407219072856,0.5205951847408475,0.6810861250167749,0.7682403742397733,0.8059614532024535,0.8361352916382981,0.8632079809159833,0.5922809966358756,0.754397384412754,0.8272414922770717,0.8644958796210304,0.8973462936505968,0.9210407219072856,CT,False,[1.5 1.5 1.5],"(139, 285, 285)",True,7
Microscopy_SELMA3D_patchvolume_vessel_006_1_1_0,54.06811237335205,9.138272762298584,8.701786756515503,8.554614543914795,8.750288009643555,9.363111972808838,9.560038328170776,2.7308671711883363,3.6837291028713017,0.7030793562266368,0.9383127208630856,0.5821506766360206,0.640792246677431,0.6750575848915317,0.684853785403309,0.6990199994414616,0.7030793562266368,0.8551916503449316,0.8882368929840843,0.9147445842063252,0.9204481411514932,0.9352615705898984,0.9383127208630856,Mi,False,[1. 1. 1.],"(12, 250, 250)",True,20
MR_BraTS-T2w_bratsgli_0305,2.341235399246216,0.0,0.4612324237823486,0.4553978443145752,0.4848535060882568,0.4665722846984863,0.4731793403625488,0.0646785095790202,0.0,0.0199655921767475,0.0,0.0,0.0357591928113595,0.0176805734240029,0.0150061881188118,0.0041293555421519,0.0199655921767475,0.0,0.0,0.0,0.0,0.0,0.0,MR,True,[1. 1. 1.],"(48, 218, 182)",False,2
MR_BraTS-T2w_bratsgli_0517,2.460604667663574,0.0,0.4767954349517822,0.4912934303283691,0.491487979888916,0.5001630783081055,0.5008647441864014,0.3572449405569281,0.0,0.1025592959983337,0.0,0.0,0.1006866338093432,0.0869895920587697,0.0836634511677603,0.0849689324265595,0.1025592959983337,0.0,0.0,0.0,0.0,0.0,0.0,MR,True,[1. 1. 1.],"(58, 218, 182)",False,3
MR_BraTS-T1c_bratsgli_0239,2.317168474197388,0.0,0.4589898586273193,0.4766616821289062,0.4528138637542724,0.4623358249664306,0.466367244720459,0.0528838544091209,0.0,0.005367231638418,0.0,0.0,0.0520551475325344,0.0081199847153228,0.0079511408158561,0.0081015392924655,0.005367231638418,0.0,0.0,0.0,0.0,0.0,0.0,MR,True,[1. 1. 1.],"(23, 218, 182)",False,4
US_Cardiac_patient0228_2CH_half_sequence,12.90503478050232,2.052584648132324,2.1496448516845703,2.1586227416992188,2.1868889331817627,2.133291482925415,2.2240021228790283,3.3394682162733824,3.2093827474933123,0.8353187464967791,0.8034039498119211,0.8449342547443788,0.8349540044979232,0.8333798161776514,0.8353373285964044,0.8356146960019754,0.8353187464967791,0.8075415418600578,0.8011758011103046,0.8005597072493379,0.8031482306819334,0.8033849341009281,0.8034039498119211,US,False,[0.308 0.308 1.   ],"(23, 552, 669)",True,3
MR_BraTS-T2f_bratsgli_0943,2.402139663696289,0.0,0.4771351814270019,0.478386640548706,0.4771966934204101,0.4798116683959961,0.4896094799041748,0.8015384978908638,0.6641329600613378,0.2623842735119281,0.2733187434457459,0.0,0.1176781266931654,0.1039360740908064,0.2452109680406306,0.26236025565688,0.2623842735119281,0.0,0.0,0.0,0.2519103974728978,0.2755631908655671,0.2733187434457459,MR,True,[1. 1. 1.],"(69, 218, 182)",False,3
MR_BraTS-T2f_bratsgli_0917,2.3747875690460205,0.0,0.4525227546691894,0.4660441875457763,0.4729804992675781,0.4957125186920166,0.4875276088714599,0.0300633281671384,0.0,0.0078365742216555,0.0,0.0,0.0058459458053778,0.0067640798631514,0.0077154439649535,0.0087425443255167,0.0078365742216555,0.0,0.0,0.0,0.0,0.0,0.0,MR,True,[1. 1. 1.],"(48, 218, 182)",False,3
CT_TotalSeg_muscles_s0760,48.2671685218811,7.803093671798706,8.004343271255493,8.035077095031738,8.256776332855225,8.64987850189209,7.517999649047852,3.296983131331793,2.97971696406006,0.8350070461871091,0.7634536289332059,0.7837600181225877,0.8164105388450547,0.816116706921194,0.8294913718034131,0.8256662600911043,0.8350070461871091,0.6884661823689506,0.7231814334326021,0.7316050280967379,0.7519758786903598,0.7528185260900581,0.7634536289332059,CT,False,[1.5 1.5 1.5],"(288, 247, 247)",True,15
CT_TotalSeg_cardiac_s0552,24.22870087623596,3.738787651062012,4.262937307357788,4.024194955825806,4.054099798202515,4.107155799865723,4.041525363922119,3.347842527976738,3.6900542609210927,0.8662736915921764,0.9598588922155584,0.6921322382532156,0.7858567057097616,0.8266335003863482,0.841951299028771,0.8531925299106496,0.8662736915921764,0.7450838971512534,0.858264707458494,0.9086343060531784,0.9294337357133085,0.9429244193175794,0.9598588922155584,CT,False,[1.5 1.5 1.5],"(91, 142, 118)",True,9
MR_BraTS-T2w_bratsgli_0159,2.409301519393921,0.0,0.4616494178771972,0.4661712646484375,0.4897491931915283,0.5058956146240234,0.4858360290527344,0.1702462136441031,0.0,0.0378682475349343,0.0,0.0,0.0326285923485264,0.0440628142647172,0.0572018460043721,0.0337331334332833,0.0378682475349343,0.0,0.0,0.0,0.0,0.0,0.0,MR,True,[1. 1. 1.],"(73, 218, 182)",False,3
CT_TotalSeg_cardiac_s0036,21.301644802093502,3.7087697982788086,3.8290646076202393,3.393256902694702,3.4130306243896484,3.4578306674957275,3.49969220161438,2.388798026922116,2.664866561822022,0.6123682015235021,0.6857725488549334,0.5409863266741153,0.5745799493908424,0.5852405888192391,0.6027511602392649,0.6073322024064398,0.6123682015235021,0.6034896900880738,0.6290572041410809,0.6500772642204644,0.6783294276787893,0.6790449934247617,0.6857725488549334,CT,False,[1.5 1.5 1.5],"(37, 121, 121)",True,8
CT_TotalSeg_muscles_s0542,58.244160175323486,8.7510244846344,9.6759991645813,9.866769552230837,10.317168235778809,9.701153993606567,9.932044744491575,3.267622370015769,2.946920637480454,0.8319538678625505,0.7592634840771466,0.7144350941462371,0.7761380974861081,0.8093040153764863,0.8241554971124189,0.8301168748525342,0.8319538678625505,0.6210855956865828,0.6994020820043335,0.7199983904194173,0.7432822460274334,0.7543072179928639,0.7592634840771466,CT,False,[1.5 1.5 1.5],"(311, 311, 232)",True,17
CT_AbdTumor_pancreas_210,3.049041509628296,0.4897689819335937,0.5222711563110352,0.5028543472290039,0.4968094825744629,0.5429902076721191,0.494347333908081,3.21255671196578,3.827012871818485,0.8306982872200264,0.9750853314753752,0.6190958848570849,0.7538586515028433,0.790080738177624,0.8124404950809266,0.8177570093457944,0.8306982872200264,0.7286319607329566,0.8908764126241415,0.9420238963131696,0.9750228700654896,0.9769852333900672,0.9750853314753752,CT,True,[0.88476598 0.88476598 2.5       ],"(7, 512, 512)",True,1
CT_AbdTumor_PETCT_0f44cec2e6,6.109668254852295,0.9949946403503418,1.009627103805542,0.9726736545562744,0.991626501083374,1.0550711154937744,1.0856752395629885,2.2234704610646143,2.6860132070614244,0.5260323408785444,0.6946610484605731,0.4066685339348423,0.4682990727681027,0.577587966689829,0.592838389471701,0.5558783980797607,0.5260323408785444,0.4404961012700279,0.5322871364549232,0.6670971507276382,0.6940397780131865,0.7114021858628514,0.6946610484605731,CT,True,[0.8984375  0.8984375  0.69999999],"(34, 512, 512)",True,2
MR_BraTS-T1c_bratsgli_0785,2.489751100540161,0.0,0.4545660018920898,0.5278022289276123,0.5289480686187744,0.4974648952484131,0.4809699058532715,0.0323904073097805,0.0,0.0194662553748364,0.0,0.0,0.0214163573424531,0.0,0.0035165041260315,0.0084325968251042,0.0194662553748364,0.0,0.0,0.0,0.0,0.0,0.0,MR,True,[1. 1. 1.],"(59, 218, 182)",False,2
MR_BraTS-T1n_bratsgli_0515,2.509505033493042,0.0,0.4914531707763672,0.4681165218353271,0.5153441429138184,0.5121479034423828,0.5224432945251465,0.2189356958280422,0.0,0.1190229007633587,0.0,0.0,0.040092262528832,0.0432614177640795,0.0452680093440242,0.050848687073843,0.1190229007633587,0.0,0.0,0.0,0.0,0.0,0.0,MR,True,[1. 1. 1.],"(33, 218, 182)",False,2
MR_BraTS-T1n_bratsgli_0179,2.669771194458008,0.0,0.5291550159454346,0.5150721073150635,0.5139768123626709,0.5064375400543213,0.6051297187805176,0.7229700849740102,0.0914097788639361,0.2031063655336911,0.1828195577278722,0.0,0.1249972549794672,0.1689210474502855,0.1925506447030138,0.1974465825641317,0.2031063655336911,0.0,0.0,0.0,0.0,0.0,0.1828195577278722,MR,True,[1. 1. 1.],"(90, 218, 182)",False,3
CT_TotalSeg_cardiac_s0487,41.421772480010986,6.763999223709106,6.890207290649414,6.644620656967163,7.10796332359314,6.909433603286743,7.10554838180542,3.094690393733074,3.27677228055411,0.793680608122871,0.8434876714570685,0.684636162817015,0.7447759982571724,0.7630677135223866,0.7767671061006458,0.7856272709200202,0.793680608122871,0.7096401565852039,0.7867684132993894,0.8055815776736788,0.8232405306444502,0.8328221298577517,0.8434876714570685,CT,False,[1.5 1.5 1.5],"(202, 214, 214)",True,14
MR_Spider_118_t2_ivd,24.973739862442017,4.1290812492370605,4.128542423248291,4.222046613693237,4.107109785079956,4.125372886657715,4.261586904525757,3.146365077283428,3.518579503177464,0.8051566142889464,0.90467183743838,0.6752864544512258,0.7615920216315463,0.7759278938350792,0.7900811055313841,0.7969817599567178,0.8051566142889464,0.7221542300514197,0.8367671294364427,0.8667642863373627,0.8859393937095013,0.8951563396931888,0.90467183743838,MR,False,[0.7064683  3.27631265 0.5859375 ],"(19, 427, 512)",True,8
MR_ProstateT2_T2-MSD-prostate_38,2.7591443061828613,0.4470851421356201,0.4457404613494873,0.4310705661773681,0.4511187076568603,0.5092594623565674,0.474869966506958,3.600865496066679,3.4171714069101244,0.899254285152693,0.8520159504705782,0.9101017930849956,0.9010666303921648,0.8982926329903612,0.9013972886755977,0.9010151166282911,0.899254285152693,0.8743082755402078,0.8554306177837648,0.8510440249692338,0.8570261383081623,0.8553779595055568,0.8520159504705782,MR,True,[0.625     0.625     3.5999999],"(19, 320, 320)",True,1
CT_TotalSeg_cardiac_s0506,15.104731559753418,2.506849765777588,2.496890068054199,2.5085787773132324,2.519595146179199,2.492016553878784,2.580801248550415,2.5163070606657274,2.7158907334596307,0.721542313000922,0.7701166844861219,0.3582211541396568,0.4593617051136681,0.5658126998751114,0.6625743317611178,0.697468019972203,0.721542313000922,0.4132285370954277,0.5181925264804047,0.615670990153301,0.7112365000377324,0.7448286377853337,0.7701166844861219,CT,False,[1.5 1.5 1.5],"(134, 231, 231)",True,5
MR_totalseg_mr_s0292,17.007667779922485,2.895402193069458,2.8277502059936523,2.8277928829193115,2.802299976348877,2.8097238540649414,2.844698667526245,2.8223956157340577,3.224042557075097,0.722877949601452,0.8275959174100941,0.6442106245699892,0.6758361449137186,0.6935591265521076,0.7112881927526585,0.7181912491717064,0.722877949601452,0.7693331198642902,0.7780340385231942,0.7870970170614952,0.8129764033772565,0.8211541586697005,0.8275959174100941,MR,False,[0.41670001 0.41670001 3.60000062],"(31, 384, 384)",True,6
CT_LungLesions_LUNG1-024,20.309277296066284,3.4407989978790283,3.155049562454224,3.241290807723999,3.519465684890747,3.577476978302002,3.375195264816284,1.85094347234,1.9927873325365184,0.4737850553046837,0.5104244160752379,0.429804933326354,0.4673872752644982,0.4660866130533385,0.4514568264027748,0.4628138675992951,0.4737850553046837,0.4165678199286942,0.5122819391420163,0.5159631092477442,0.4721671324064583,0.4933039132736884,0.5104244160752379,CT,False,[0.977 0.977 3.   ],"(78, 512, 512)",True,5
MR_BraTS-T1n_bratsgli_1105,2.361515045166016,0.0,0.4579341411590576,0.4680278301239013,0.4722583293914795,0.4736390113830566,0.4896557331085205,0.9124865892044904,0.7368831719150885,0.2652872893292535,0.2258145541593757,0.0,0.1283149480813765,0.2050596916137572,0.2387525680385956,0.2718732108468225,0.2652872893292535,0.0,0.0,0.1799198214138069,0.2142574464137703,0.2297986270078234,0.2258145541593757,MR,True,[1. 1. 1.],"(52, 218, 182)",False,2
CT_AMOS_amos_0313,53.77762794494629,8.829693078994751,9.1361243724823,8.727039575576782,9.444145679473875,8.496473550796509,9.14415168762207,3.455221549439396,3.5423796485195065,0.8757536223119292,0.9044126028031604,0.7455907179614497,0.8254813266495903,0.8631017609750574,0.8693280798406163,0.8721742341429627,0.8757536223119292,0.7402374922484608,0.8339008698169071,0.8816234465944813,0.8938825302785399,0.8977169353364518,0.9044126028031604,CT,False,[0.72460938 0.72460938 2.        ],"(155, 512, 512)",True,14
CT_TotalSeg_muscles_s0081,26.09404730796814,4.576730728149414,4.370165824890137,4.3174707889556885,4.300302982330322,4.301908016204834,4.227468967437744,3.337298326430456,3.1771118441368467,0.8553935224470945,0.8219974879163594,0.6727558979782845,0.78515298058284,0.8207352506228243,0.842469633346974,0.8538201909456902,0.8553935224470945,0.6032624403024328,0.7221126394583762,0.7791067700144114,0.8065700741099934,0.8193799363250739,0.8219974879163594,CT,False,[1.5        1.49999988 1.5       ],"(145, 153, 135)",True,9
CT_TotalSeg_muscles_s0226,29.914949893951416,5.219616651535034,4.98261284828186,4.759867429733276,4.922522068023682,4.984633922576904,5.045696973800659,3.1097183918543747,3.096733400129951,0.8182960382822864,0.8213806538134925,0.6387559940975384,0.7127227884761184,0.7576921020666986,0.7832197032383619,0.8032971731701118,0.8182960382822864,0.6123014335741882,0.7023879430748766,0.7491443984251223,0.777767873078961,0.8079368301816832,0.8213806538134925,CT,False,[1.5        1.5        1.50000012],"(154, 188, 190)",True,11
CT_TotalSeg_organs_s0353,34.51331853866577,5.624934196472168,5.850970506668091,5.791991949081421,5.530506610870361,5.652251958847046,6.062663316726685,3.1794665481946307,3.2468967396120414,0.8200871479920969,0.8497909559988108,0.7211118921290294,0.7629130908823831,0.7805889395029277,0.7977919162328236,0.8095855730216396,0.8200871479920969,0.7048792378765603,0.7641120233846083,0.7929833600220162,0.812849195608795,0.8341126942895207,0.8497909559988108,CT,False,[1.5        1.5        1.50000012],"(266, 129, 47)",True,12
CT_TotalSeg_cardiac_s1075,24.633391857147217,4.238593578338623,3.927854061126709,3.984149932861328,3.9041550159454346,4.089409589767456,4.489229679107666,3.5784405549421447,3.8509213104679336,0.9000982096819503,0.970441377332948,0.7936877830998841,0.8731714660713455,0.8894395534006176,0.8981614270741469,0.9042047365907318,0.9000982096819503,0.8365173331322927,0.940674899169917,0.9568443325046896,0.965376089832013,0.9731427498797984,0.970441377332948,CT,False,[1.5 1.5 1.5],"(98, 175, 175)",True,9
CT_TotalSeg_organs_s0676,28.01578688621521,4.783745050430298,4.645178318023682,4.647632837295532,4.705226421356201,4.760027170181274,4.473977088928223,3.00675730511873,2.964434650427509,0.7848568858454259,0.7943625966705954,0.6581610067693365,0.7053288501081344,0.7313767386317922,0.7604439476369771,0.7698437508731815,0.7848568858454259,0.5852941047353264,0.6631449779938674,0.7075855693491259,0.7528695863378628,0.7752257074082886,0.7943625966705954,CT,False,[1.5 1.5 1.5],"(38, 333, 333)",True,10
CT_LungMasks_LUNG1-377,13.38104248046875,2.2717177867889404,2.280076742172241,2.1830034255981445,2.2201430797576904,2.197682857513428,2.2284185886383057,3.809740648014012,3.4030250285432846,0.956296961104087,0.8560888415886203,0.9231983036245544,0.9384965326893178,0.951715911671426,0.954357182584138,0.9562708068617454,0.956296961104087,0.7507895660735421,0.8232186081103532,0.8494174686953069,0.8578362807062985,0.8561175542921928,0.8560888415886203,CT,False,[0.9765625 0.9765625 3.       ],"(106, 512, 512)",True,2
MR_BraTS-T1n_bratsgli_0442,2.8694071769714355,0.0,0.5374863147735596,0.5642991065979004,0.6125881671905518,0.5791981220245361,0.5758354663848877,0.1959149512168164,0.0,0.0715459707142145,0.0,0.0,0.047473236407835,0.0476552564993379,0.0339000608595439,0.0548500302969097,0.0715459707142145,0.0,0.0,0.0,0.0,0.0,0.0,MR,True,[1. 1. 1.],"(97, 218, 182)",False,2
MR_BraTS-T2f_bratsgli_1297,2.4854140281677246,0.0,0.4981255531311035,0.4796516895294189,0.5075509548187256,0.5088260173797607,0.4912598133087158,0.0240342481318587,0.0,0.0,0.0,0.0,0.0367728641623078,0.0023871774468568,0.0002459419576979,0.0030146966461499,0.0,0.0,0.0,0.0,0.0,0.0,0.0,MR,True,[1. 1. 1.],"(33, 218, 182)",False,3
CT_TotalSeg_muscles_s1197,26.614493370056152,4.26170825958252,4.3137712478637695,4.597796678543091,4.690221786499023,4.393667221069336,4.357328176498413,3.2971429319414574,3.325118696723649,0.8374130037879829,0.8493435476278081,0.6886917270224298,0.7781913791405541,0.8218415049755987,0.8319985689570712,0.8355006665445194,0.8374130037879829,0.6960934860102206,0.780373900079817,0.826333345914084,0.838781532705568,0.8451450942501846,0.8493435476278081,CT,False,[1.5 1.5 1.5],"(149, 227, 227)",True,9
PET_autoPET_psma_c76a99febb4bf130_2019-10-25,130.27563452720642,21.033164978027344,21.897862195968628,21.37132167816162,21.394591093063354,22.37655186653137,22.2021427154541,2.8003299801355563,2.8328677983547337,0.7183881237425506,0.7277152046323176,0.5842929574984576,0.6608193025615332,0.6939211845560603,0.7015971107452186,0.7152079716822358,0.7183881237425506,0.5679300077703875,0.6610248785573863,0.701332509294229,0.7143808807597763,0.7227843667058761,0.7277152046323176,PE,False,[2.734375   2.734375   3.26999998],"(234, 256, 256)",True,45
CT_AbdTumor_PETCT_7ed037687a,2.974050760269165,0.4750540256500244,0.4963045120239258,0.5026206970214844,0.4957711696624756,0.5029432773590088,0.5013570785522461,2.7858248372948493,3.2076391741406267,0.713246320466537,0.8367044611220965,0.7006640644801541,0.6824547421154503,0.6862945314272748,0.6958039988735567,0.7058757757030245,0.713246320466537,0.8253993214635084,0.7747081740467671,0.7798534899235415,0.802023303500395,0.8200560631322585,0.8367044611220965,CT,True,[0.8515625 0.8515625 2.5      ],"(9, 512, 512)",True,1
MR_BraTS-T2w_bratsgli_0166,2.5468993186950684,0.0,0.501495361328125,0.5102427005767822,0.5102214813232422,0.5141401290893555,0.5107996463775635,0.2428123186148472,0.0,0.0780387386544399,0.0,0.0,0.0291863000210985,0.0498340874811463,0.0614412011656047,0.0779245106303268,0.0780387386544399,0.0,0.0,0.0,0.0,0.0,0.0,MR,True,[1. 1. 1.],"(68, 218, 182)",False,3
MR_BraTS-T2f_bratsgli_1172,2.4989535808563232,0.0,0.4944131374359131,0.5038895606994629,0.4987099170684814,0.503598690032959,0.4983422756195068,0.0166577091531527,0.0,0.0102712874392347,0.0,0.0,0.002788599548903,0.0,0.0101277656590838,0.0,0.0102712874392347,0.0,0.0,0.0,0.0,0.0,0.0,MR,True,[1. 1. 1.],"(64, 218, 182)",False,4
MR_BraTS-T2w_bratsgli_0851,2.337507486343384,0.0,0.4589166641235351,0.4547457695007324,0.4573366641998291,0.4580683708190918,0.5084400177001953,0.0012198626000824,0.0,0.000428553936574,0.0,0.0,0.0004545179080055,4.849190185239065e-05,0.0003460207612456,0.0003838140146945,0.000428553936574,0.0,0.0,0.0,0.0,0.0,0.0,MR,True,[1. 1. 1.],"(45, 218, 182)",False,4
MR_Spider_11_t2_spi,9.006168842315674,1.652313470840454,1.575958251953125,1.4419772624969482,1.4056432247161863,1.4664044380187988,1.4638721942901611,1.3110543100799537,1.8548100756659969,0.4358831106351941,0.5755517033125936,0.2488819974843681,0.2698995847354478,0.2770154652437943,0.3058430234983604,0.375304473652478,0.4358831106351941,0.3889967855386333,0.4098149903488819,0.4155553094999248,0.4463683996099688,0.5002030197253652,0.5755517033125936,MR,True,[0.51091838 3.31244424 0.5859375 ],"(10, 589, 512)",True,1
MR_BraTS-T1c_bratsgli_0883,2.424753904342652,0.0,0.460350751876831,0.4966804981231689,0.4754285812377929,0.4658005237579345,0.5264935493469238,0.344191646276716,0.0,0.0932829410754166,0.0,0.0,0.0891319857312722,0.0848938144892722,0.0832131602841425,0.0848772080999569,0.0932829410754166,0.0,0.0,0.0,0.0,0.0,0.0,MR,True,[1. 1. 1.],"(44, 218, 182)",False,2
MR_ISLES2022_DWI_sub-strokecase0168,19.46631956100464,3.2262203693389893,3.147217035293579,3.1292266845703125,3.280259609222412,3.361367464065552,3.322028398513794,2.542648938998716,3.256130301045798,0.635607870729621,0.8139980153861508,0.5967235479753284,0.6202931693328325,0.6285776770099946,0.6453850686433579,0.6407356733141369,0.635607870729621,0.7821129302745977,0.8120689783488247,0.8115705310508133,0.817181563715787,0.8143447094117098,0.8139980153861508,MR,False,[2. 2. 2.],"(29, 112, 112)",True,7
CT_AbdTumor_pancreas_049,2.7148597240448,0.4542431831359863,0.4714505672454834,0.4465677738189697,0.4401240348815918,0.4571657180786133,0.4453084468841553,3.453119362593201,3.856257143548854,0.8937789203084833,0.977282802382394,0.7602195461620381,0.8130268879226196,0.8448826291079812,0.8649854510184287,0.8898483783512401,0.8937789203084833,0.8692433485170066,0.9279571417350624,0.9573109948050956,0.970603203656232,0.9757229730287984,0.977282802382394,CT,True,[0.80664098 0.80664098 2.5       ],"(7, 512, 512)",True,1
CT_TotalSeg_cardiac_s0627,28.40295791625977,4.658892869949341,4.822905778884888,4.69784140586853,4.795020818710327,4.739798069000244,4.688498973846436,3.2999874344231745,3.681318132181148,0.8339120775943089,0.9284253048208516,0.7422370853387403,0.7818806109824754,0.8236231281244931,0.8326474814500198,0.83582048056027,0.8339120775943089,0.8149845931255186,0.8651541238370843,0.9208507694256484,0.9319033742618552,0.9317742741646756,0.9284253048208516,CT,False,[1.5 1.5 1.5],"(100, 264, 264)",True,10
CT_TotalSeg_muscles_s1157,37.54448056221008,6.024786710739136,6.461193561553955,6.295013904571533,6.260540723800659,6.415953874588013,6.086991786956787,3.4572990744055407,3.64729804370126,0.8804306323158757,0.9312725326848756,0.7450962987307476,0.8321119506004105,0.8541669455272958,0.8690293091929574,0.8778315282271443,0.8804306323158757,0.7770971083706345,0.8746055853323282,0.900584448618292,0.9159442418905414,0.9278302941838248,0.9312725326848756,CT,False,[1.5 1.5 1.5],"(189, 253, 253)",True,12
CT_TotalSeg_cardiac_s1278,46.39490556716919,7.053094148635864,6.948635101318359,7.778616666793823,7.977707624435425,8.332332849502563,8.304519176483154,2.578444832378473,2.662552835403236,0.6796283180000273,0.7076359460865619,0.5087671359155084,0.6005793470406271,0.6194705515843584,0.6506915741241902,0.6681788741495968,0.6796283180000273,0.5136107009123932,0.6125301759931361,0.6405604086178053,0.6712607782427964,0.6906485875027852,0.7076359460865619,CT,False,[1.5 1.5 1.5],"(239, 304, 304)",True,14
US_Cardiac_patient0197_2CH_half_sequence,11.31572961807251,2.031608819961548,2.008105993270874,1.86509108543396,1.8092453479766848,1.7873122692108154,1.814366102218628,3.1874541691780047,3.2268462817820485,0.7930592346945694,0.8122093082169294,0.7151673338194146,0.775340016483668,0.7975735560310678,0.8044067875294081,0.8012742000284101,0.7930592346945694,0.7425175845793123,0.7801348864336827,0.806592129039822,0.811559860974629,0.8125221944422915,0.8122093082169294,US,False,[0.308 0.308 1.   ],"(16, 454, 551)",True,3
MR_heart-ACDC_ACDC_patient027_frame01_lvrv,5.68755841255188,1.006256103515625,0.9576282501220704,0.8856453895568848,0.8777556419372559,0.9772038459777832,0.9830691814422609,3.199760956656718,3.1928460136780465,0.8295376317041233,0.8398305398540169,0.7158689497197553,0.7607499693041233,0.7783273633939354,0.8046685104926519,0.8216212822660076,0.8295376317041233,0.7308053604771115,0.7605977684090854,0.7696801390935712,0.7960254671156529,0.8269262533372712,0.8398305398540169,MR,True,[ 1.3671875  1.3671875 10.       ],"(9, 256, 216)",True,2
MR_BraTS-T1n_bratsgli_0309,2.512760877609253,0.0,0.4973061084747314,0.5020232200622559,0.514960765838623,0.5222265720367432,0.4762442111968994,0.1374767556264021,0.0,0.0657552742616033,0.0,0.0,0.0444633467367769,0.0246214893236408,0.0254292193067703,0.0323167364968008,0.0657552742616033,0.0,0.0,0.0,0.0,0.0,0.0,MR,True,[1. 1. 1.],"(48, 218, 182)",False,3
Microscopy_SELMA3D_patchvolume_cfos_009_2_1_1,5.396529197692871,0.8928022384643555,0.8692677021026611,0.9065699577331544,0.8934733867645264,0.9418013095855712,0.8926146030426025,3.315819416538084,4.0,0.8019762845849803,1.0,0.8059322033898305,0.8476851851851852,0.8623283191628516,0.8300000000000001,0.7986603624901497,0.8019762845849803,1.0,1.0,1.0,1.0,1.0,1.0,Mi,True,[1. 1. 1.],"(25, 50, 50)",True,2
CT_TotalSeg_cardiac_s1342,14.677940845489502,2.4120311737060547,2.4519550800323486,2.3234751224517822,2.3338701725006104,2.606964349746704,2.549644947052002,3.220850359734279,3.483003013599024,0.8399848028449682,0.9223326442373796,0.5365292179108432,0.7312221256474646,0.7916371881924016,0.8118019823325936,0.8318077249630674,0.8399848028449682,0.5797102902769178,0.7807533882533633,0.8477145151088648,0.8796668471551122,0.9040786350896756,0.9223326442373796,CT,False,[1.5 1.5 1.5],"(82, 279, 279)",True,5
MR_BraTS-T1n_bratsgli_1187,2.641111135482788,0.0,0.5544190406799316,0.5621161460876465,0.5251193046569824,0.501889705657959,0.4975669384002685,0.4906166477282644,0.0,0.1959366471507546,0.0,0.0,0.0838282924156286,0.097234249548307,0.1180810537910776,0.135418874605688,0.1959366471507546,0.0,0.0,0.0,0.0,0.0,0.0,MR,True,[1. 1. 1.],"(83, 218, 182)",False,2
MR_heart-ACDC_ACDC_patient077_frame09_myo,2.265169620513916,0.0,0.4610676765441894,0.4439804553985595,0.4485166072845459,0.4677488803863525,0.4438560009002685,2.449304027192814,2.848202589703209,0.6743379571248423,0.7987664096809263,0.0,0.5479467320443528,0.6337481600428209,0.5406350914962325,0.6637784310691629,0.6743379571248423,0.0,0.6011769048787811,0.725273473009929,0.6409335572980644,0.7820239021153623,0.7987664096809263,MR,True,[ 1.40625  1.40625 10.     ],"(8, 256, 214)",False,1
MR_BraTS-T1c_bratsgli_0538,2.3723254203796387,0.0,0.4743285179138183,0.4602532386779785,0.4692888259887695,0.4736835956573486,0.4947712421417236,0.9087980537688044,0.6382758722610498,0.3818744820969078,0.3557559903733496,0.0,0.1175330071092235,0.2064721767231838,0.1987173351201301,0.2539047973224247,0.3818744820969078,0.0,0.0,0.2328010214027138,0.0,0.227596855671661,0.3557559903733496,MR,True,[1. 1. 1.],"(31, 218, 182)",False,1
Microscopy_SELMA3D_patchvolume_nuclei_004_0_1_1,294.0416736602783,46.85422396659851,47.35082459449768,47.38750100135803,48.09340310096741,49.74180507659912,54.61391592025757,2.9986017859206755,3.731977252739485,0.7662013580474173,0.9468464196705516,0.7005319933246907,0.7282614308726286,0.7405617449867434,0.748992922395247,0.7618157240786624,0.7662013580474173,0.9096498207240926,0.9195498093157932,0.926454086888955,0.9286632214896328,0.9436618298677244,0.9468464196705516,Mi,False,[1. 1. 1.],"(34, 100, 100)",True,106
MR_BraTS-T1c_bratsgli_1122,2.3954780101776123,0.0,0.4601149559020996,0.4712750911712646,0.4857244491577148,0.4839541912078857,0.4944093227386474,0.0002687927140295,0.0,0.0001285512276642,0.0,0.0,0.0001720252533071,0.0,0.0,0.0001185044735438,0.0001285512276642,0.0,0.0,0.0,0.0,0.0,0.0,MR,True,[1. 1. 1.],"(40, 218, 182)",False,3
PET_autoPET_fdg_b327726c24_08-27-2000-NA-PET-CT Ganzkoerper  primaer mit KM-56109,36.02638125419617,5.961181163787842,5.91500186920166,6.071866512298584,6.209116220474243,5.903528690338135,5.965686798095703,2.9342821134733628,1.9907319449509884,0.7357537027385869,0.500058888799081,0.7496577205436261,0.7311536405423449,0.7315639272438498,0.7340340152254877,0.7352304993635591,0.7357537027385869,0.5299962421160267,0.4952250684331973,0.4958619568376387,0.497575918516735,0.4996520909804752,0.500058888799081,PE,False,[2.03642011 2.03642011 3.        ],"(116, 400, 400)",True,12
MR_BraTS-T1c_bratsgli_0433,2.4036309719085693,0.0,0.471787691116333,0.4984467029571533,0.4770290851593017,0.4821321964263916,0.4742352962493896,0.0721981620703193,0.0,0.0180315164040299,0.0,0.0,0.0190383581974973,0.0178612910719355,0.0177713488660432,0.0180305848315767,0.0180315164040299,0.0,0.0,0.0,0.0,0.0,0.0,MR,True,[1. 1. 1.],"(39, 218, 182)",False,1
CT_AbdomenAtlas_BDMAP_00000915,40.4054856300354,6.185841083526611,5.936940431594849,6.677048921585083,7.173285484313965,7.397685766220093,7.0346839427948,3.333408683100672,3.398480775040683,0.8343483674526421,0.8515416556900423,0.7909586131468327,0.8286628509842563,0.8346688801475675,0.8333400786486677,0.8338941150859878,0.8343483674526421,0.7887530710711966,0.8401896651321502,0.8509652573954701,0.8504436224186134,0.851206234815503,0.8515416556900423,CT,False,[0.97656202 0.97656202 2.5       ],"(113, 378, 460)",True,12
MR_BraTS-T1n_bratsgli_0495,2.6003568172454834,0.0,0.4942512512207031,0.5548615455627441,0.5310235023498535,0.5125186443328857,0.5077018737792969,0.0216324696729153,0.0,0.0051995421298721,0.0,0.0,0.0065245097106769,0.0053325576885786,0.0052382430544777,0.0051996430095844,0.0051995421298721,0.0,0.0,0.0,0.0,0.0,0.0,MR,True,[1. 1. 1.],"(63, 218, 182)",False,2
MR_Spider_132_t1_spi,3.748847723007202,0.6286201477050781,0.6216058731079102,0.6086375713348389,0.6262962818145752,0.6498620510101318,0.613825798034668,0.6926955729411698,0.0,0.1943086646533204,0.0,0.1405467011596143,0.1479834475943425,0.1655363420090189,0.1809415918012487,0.1750715830070706,0.1943086646533204,0.0,0.0,0.0,0.0,0.0,0.0,MR,True,[1.0625    4.7999999 1.0625   ],"(8, 320, 320)",True,1
CT_AMOS_amos_0405,56.25216579437256,8.681931495666504,9.387653827667236,9.52693510055542,9.022740840911863,9.854356050491331,9.7785484790802,3.1539616531590555,3.324503916042537,0.8134520822671377,0.8639735120470752,0.6721767864256215,0.730468429375008,0.7756560406699308,0.7962222852519562,0.8101230714160956,0.8134520822671377,0.7174741741173609,0.7650559414881108,0.8167132981818944,0.8404976066857657,0.852778284407284,0.8639735120470752,CT,False,[0.58854169 0.58854169 5.        ],"(69, 768, 768)",True,15
CT_TotalSeg_organs_s0366,56.15161895751953,9.371268033981323,9.842387199401855,9.31299090385437,9.248310804367064,8.622668743133545,9.753993272781372,3.5733983704510868,3.490068516382233,0.9065354907344844,0.8933198093382038,0.8219874659752191,0.8641557025679585,0.8876584132142069,0.8961149800653696,0.904279380520289,0.9065354907344844,0.7647123893072479,0.8242257217982659,0.8624536909271885,0.8788478989593345,0.8899941609274749,0.8933198093382038,CT,False,[1.5 1.5 1.5],"(234, 325, 325)",True,17
US_Cardiac_patient0276_2CH_half_sequence,12.915225267410278,2.108073711395264,2.1008999347686768,2.2705862522125244,2.133565902709961,2.1538491249084477,2.1482503414154053,2.8280059353706486,2.875719688840212,0.7334954511835262,0.7399032771931022,0.6792820350449394,0.6707244017314614,0.6963542819026682,0.6942042967790059,0.735337430231481,0.7334954511835262,0.7119631022705133,0.6865114240613478,0.7142205783776451,0.7026569860124244,0.7456347738229173,0.7399032771931022,US,False,[0.308 0.308 1.   ],"(19, 422, 595)",True,3
MR_totalseg_mr_s0227,53.998374462127686,9.12654423713684,8.935633659362793,8.635554552078247,9.353217363357544,8.771025896072388,9.176398754119871,2.889455017309676,3.3513889010329008,0.7395811746940567,0.8526792497123837,0.6500566470817459,0.6882945476622219,0.7072924084295745,0.732251299615084,0.735973448086878,0.7395811746940567,0.7754290527791917,0.8029671730272279,0.8246453557147395,0.8468859364886921,0.8520343974596636,0.8526792497123837,MR,False,[3.00000024 0.625      0.625     ],"(342, 320, 24)",True,18
US_Cardiac_patient0052_4CH_half_sequence,11.61890435218811,1.8722593784332275,1.9601330757141116,1.935421705245972,1.890939235687256,1.9097340106964111,2.050416946411133,2.813099308545836,3.146741274907276,0.7070768626575298,0.7875700802719713,0.6914871502401292,0.7016873112645162,0.6996519455329913,0.7028376394314386,0.7062276366203837,0.7070768626575298,0.7692749759940952,0.7801634704821444,0.7862352495237683,0.7883762862305698,0.7882629637758799,0.7875700802719713,US,False,[0.308 0.308 1.   ],"(9, 584, 708)",True,3
MR_heart-ACDC_ACDC_patient098_frame01_lvrv,5.635280609130859,0.9025328159332277,0.8944621086120605,0.8896346092224121,0.9397854804992676,1.0079066753387451,1.0009589195251465,3.4038819795152104,3.477090516964613,0.8568714280768156,0.87421860665031,0.8256117647504688,0.8394817080438834,0.84476907867801,0.8546363476128853,0.8562999851639653,0.8568714280768156,0.8320639892304373,0.8494154646023782,0.8598161517732197,0.8779142640818522,0.8775430654831966,0.87421860665031,MR,True,[ 1.25  1.25 10.  ],"(7, 256, 216)",True,2
MR_BraTS-T2f_bratsgli_0075,2.2495689392089844,0.0,0.4333622455596924,0.4488987922668457,0.4297599792480469,0.4430923461914062,0.4944555759429931,0.988111928092418,0.8746558313772644,0.2880615687062976,0.2866036906242862,0.0,0.1893357921318448,0.2232197207313956,0.24658912483422,0.279604402107731,0.2880615687062976,0.0,0.0,0.2270655162208174,0.2371134635335028,0.2671750063108011,0.2866036906242862,MR,True,[1. 1. 1.],"(44, 218, 182)",False,3
CT_TotalSeg_organs_s0494,62.81096267700195,9.363698482513428,10.322103261947632,10.939446449279783,10.625786542892456,10.717395544052124,10.842532396316528,3.101755109945634,2.862096677160728,0.7870358514940647,0.7335052882410226,0.6763992045326696,0.7463392991403632,0.7707218558844013,0.7802486014874802,0.7840970772565392,0.7870358514940647,0.6103531218074681,0.6780007597223164,0.7078345154057378,0.7230832449318717,0.7254258928414488,0.7335052882410226,CT,False,[1.5 1.5 1.5],"(405, 233, 233)",True,20
CT_AbdTumor_case_00050,8.551997423171997,1.373612403869629,1.344970941543579,1.402193307876587,1.5850489139556885,1.4305579662322998,1.415613889694214,3.02524946531363,3.506877734908689,0.7792044599276006,0.9051862583054028,0.6697815326012431,0.7088789275112286,0.7481278170264792,0.7607569211459886,0.7723230334217478,0.7792044599276006,0.7905354664232623,0.8284300636266132,0.8634630687393642,0.8802095640363327,0.8963969411669842,0.9051862583054028,CT,True,[0.68945301 0.68945301 2.5       ],"(11, 512, 512)",True,3
MR_heart-ACDC_ACDC_patient119_frame09_lvrv,5.2924964427948,0.863368034362793,0.869140625,0.8812398910522461,0.8809750080108643,0.882594108581543,0.9151787757873536,3.5153500841372303,3.4286409561767117,0.8835214170580641,0.8589602308286028,0.8386436490057011,0.8520170898330375,0.8771835658737557,0.8865923278454321,0.883804936972492,0.8835214170580641,0.8196880177466874,0.8197888320856166,0.8550212204262571,0.8745838211040142,0.85966138318933,0.8589602308286028,MR,True,[1.68269002 1.68269002 5.        ],"(13, 208, 174)",True,2
CT_TotalSeg_muscles_s0693,23.928739309310917,4.143123865127564,3.8583948612213135,3.807714700698853,3.879660606384277,3.981407403945923,4.258437871932983,3.5769423295294613,3.563088915337817,0.8965200592152358,0.8944098824000665,0.8594236305202906,0.8786024185958472,0.8943818647147734,0.8958561099040487,0.8991431160050981,0.8965200592152358,0.8512617437442231,0.8743995749016735,0.8886237333940015,0.8944274823600212,0.895632970932924,0.8944098824000665,CT,False,[1.5 1.5 1.5],"(65, 232, 232)",True,9
CT_AbdomenAtlas_BDMAP_00000454,47.53368902206421,7.427840232849121,7.794604301452637,7.877557754516602,8.186959028244019,8.350998163223267,7.895729541778564,2.1760917689458035,2.272425429787027,0.5597096550958658,0.5850022889412707,0.4894350647265403,0.5194077991459298,0.527092370078484,0.5508029495798327,0.5586377221665892,0.5597096550958658,0.508981818355885,0.5412904073405281,0.5490846410846797,0.576678824502888,0.58351561605856,0.5850022889412707,CT,False,[0.80273438 0.80273438 2.5       ],"(213, 483, 487)",True,11
PET_autoPET_fdg_caae8d63f0_01-26-2004-NA-PET-CT Ganzkoerper  primaer mit KM-22032,39.55070376396179,5.689738512039185,6.799391984939575,6.725839853286743,7.045384168624878,6.685835599899292,6.604513645172119,2.937710973760746,2.7249415551278062,0.7600290589454637,0.7014196448338988,0.612319244997633,0.7172733095695868,0.7217660003811215,0.7481692890182804,0.7291245001038186,0.7600290589454637,0.5098274546276601,0.6496779644478843,0.6747496173678559,0.6908916165201087,0.6837515165989497,0.7014196448338988,PE,False,[2.03642011 2.03642011 3.        ],"(188, 400, 400)",True,11
CT_AbdTumor_hepaticvessel_379,3.2022953033447266,0.5722997188568115,0.5139815807342529,0.5205457210540771,0.5347881317138672,0.5326342582702637,0.5280458927154541,2.887108879390944,3.394477933282162,0.7849522740033689,0.9372538048324216,0.5297150610583446,0.5872263141963475,0.6826051112943117,0.7346832135858916,0.7837312604108828,0.7849522740033689,0.5796013886347157,0.665257742781054,0.7971701524754836,0.8566766456610605,0.93937536133888,0.9372538048324216,CT,True,[0.77734399 0.77734399 1.5       ],"(9, 512, 512)",True,1
CT_LungMasks_LUNG1-013,11.750651597976685,1.8740389347076416,1.8787355422973635,2.0118520259857178,2.05090880393982,1.948092222213745,1.9870240688323972,3.855173268135687,3.682081339191048,0.964000053549308,0.9219327483742876,0.947234051038734,0.9627806773395078,0.963821280126244,0.9639605789769954,0.9640010435880396,0.964000053549308,0.7980989174576516,0.9137430307494664,0.9207095639200646,0.9216552374690156,0.9218786482400908,0.9219327483742876,CT,False,[0.9765625 0.9765625 3.       ],"(90, 512, 512)",True,2
CT_totalseg-vertebrae_s0885,66.39768767356873,11.086249351501465,11.469103574752808,10.116354942321776,11.056504011154177,11.2977614402771,11.3717143535614,3.42653386286214,3.514505941969839,0.8626570983494106,0.8840250180578997,0.8113142704746057,0.8343202812379374,0.8566454418790531,0.859434928890478,0.8619648022989349,0.8626570983494106,0.8382533130656485,0.8616018215338045,0.8775684484419776,0.8808367915253956,0.8832872822066131,0.8840250180578997,CT,False,[1.5 1.5 1.5],"(423, 259, 259)",True,20
CT_TotalSeg_organs_s1332,53.859068155288696,8.268497943878174,8.794970989227295,9.212740659713743,9.240517377853394,9.41046404838562,8.931877136230469,3.210499491363677,2.949392383480109,0.8193634130610675,0.764653450121193,0.7143440232295909,0.7747058236787776,0.7919900155296941,0.806024027542747,0.815450829921313,0.8193634130610675,0.6113326334356057,0.695267329613515,0.7189672458900994,0.7419362822870156,0.7585284654356405,0.764653450121193,CT,False,[1.5 1.5 1.5],"(253, 221, 221)",True,19
MR_heart-ACDC_ACDC_patient137_frame01_myo,2.171828031539917,0.0,0.4346528053283691,0.4293258190155029,0.4290714263916015,0.4371099472045898,0.4416680335998535,1.6232869872136606,2.337496936847306,0.5848676639815881,0.7193662121979744,0.0,0.282958984375,0.3334590404357846,0.3774193548387097,0.4784952677608721,0.5848676639815881,0.0,0.4855402802499539,0.5266552672728309,0.5729520630281523,0.6354363603223587,0.7193662121979744,MR,True,[ 1.36719  1.36719 10.     ],"(7, 256, 216)",False,1
CT_AbdTumor_PETCT_5255c79083,35.2503182888031,5.577207326889038,6.008704423904419,6.0519936084747314,5.8140904903411865,5.994715929031372,5.8036065101623535,2.411523437378438,2.489789095619859,0.6133671854260865,0.6360932339047386,0.5634590020557999,0.5832763686974111,0.5916753904386874,0.6071256845238383,0.6144005853541636,0.6133671854260865,0.569305104712426,0.600251777697474,0.6136705702423961,0.6241850228948504,0.6337609966815063,0.6360932339047386,CT,False,[0.81054688 0.81054688 1.        ],"(144, 512, 512)",True,9
MR_ProstateADC_ADC-ProstateX-0170,2.8531248569488525,0.4528970718383789,0.4567282199859619,0.4907519817352295,0.4964683055877685,0.4813613891601562,0.4749178886413574,3.690593994392165,3.819020277924314,0.9236355868845456,0.9583283755159008,0.9171745429113798,0.92770088824623,0.9231591322004916,0.9211146838156484,0.920651940810637,0.9236355868845456,0.923782788727195,0.9572611571622044,0.9531309629293117,0.9533183165806554,0.9547762320752944,0.9583283755159008,MR,True,[2.         2.         2.99999857],"(15, 128, 84)",True,1
CT_TotalSeg_muscles_s0868,30.8634090423584,5.328027963638306,5.288428783416748,4.9966349601745605,5.029603958129883,4.839075088500977,5.381638288497925,3.2406584787500203,3.2937986262790524,0.8390539716371829,0.8694868512352688,0.6292352912689282,0.7407935249311047,0.7976924899378365,0.8218927038053565,0.8311495367226833,0.8390539716371829,0.6157967548302186,0.7437617419085257,0.8020515611748936,0.8294252954424152,0.8556974730898463,0.8694868512352688,CT,False,[1.5 1.5 1.5],"(145, 176, 176)",True,11
CT_COVID-19-20-CT-SegChallenge_volume-covid19-A-0685,3.4007375240325928,0.636829137802124,0.5576543807983398,0.5289735794067383,0.5445699691772461,0.5646562576293945,0.56805419921875,1.8292472234186812,1.627637448599712,0.4577350387452152,0.4607559353429463,0.4252760172434762,0.4414089673053816,0.4440913078743937,0.4650602818238855,0.4705236306951038,0.4577350387452152,0.3181270732614424,0.3555909876178137,0.3876068800777036,0.402662837337381,0.4291942697042476,0.4607559353429463,CT,True,[0.93800002 0.93800002 5.        ],"(13, 512, 512)",True,1
MR_BraTS-T2f_bratsgli_0941,2.4394516944885254,0.0,0.481569766998291,0.5051586627960205,0.4800813198089599,0.4732613563537597,0.4993805885314941,0.0761654787939214,0.0,0.0205915999346298,0.0,0.0,0.0198324566530294,0.0178354106341013,0.0173962955604123,0.020721744305578,0.0205915999346298,0.0,0.0,0.0,0.0,0.0,0.0,MR,True,[1. 1. 1.],"(70, 218, 182)",False,3
CT_GTVpEnhance_segrap_0060,3.0466232299804688,0.5085201263427734,0.5121974945068359,0.501157283782959,0.5073175430297852,0.5224080085754395,0.4950227737426758,2.774902474962264,2.747861124687211,0.6942171491439181,0.6948228398800667,0.6514059486346564,0.6889981065946904,0.6936078054879546,0.694622438582588,0.695064603022417,0.6942171491439181,0.6380227805415251,0.655973978931458,0.6875803833405205,0.6908722681661698,0.6940100637747587,0.6948228398800667,CT,True,[0.56152344 0.56152344 3.        ],"(22, 512, 512)",True,1
CT_TotalSeg_organs_s1069,73.13801288604736,11.774428844451904,12.33729124069214,12.256604671478271,12.3832688331604,12.094386100769045,12.292033195495604,3.127762230226488,2.857148784219384,0.7880881842400047,0.7329021703252956,0.7446075801938625,0.7672890464909109,0.7783552486231002,0.7840747230226849,0.7876436432152456,0.7880881842400047,0.6464681616934083,0.6840392823921019,0.7041116497212198,0.7160696744108247,0.728496733728641,0.7329021703252956,CT,False,[1.5 1.5 1.5],"(404, 231, 231)",True,22
CT_TotalSeg_cardiac_s1018,51.6229772567749,8.020933151245117,8.197956323623657,8.730711698532104,8.728989601135254,9.1078839302063,8.83650255203247,3.2461527508985557,3.4860881758330944,0.8376249770509387,0.9041792648381708,0.6826513021670008,0.7625579502940156,0.8008862071894506,0.8193962491931539,0.8257788308434731,0.8376249770509387,0.7354728982879405,0.8059397082209365,0.856463557889863,0.8814733727997239,0.8930917586139537,0.9041792648381708,CT,False,[1.5 1.5 1.5],"(260, 221, 221)",True,18
MR_BraTS-T2w_bratsgli_1320,2.2232515811920166,0.0,0.4313287734985351,0.4480898380279541,0.4494493007659912,0.439680814743042,0.4547028541564941,0.1665449469605098,0.0,0.0485404716379859,0.0,0.0,0.034876800380907,0.0390103021681969,0.0408181613845808,0.0450078473982856,0.0485404716379859,0.0,0.0,0.0,0.0,0.0,0.0,MR,True,[1. 1. 1.],"(40, 218, 182)",False,3
CT_LungMasks_lung_058,21.405004501342773,3.491381883621216,3.458834171295166,3.609210968017578,3.348771810531616,3.647030830383301,3.849774837493897,3.8917573133292014,3.754414687673228,0.9728548102146488,0.9390288592156107,0.966336949832573,0.9728919353299944,0.9730335760925108,0.9729657998133836,0.972884564650986,0.9728548102146488,0.8964088744169518,0.936794387304797,0.9385030197272384,0.9389898917022252,0.9390101529835606,0.9390288592156107,CT,False,[0.859375   0.859375   1.24481332],"(221, 512, 512)",True,2
MR_BraTS-T2w_bratsgli_0052,2.55391263961792,0.0,0.4931237697601318,0.531625509262085,0.4970095157623291,0.5222551822662354,0.5098986625671387,0.7347194421734342,0.2796997745986839,0.2158845755758127,0.1911875391290721,0.0,0.1367674338394996,0.155646703870955,0.1932055388243542,0.2095411947704688,0.2158845755758127,0.0,0.0,0.0,0.0,0.1841060050341479,0.1911875391290721,MR,True,[1. 1. 1.],"(86, 218, 182)",False,3
Microscopy_SELMA3D_patchvolume_vessel_011_0_1_0,70.57527375221252,12.50659680366516,11.916847467422484,11.539028882980348,11.510419845581056,11.835870265960692,11.266510486602783,2.4999582788756927,3.385695780750339,0.6559953946453867,0.8711556864666836,0.5326108031715971,0.5849252948322959,0.6120813994370261,0.6285580173052963,0.6388585173945291,0.6559953946453867,0.7728376019767453,0.8090193620525015,0.8405844179141309,0.8507032419855491,0.8543205965910667,0.8711556864666836,Mi,False,[1. 1. 1.],"(13, 250, 250)",True,25
MR_BraTS-T2w_bratsgli_1230,2.323138952255249,0.0,0.4461681842803955,0.4680774211883545,0.4660573005676269,0.4772107601165771,0.4656252861022949,0.8474140854473051,0.6575931863374957,0.251479753217876,0.2520815272125325,0.0,0.093160287506667,0.1876592919406309,0.2257161318113288,0.2617186413330737,0.251479753217876,0.0,0.0,0.0,0.2495984444871947,0.2819539782440347,0.2520815272125325,MR,True,[1. 1. 1.],"(38, 218, 182)",False,2
CT_AbdomenAtlas_BDMAP_00004909,36.03436255455017,5.666671991348267,5.910929203033447,6.122318983078003,6.466132164001465,5.827988624572754,6.040321588516235,3.378391209114825,3.524667132736772,0.8619644643890884,0.900909999124948,0.755447362911423,0.8090787204509455,0.8379248369266458,0.8503526962552027,0.8545920835129595,0.8619644643890884,0.7650415797990209,0.842920565209948,0.8733347552515736,0.8866181333619912,0.8927989619557587,0.900909999124948,CT,False,[0.875 0.875 2.5  ],"(70, 288, 398)",True,12
MR_Spider_229_t2_spi,4.207042455673218,0.6819891929626465,0.6842381954193115,0.7247285842895508,0.7478821277618408,0.6995882987976074,0.6686160564422607,1.7175829162548677,2.385111779877609,0.4915613568340539,0.6484985051941401,0.3639892066584712,0.3801484812910266,0.3898624360569611,0.4221357369706093,0.4697298241647569,0.4915613568340539,0.534224827411255,0.5417216947128816,0.5619259800984471,0.5939129502637702,0.6341627495618812,0.6484985051941401,MR,True,[0.73810127 3.27655784 0.625     ],"(8, 383, 448)",True,1
MR_BraTS-T2w_bratsgli_0595,2.789715528488159,0.0,0.5500345230102539,0.5349740982055664,0.5699307918548584,0.5720884799957275,0.5626876354217529,0.0235662499568593,0.0,0.0080416750960954,0.0,0.0,0.0039384391662627,0.0058312872676253,0.0051155469700221,0.0066293585880327,0.0080416750960954,0.0,0.0,0.0,0.0,0.0,0.0,MR,True,[1. 1. 1.],"(65, 218, 182)",False,4
CT_AbdTumor_PETCT_2202a936e0,40.5174925327301,6.440980911254883,6.539895296096802,6.987492084503174,6.822512149810791,6.889854431152344,6.836757659912109,2.174317996812981,2.8306065075610976,0.5476413564435437,0.7137736239628888,0.4935929535759676,0.5280191045739506,0.5418972990283883,0.5432027449236668,0.5513877223521786,0.5476413564435437,0.6307656528697836,0.6871575687880919,0.7055889628116886,0.7084418879099144,0.7161100604640045,0.7137736239628888,CT,False,[0.86328125 0.86328125 2.5       ],"(66, 512, 512)",True,13
MR_ProstateADC_ADC-ProstateX-0123,2.9030516147613525,0.4637215137481689,0.4790437221527099,0.5018270015716553,0.4669644832611084,0.5043740272521973,0.4871208667755127,3.588971237372567,3.8130707642118375,0.9078407452589552,0.9659476217525405,0.8550961932050757,0.8827396098388465,0.8937088593935469,0.8978436070572859,0.902128593372833,0.9078407452589552,0.841629202399502,0.925336971306846,0.949765110072129,0.956495525920816,0.9611678316892,0.9659476217525405,MR,True,[2.         2.         2.99999762],"(12, 128, 84)",True,1
MR_BraTS-T2w_bratsgli_1152,2.502027988433838,0.0,0.4705874919891357,0.530238151550293,0.5214753150939941,0.4902317523956299,0.4894952774047851,0.0482988336643038,0.0,0.0150916963830871,0.0,0.0,0.0101779081936264,0.0115180504985602,0.0112216409617,0.0129243399156867,0.0150916963830871,0.0,0.0,0.0,0.0,0.0,0.0,MR,True,[1. 1. 1.],"(74, 218, 182)",False,2
CT_AbdTumor_case_00039,2.8237102031707764,0.5222809314727783,0.4914791584014892,0.5046906471252441,0.4300832748413086,0.4369049072265625,0.4382712841033935,3.335923675234584,3.8262088059362735,0.8416041018128548,0.9661024223461226,0.7451384796700059,0.8166550034989503,0.8319160484892346,0.8347826086956521,0.8400954653937948,0.8416041018128548,0.8911617684801156,0.9365340815559692,0.9553907746420296,0.9540956127083764,0.9654041666348224,0.9661024223461226,CT,True,[0.703125 0.703125 5.      ],"(5, 512, 512)",True,1
MR_Spider_188_t2_vet,20.758911609649655,3.0117130279541016,3.457472562789917,3.5074145793914795,3.598231315612793,3.583583354949951,3.600496768951416,2.6638700856882025,2.2173706114713525,0.6700308578342465,0.558215479506321,0.594314756541235,0.6566523074620678,0.6664352212288455,0.6669382976242818,0.667154984186918,0.6700308578342465,0.5128161492687776,0.5463562915602204,0.5555920606138859,0.5544956463785404,0.5549970189456555,0.558215479506321,MR,False,[0.58749028 3.30688349 0.625     ],"(25, 478, 448)",True,7
CT_TotalSeg_cardiac_s0089,24.700801849365234,3.9657411575317374,3.96614933013916,4.156879663467407,4.33765983581543,4.153342008590698,4.121029853820801,3.289585397929917,3.501589492796171,0.8556420856489843,0.9065175275288656,0.643042026169329,0.749210813933743,0.8075625847568696,0.8359794433990662,0.8436169199826178,0.8556420856489843,0.6997882541795022,0.8009996686118033,0.860938865643863,0.8895994568361885,0.8972925722457848,0.9065175275288656,CT,False,[1.5 1.5 1.5],"(233, 221, 221)",True,8
MR_ProstateADC_ADC-ProstateX-0057,2.7703957557678223,0.4582107067108154,0.4530935287475586,0.4660885334014892,0.4469573497772217,0.4511399269104004,0.4949057102203369,3.5623860777620457,3.438925038675385,0.8960504422453806,0.8764430776094966,0.8729674796747967,0.8745991561181434,0.8892399508513252,0.8925081433224755,0.8953131844064827,0.8960504422453806,0.8034372857743916,0.8120450990878183,0.8570538809541518,0.8649512858188323,0.8726757835537435,0.8764430776094966,MR,True,[2.         2.         2.99999714],"(15, 128, 84)",True,1
CT_AbdTumor_case_00443,2.930915117263794,0.5002040863037109,0.4897630214691162,0.4910058975219726,0.4816627502441406,0.4909734725952148,0.4773058891296386,3.5590272586357714,3.803478120104021,0.8887684595583254,0.953460879807509,0.8995127090741473,0.8910810810810811,0.8903924221921515,0.8895805142083897,0.8891295519155272,0.8887684595583254,0.9586254195618356,0.9468729088573964,0.9462876827120398,0.9535629120390224,0.9534606310205064,0.953460879807509,CT,True,[0.85546875 0.85546875 5.        ],"(7, 512, 512)",True,1
MR_heart-ACDC_ACDC_patient044_frame11_lvrv,5.508847236633301,0.8976755142211914,0.8996074199676514,0.9133825302124025,0.9400227069854736,0.9646334648132324,0.8935256004333496,2.04368046254116,2.4949276023243416,0.4956178380307401,0.6174212270593764,0.5048091198303287,0.5330268538169285,0.5244428054029986,0.5144712878390684,0.4904440233752581,0.4956178380307401,0.6155955728771849,0.6472178037018003,0.6249792934679308,0.6214829497448854,0.6161458437309371,0.6174212270593764,MR,True,[ 1.3671875  1.3671875 10.       ],"(8, 216, 256)",True,2
Microscopy_SELMA3D_patchvolume_cfos_009_1_1_1,13.983612060546877,2.298250198364258,2.260021209716797,2.304626941680908,2.335747718811035,2.3355932235717773,2.4493727684021,3.3901080043719016,3.994907740227864,0.8622849520193686,1.0,0.7586423025560842,0.81941686418157,0.8328371221066126,0.8551981103294871,0.8612218638353324,0.8622849520193686,0.9998382794481292,1.0,0.994907740227864,1.0,1.0,1.0,Mi,False,[1. 1. 1.],"(25, 50, 50)",True,5
MR_ProstateT2_T2-ProstateX-0244_4,3.301332235336304,0.5778293609619141,0.5673105716705322,0.5725193023681641,0.557244062423706,0.5283730030059814,0.4980559349060058,3.586472548987873,3.543452784781733,0.8933488966870874,0.8789128933242898,0.904254129092556,0.9006897312806931,0.8981316808217202,0.8964272611719888,0.8948942930102738,0.8933488966870874,0.9162032116075776,0.8966825459912268,0.8890749776274159,0.884905017670756,0.8816750698258028,0.8789128933242898,MR,True,[0.5625 0.5625 3.    ],"(18, 320, 320)",True,1
MR_totalseg_mr_s0027,8.667519092559814,1.452233076095581,1.4325268268585205,1.4996826648712158,1.4157462120056152,1.3678083419799805,1.4995219707489014,1.9015842678142016,1.2030360748436202,0.4429322247656249,0.2775777548938287,0.4700520446096893,0.4807538509600125,0.4856485652854942,0.4851407374941527,0.4689519271717362,0.4429322247656249,0.2476259795944354,0.2807051988602002,0.2979354225625295,0.3115922344504006,0.3143669409536753,0.2775777548938287,MR,True,[0.44921875 5.99999571 0.44921872],"(409, 30, 512)",True,2
CT_TotalSeg_cardiac_s0928,62.598224401474,10.666780710220335,10.227412700653076,10.513888359069824,10.482401847839355,10.253138303756714,10.454602479934692,2.3589645451094405,2.5355473719747827,0.6259901947641027,0.6734751944167,0.4233839302906778,0.5207075658035134,0.5532075976514643,0.607171425385554,0.6252366417886143,0.6259901947641027,0.4725454994155388,0.5688231940883457,0.5924201258005223,0.6506537850877021,0.6713242668340356,0.6734751944167,CT,False,[1.5 1.5 1.5],"(375, 282, 282)",True,18
MR_BraTS-T1c_bratsgli_0170,2.59757661819458,0.0,0.558417558670044,0.5075132846832275,0.5071933269500732,0.5002274513244629,0.5242249965667725,0.2446751579814153,0.0,0.0981414680050188,0.0,0.0,0.033664870442559,0.0496053617884386,0.0552063538469034,0.0739602731222843,0.0981414680050188,0.0,0.0,0.0,0.0,0.0,0.0,MR,True,[1. 1. 1.],"(74, 218, 182)",False,4
US_Cardiac_patient0191_4CH_half_sequence,11.53322696685791,1.8881876468658447,2.017339944839477,1.945117235183716,1.85937762260437,1.8684895038604736,1.9547150135040283,3.432510682885145,3.2115357415292096,0.8685617779967232,0.8174177190890967,0.8086099417629873,0.8345539420729716,0.8519583443741648,0.861980271054871,0.8670142074212627,0.8685617779967232,0.7444897124482753,0.7716807951008557,0.7912623108472921,0.8104229852569187,0.8153011883300226,0.8174177190890967,US,False,[0.308 0.308 1.   ],"(27, 422, 512)",True,3
MR_BraTS-T2f_bratsgli_1237,2.596604108810425,0.0,0.5336160659790039,0.5164034366607666,0.5042569637298584,0.5062623023986816,0.5360653400421143,2.143213557020302,1.629649953797824,0.6493959487691888,0.5370838401088834,0.0,0.4406037107620862,0.470786819671201,0.5395938883791439,0.5878330192043197,0.6493959487691888,0.0,0.2855091146466816,0.3301827080863159,0.4266053783034874,0.4615653900302381,0.5370838401088834,MR,True,[1. 1. 1.],"(72, 218, 182)",False,1
CT_TotalSeg_organs_s0259,13.703238010406494,2.313714504241944,2.35142183303833,2.230846405029297,2.244934558868408,2.249349355697632,2.312971353530884,3.399264221064193,3.49745504125175,0.8656113434719641,0.8924446688339502,0.6149315659122379,0.7988732233270757,0.8521353027829969,0.8498865888628859,0.8650000460187908,0.8656113434719641,0.6055474834810382,0.8013859219475179,0.883688302440035,0.8690164156269535,0.897835027794027,0.8924446688339502,CT,False,[1.5 1.5 1.5],"(28, 113, 165)",True,5
CT_TotalSeg_muscles_s1300,8.4125497341156,1.3704369068145752,1.454359531402588,1.3824472427368164,1.3794894218444824,1.3915958404541016,1.434220790863037,2.545938434073196,2.5202412733152344,0.6368619186963757,0.6278904509976586,0.5745728049743732,0.6347887570672643,0.6366253248059315,0.636676610890064,0.6368111604953802,0.6368619186963757,0.5273491282905346,0.6251043413283723,0.6385413257155366,0.6274994837506945,0.6277030676859879,0.6278904509976586,CT,True,[1.5 1.5 1.5],"(100, 167, 167)",True,3
MR_Spider_93_t1_vet,16.270060062408447,2.5946199893951416,2.4778800010681152,2.6198792457580566,2.9254071712493896,2.825371026992798,2.8269026279449463,3.015082817155427,2.5859044518004755,0.7620265906977134,0.6398364278105348,0.7029524167970678,0.7430875541151615,0.7479416779387561,0.7533663617430065,0.7612177050672271,0.7620265906977134,0.6281080445839805,0.6584209573748611,0.6503892973058444,0.6479379690580614,0.638448492843872,0.6398364278105348,MR,False,[0.89486154 4.78532949 0.8125    ],"(16, 292, 320)",True,6
MR_totalseg_mr_s0042,73.55551552772522,11.604594469070436,12.018024921417236,12.403429508209229,12.77725863456726,12.74075198173523,12.01145601272583,2.967807585921076,2.8779785252668013,0.7530494069943271,0.7342810639472731,0.6583535672417669,0.7144025543616724,0.7333009670535853,0.7460288135539991,0.7547518246354918,0.7530494069943271,0.6268779872247306,0.6856252449688782,0.7101690203626122,0.7229106773053707,0.7349456731407426,0.7342810639472731,MR,False,[0.78130001 0.78130001 2.        ],"(68, 512, 512)",True,23
CT_TotalSeg_muscles_s1309,54.22764301300049,8.981527090072632,8.911510229110718,8.549332618713379,9.407653093338013,9.229243755340576,9.148376226425173,3.064672982856784,2.7525096174899653,0.7789417145806083,0.7063508393122783,0.6655302852375193,0.7325721887570417,0.7635210761469244,0.769586739529675,0.7758082155113588,0.7789417145806083,0.5605942612355976,0.6470185345736694,0.6812988438500254,0.6936775720055898,0.7008485146913761,0.7063508393122783,CT,False,[1.5 1.5 1.5],"(311, 275, 275)",True,16
MR_Spider_243_t2_vet,20.294549226760864,3.256069660186768,3.289478540420532,3.3345797061920166,3.301707029342652,3.592503547668457,3.5202107429504395,2.9145943855602776,2.4115039886553,0.7314245731685963,0.593599164300819,0.6953206819323705,0.7201951766326389,0.7268500604187598,0.7307753528761459,0.7311590973647545,0.7314245731685963,0.6166793048962121,0.6249462828859004,0.6149341552802661,0.5936243483333998,0.593672761448274,0.593599164300819,MR,False,[0.58738303 3.30690272 0.625     ],"(24, 478, 448)",True,7
CT_TotalSeg_cardiac_s1132,43.28480100631714,6.9281041622161865,6.796679496765137,6.81852650642395,7.423492193222046,7.495144605636597,7.822854042053223,2.8424317833483435,2.931371970548912,0.731346572944062,0.7538898667750075,0.603333276165521,0.6752741725572875,0.7024621260753995,0.7158840471278445,0.7207752373944248,0.731346572944062,0.6086598475005306,0.6866211833588521,0.7262486067416801,0.7413011874831174,0.7435666512571845,0.7538898667750075,CT,False,[1.5 1.5 1.5],"(214, 245, 245)",True,14
MR_Spider_234_t1_spi,4.397515296936035,0.7189452648162842,0.7400345802307129,0.7335529327392578,0.7375593185424805,0.7128462791442871,0.7545769214630127,2.487483313345076,2.9665985281241136,0.6237490617963473,0.7445794621569205,0.5933357426816046,0.6194585555169911,0.62147576140836,0.6222553091450513,0.6221484341349957,0.6237490617963473,0.7017598772519248,0.7364557820791304,0.7408229165128797,0.742664239321928,0.7425937501712805,0.7445794621569205,MR,True,[3.29999997 0.5859375  0.5859375 ],"(108, 17, 512)",True,1
CT_LNQ_LymphNode-0281,6.453214883804321,1.161620855331421,1.0774636268615725,1.0732378959655762,1.016751766204834,1.063354730606079,1.0607860088348389,3.0206389091784334,3.846708334598668,0.7650336769602353,0.969686042113371,0.6106884734193727,0.7244736688842953,0.7541574833510256,0.7605641670157799,0.7611635858893628,0.7650336769602353,0.7909133019800391,0.9424154553679468,0.9581657154584952,0.9640958872950958,0.9683959831044172,0.969686042113371,CT,True,[0.97265601 0.97265601 2.5       ],"(30, 512, 512)",True,2
MR_BraTS-T1c_bratsgli_1162,2.771545886993408,0.0,0.5277378559112549,0.5663208961486816,0.5943217277526855,0.574596643447876,0.5085687637329102,0.0049129418132951,0.0,0.0028850116774282,0.0,0.0,0.0012017821550005,5.515719801434087e-05,0.0028143876990664,0.0,0.0028850116774282,0.0,0.0,0.0,0.0,0.0,0.0,MR,True,[1. 1. 1.],"(64, 218, 182)",False,4
CT_AbdomenAtlas_BDMAP_00006911,56.64864540100098,9.230031490325928,9.679160356521606,9.583053827285768,9.168020486831663,9.617260456085203,9.371118783950806,3.261083541909037,3.359040487704372,0.8284287243056427,0.8533642898172292,0.7452464746173241,0.7920386580246853,0.8070280845823747,0.8184861780035207,0.8253355881579777,0.8284287243056427,0.7415131337237097,0.8066361490392886,0.8277351236412103,0.8450454563753397,0.8562596882595636,0.8533642898172292,CT,False,[0.56093752 0.56054688 2.99999762],"(152, 505, 640)",True,12
PET_autoPET_fdg_2f9aec0275_05-31-2003-NA-PET-CT Ganzkoerper  primaer mit KM-55211,18.641284465789795,3.125065803527832,3.2106130123138428,2.936109066009521,2.966634750366211,3.066305160522461,3.3365566730499268,3.3978510953981664,3.155739026262641,0.8550277455320613,0.7956863587372784,0.7921053306512312,0.8499703393209092,0.8472756355723196,0.8411916752648025,0.8568847421345595,0.8550277455320613,0.6912799553002942,0.782308345450993,0.783506831199491,0.7856409909074932,0.7975938520615214,0.7956863587372784,PE,False,[2.03642011 2.03642011 3.        ],"(97, 400, 400)",True,6
CT_AbdTumor_liver_80,6.538076877593994,1.0489513874053955,1.0495872497558594,1.132749080657959,1.1406457424163818,1.141191482543945,1.0249519348144531,3.5399308262198943,3.717560177624113,0.8887048178443003,0.9399574436100104,0.8515945921063329,0.8779896003783711,0.8837196092366831,0.8854820818986646,0.8873819259732108,0.8887048178443003,0.8529229936886427,0.893285122320561,0.9286978191526676,0.9343253951455976,0.9379156803605622,0.9399574436100104,CT,True,[0.68359375 0.68359375 2.        ],"(30, 512, 512)",True,2
MR_BraTS-T2w_bratsgli_0068,2.4148573875427246,0.0,0.4934239387512207,0.5148899555206299,0.5183441638946533,0.463970422744751,0.4242289066314697,0.4668036266552032,0.0,0.1485661080074488,0.0,0.0,0.1136304885704789,0.1112736822359782,0.1092522179974651,0.115179428132796,0.1485661080074488,0.0,0.0,0.0,0.0,0.0,0.0,MR,True,[1. 1. 1.],"(37, 218, 182)",False,2
MR_BraTS-T2f_bratsgli_0746,2.711116313934326,0.0,0.61553955078125,0.4707791805267334,0.5397355556488037,0.5410873889923096,0.5439746379852295,0.6680787586986683,0.0944754816748336,0.2099356840559384,0.1889509633496672,0.0,0.1146395287466659,0.1478811027535333,0.1713910457482731,0.1865190037955597,0.2099356840559384,0.0,0.0,0.0,0.0,0.0,0.1889509633496672,MR,True,[1. 1. 1.],"(94, 218, 182)",False,3
CT_totalseg-vertebrae_s0687,65.96985650062561,10.438324213027954,11.327361822128296,11.073593378067017,10.463858366012571,11.182647943496704,11.484070777893066,3.442423252359222,3.528940214648274,0.8661633355415488,0.8909433243865631,0.7862408511755807,0.8521331856792423,0.8608032238499751,0.8600359065262589,0.8624358613725926,0.8661633355415488,0.8205846445730103,0.867698276235222,0.8800932339176326,0.8828485945458697,0.8866775858738791,0.8909433243865631,CT,False,[1.5 1.5 1.5],"(374, 212, 212)",True,21
CT_AbdTumor_PETCT_661ddc60e0,5.548762083053589,0.930661678314209,0.9165375232696532,0.914726972579956,0.9377539157867432,0.9286139011383056,0.9204680919647216,2.9012945656915115,3.736390030657067,0.7303012048192772,0.938551930084464,0.6343588864676933,0.6593986928104576,0.724320472106224,0.7464333180433529,0.7356908267270669,0.7303012048192772,0.8033013330839431,0.8532876968456085,0.9336368417486428,0.9587916526682024,0.9480417227751858,0.938551930084464,CT,True,[0.87890625 0.87890625 1.        ],"(9, 512, 512)",True,2
PET_autoPET_psma_ba5034e13e4c31f5_2019-10-14,182.0175008773804,29.22285842895508,29.907448291778564,29.26502990722656,30.427257299423218,30.892717361450195,32.30218958854675,2.8289425104882997,3.208190104744599,0.7174502937013877,0.8082160957679257,0.6304602587068924,0.6905955114897734,0.7026781802482672,0.7112569486567129,0.7109844789877389,0.7174502937013877,0.7260031854916065,0.787133546957573,0.7987557403144683,0.807528288626467,0.8042312544409144,0.8082160957679257,PE,False,[4.0728302 4.0728302 2.       ],"(390, 200, 200)",True,63
MR_ProstateT2_T2-ProstateX-0152,2.903961420059204,0.4649465084075928,0.4725801944732666,0.4503407478332519,0.4910199642181396,0.483295202255249,0.5417788028717041,3.485060837508577,3.918723327025793,0.8825375903990565,0.9808876606646214,0.8428560157790927,0.8577008928571429,0.8635512142904931,0.872416250890948,0.8789741306990361,0.8825375903990565,0.9713132788536852,0.9825264505429694,0.9782985222434312,0.9780391327999904,0.980678616378576,0.9808876606646214,MR,True,[0.60000002 0.60000002 3.00000119],"(13, 320, 320)",True,1
MR_BraTS-T1c_bratsgli_1275,2.575411081314087,0.0,0.546029806137085,0.5234875679016113,0.503913164138794,0.5249290466308594,0.4770514965057373,0.0664204390636413,0.0,0.0169842584921292,0.0,0.0,0.0156063618290258,0.0147205442496041,0.0172931779878361,0.0181114066656235,0.0169842584921292,0.0,0.0,0.0,0.0,0.0,0.0,MR,True,[1. 1. 1.],"(59, 218, 182)",False,4
MR_totalseg_mr_s0113,7.73878812789917,1.249110460281372,1.3011260032653809,1.3492834568023682,1.2659423351287842,1.2925946712493896,1.280731201171875,1.711656678574526,1.8372903000668857,0.436038120273789,0.4895260010441209,0.3549666380175333,0.4033542832458652,0.4155519573404878,0.4339126119600999,0.4424959075141111,0.436038120273789,0.3231537759327441,0.3986160188306325,0.4258681528993116,0.477146187471338,0.4902049497588596,0.4895260010441209,MR,True,[0.6640625  0.6640625  6.00000095],"(27, 232, 256)",True,3
CT_totalseg-vertebrae_s1291,40.95762515068054,5.932838439941406,7.037995100021362,6.9554197788238525,6.989291906356812,7.07442831993103,6.967651605606079,2.9511825715905085,2.9872961044054094,0.7365167618431362,0.7453572346741285,0.6879117852804952,0.7251578882791525,0.7359545502024272,0.7364360230143815,0.7479546733125558,0.7365167618431362,0.7039103567477081,0.7352814849105405,0.7453982731325136,0.7466566428942374,0.7549218285863238,0.7453572346741285,CT,False,[1.5 1.5 1.5],"(262, 245, 245)",True,13
CT_TotalSeg_organs_s0244,62.9597544670105,9.791757345199583,11.039836406707764,10.25728440284729,10.40942096710205,10.697407484054564,10.764047861099243,3.405818107164824,3.1962113131154166,0.8703989582262359,0.8192790929362426,0.7678013378940485,0.8193991748605751,0.8392633771343639,0.8573384228216426,0.8643172406654115,0.8703989582262359,0.68349675293941,0.7620393994535319,0.7920330184464178,0.8026239745148128,0.8108950739592986,0.8192790929362426,CT,False,[1.5 1.5 1.5],"(250, 288, 288)",True,19
CT_totalseg-vertebrae_s0422,53.49692416191101,8.48596715927124,8.902212381362915,9.003791570663452,8.978583097457886,9.197619199752808,8.92875075340271,3.640310418415975,3.857675336922001,0.9160308921325132,0.972752286441675,0.855191207861779,0.892948515158672,0.9059237099502484,0.9146149473939844,0.9152820574261488,0.9160308921325132,0.8991683708469014,0.946404677997992,0.9598891389296254,0.9675034959420324,0.9707042198305094,0.972752286441675,CT,False,[1.5 1.5 1.5],"(225, 247, 247)",True,18
CT_AbdTumor_PETCT_82137245b0,23.1752347946167,3.7042603492736816,4.014928579330444,3.846700668334961,3.902122735977173,4.035844802856445,3.671377658843994,2.5615337568435037,2.719311551111108,0.6725758759735417,0.7327681886623801,0.569067862099163,0.568246934636422,0.6225574952044929,0.6510149798232545,0.6675498765107738,0.6725758759735417,0.5570372486432732,0.5885228639965839,0.6513137455519958,0.6854608836791877,0.7218913955504429,0.7327681886623801,CT,False,[0.91796875 0.91796875 1.        ],"(117, 512, 512)",True,6
MR_WMH_FLAIR_Utrecht_16,73.56958866119385,10.86583137512207,12.275872230529783,13.134968280792236,13.343205213546751,12.567947387695312,11.38176417350769,1.3246184095615097,2.087231948622452,0.3619723857687238,0.5651488133947304,0.2548802844446985,0.290960039494544,0.3027312816486812,0.3421688361412378,0.3532520791399569,0.3619723857687238,0.4095533946499209,0.4602908659230013,0.4804235263375108,0.5428983969880109,0.5511901856380642,0.5651488133947304,MR,False,[0.95833319 0.95833319 3.00000048],"(23, 240, 240)",True,26
MR_BraTS-T1c_bratsgli_0545,2.492802619934082,0.0,0.5077600479125977,0.4811396598815918,0.5162200927734375,0.503594160079956,0.484088659286499,0.3495970441960903,0.0,0.1587448987072652,0.0,0.0,0.0543893874365977,0.0732545030282373,0.0703447893262322,0.0994306087696892,0.1587448987072652,0.0,0.0,0.0,0.0,0.0,0.0,MR,True,[1. 1. 1.],"(58, 218, 182)",False,2
CT_TotalSeg_cardiac_s1427,23.617841958999637,3.742108106613159,4.14428973197937,3.925048112869263,3.895447254180908,3.9460296630859375,3.964919090270996,3.37785145143713,3.48012073562924,0.8515302049727131,0.8807040401761861,0.7444796759099962,0.8288904223380649,0.8376960301122113,0.8486012985922601,0.8513438090772696,0.8515302049727131,0.7349394918820997,0.8505467982859164,0.8606216125344923,0.8736067222950957,0.8802669815686011,0.8807040401761861,CT,False,[1.5 1.5 1.5],"(172, 217, 217)",True,8
PET_autoPET_fdg_20a607649d_01-27-2007-NA-PET-CT Ganzkoerper  primaer mit KM-84908,32.77979779243469,5.553801774978638,5.73434329032898,5.452015161514282,5.311659812927246,4.911847114562988,5.816130638122559,2.676676464239375,2.269561782674676,0.677112452275873,0.5781641680300444,0.5695809654993564,0.6438594649267789,0.6662029159699022,0.6743963936680633,0.6755911960000834,0.677112452275873,0.4287185358188254,0.5345169881371831,0.563677781977293,0.574249914933546,0.5752935076802227,0.5781641680300444,PE,False,[2.03642011 2.03642011 3.        ],"(475, 400, 400)",True,6
MR_BraTS-T1n_bratsgli_0450,2.3380489349365234,0.0,0.4806392192840576,0.4405462741851806,0.457493782043457,0.4706869125366211,0.488682746887207,0.5639593500664275,0.0,0.1665441176470588,0.0,0.0,0.105911330049261,0.1382229929613383,0.1585000599017611,0.1310085733551681,0.1665441176470588,0.0,0.0,0.0,0.0,0.0,0.0,MR,True,[1. 1. 1.],"(31, 218, 182)",False,2
MR_totalseg_mr_s0238,107.88582587242126,17.899508476257324,18.21035647392273,18.154966831207275,18.044190168380737,17.92819333076477,17.648610591888428,2.705760035479467,2.362989533811123,0.7046166479864026,0.6286690354455079,0.5711965965213289,0.6270932551410051,0.6581851952892852,0.6827330422081664,0.6989868464183117,0.7046166479864026,0.4665628804965507,0.5271181370312968,0.568621444675061,0.5967535188033942,0.6197209840942657,0.6286690354455079,MR,False,[1.09379995 1.09379995 3.        ],"(72, 260, 320)",True,37
MR_BraTS-T2f_bratsgli_0359,2.699391365051269,0.0,0.5546712875366211,0.5097296237945557,0.5247416496276855,0.5921182632446289,0.5181305408477783,0.0009683873937378,0.0,0.000201106083459,0.0,0.0,0.0002570177006973,0.0002500583469476,0.0001693695219545,0.0003198976327575,0.000201106083459,0.0,0.0,0.0,0.0,0.0,0.0,MR,True,[1. 1. 1.],"(64, 218, 182)",False,4
MR_ISLES2022_ADC_sub-strokecase0038,2.8010096549987797,0.4489109516143799,0.4506535530090332,0.4538352489471435,0.526686429977417,0.4659767150878906,0.454946756362915,2.8539102393451867,3.149504480398972,0.7278234530506275,0.8127879374219158,0.6779121578612349,0.6882523868825239,0.7049977885891199,0.7162872154115587,0.7245873153779322,0.7278234530506275,0.702609980368294,0.7361323327381483,0.7759275530347957,0.7924563779636599,0.8066604143204842,0.8127879374219158,MR,True,[2. 2. 2.],"(14, 112, 112)",True,1
MR_Spider_249_t2_ivd,22.63427710533142,3.965851068496704,3.776035070419312,3.9562795162200928,3.6902034282684326,3.7111871242523193,3.5347208976745605,2.909445946963489,3.401163943264209,0.7501025699074204,0.8852873555054996,0.6367375414212838,0.6908229659046823,0.7182511365683797,0.7331217364728547,0.7376103060162034,0.7501025699074204,0.7320676588150395,0.7966334046145995,0.838208663264955,0.8569412341151561,0.865053665824048,0.8852873555054996,MR,False,[0.72916669 4.40000016 0.72916669],"(13, 384, 384)",True,8
CT_totalseg-vertebrae_s0429,65.64091277122498,10.010168313980104,11.0125834941864,11.353720426559448,11.543327808380129,11.215693950653076,10.50541877746582,3.776984232626251,3.888416805163676,0.949221003680236,0.9767429092500832,0.9072002726631142,0.9312511687803764,0.9427414636386618,0.9459724283134192,0.9480342544438636,0.949221003680236,0.9322813395426112,0.9599097458059922,0.9706635020601048,0.9738390027775536,0.9755879727979798,0.9767429092500832,CT,False,[1.5 1.5 1.5],"(396, 254, 254)",True,21
Microscopy_SELMA3D_patchvolume_nuclei_004_2_0_1,208.01574301719663,34.232707023620605,33.74790978431702,34.70504641532898,37.20782947540283,33.540680170059204,34.58157014846802,2.799690434256921,3.68044943210073,0.7187369037901089,0.936600369013116,0.631598376496194,0.6666074969970852,0.6901513107227446,0.7024572237655358,0.7144096993750437,0.7187369037901089,0.8893563505889271,0.9039526514812624,0.911671026738221,0.9175244188671232,0.930977476248197,0.936600369013116,Mi,False,[1. 1. 1.],"(33, 100, 100)",True,75
CT_TotalSeg_organs_s0612,71.21118259429932,11.483301162719728,11.425440788269045,12.15778946876526,11.265620470046995,12.366459131240845,12.512571573257446,3.065269511620202,2.8220780053048613,0.7848608622798027,0.7373625623357656,0.6774907262667266,0.7366680443123966,0.7585567668178927,0.7683787387319475,0.7775695527742622,0.7848608622798027,0.5707939110825635,0.6640168793601207,0.6910686313808805,0.7052102493121152,0.7251094037639223,0.7373625623357656,CT,False,[1.5 1.5 1.5],"(386, 272, 272)",True,21
CT_AMOS_amos_0135,52.80273962020874,9.04456663131714,9.302854537963867,9.311510562896729,9.515124559402466,7.76237416267395,7.86630916595459,3.3553691969623425,3.576382648871377,0.8539407977253397,0.90680772431426,0.762169200545941,0.8176903381213667,0.827510342543859,0.838463466421516,0.8535798200736143,0.8539407977253397,0.8035263314931004,0.8796103680686496,0.8783163361905276,0.8914808144706833,0.9133764520187114,0.90680772431426,CT,False,[0.98799998 0.98799998 5.        ],"(102, 512, 512)",True,15
MR_Spider_56_t1_spi,5.894585371017456,1.0216686725616455,0.975226879119873,0.9780569076538086,1.0199880599975586,0.941246509552002,0.9583983421325684,2.7053850848128,3.60421040580819,0.6928118524842373,0.9304689505666348,0.5962572293940309,0.651519837587927,0.6680140392900511,0.6787754228216656,0.6864297776650012,0.6928118524842373,0.7902585266900336,0.8565748907570391,0.8871432168189056,0.9053627626435908,0.9181825056838566,0.9304689505666348,MR,True,[0.62523884 3.29995484 0.625     ],"(8, 448, 448)",True,1
CT_totalseg-vertebrae_s0030,48.25847935676575,7.528301000595093,7.94380259513855,8.260310888290405,8.214760065078735,8.355579137802124,7.95572566986084,2.7638743770000143,2.679914414327784,0.7207072394301416,0.6927749765250143,0.5326248568011603,0.6591521411994371,0.7062174468051011,0.676166694340197,0.691560545539927,0.7207072394301416,0.5535708942972242,0.6400719463405883,0.6756219227036578,0.6625610082301475,0.6753080219611775,0.6927749765250143,CT,False,[1.5 1.5 1.5],"(274, 309, 309)",True,14
MR_BraTS-T2f_bratsgli_1036,2.4266316890716557,0.0,0.4748404026031494,0.4933059215545654,0.4806559085845947,0.4968495368957519,0.4809799194335937,0.1961567861885742,0.0,0.0558221261066432,0.0,0.0,0.0432800794295514,0.041520385713617,0.051265296423904,0.0538200012829559,0.0558221261066432,0.0,0.0,0.0,0.0,0.0,0.0,MR,True,[1. 1. 1.],"(42, 218, 182)",False,2
CT_AbdTumor_PETCT_1b199d094d,3.4309253692626958,0.5586221218109131,0.5460319519042969,0.583815336227417,0.569636344909668,0.5750844478607178,0.5977351665496826,2.8203909736277524,3.3129521768074417,0.724191063174114,0.8618536623580815,0.6557302862314741,0.6904848705796574,0.7007949891592388,0.7033908987772596,0.7088671188143683,0.724191063174114,0.7077546687398363,0.8051489495054158,0.8196412720029987,0.8234167787173514,0.8363928201553429,0.8618536623580815,CT,True,[0.86914062 0.86914062 1.        ],"(12, 512, 512)",True,1
MR_totalseg_mr_s0194,48.72189164161682,8.13839054107666,7.691773414611816,7.881219387054443,7.909737586975098,8.617774963378906,8.482995748519897,2.526009774275489,1.962840995815012,0.6475743386642419,0.5099502632312547,0.5302781449059241,0.6056125275571941,0.6213545183867154,0.6345854368044996,0.6434763859735555,0.6475743386642419,0.4133095742641131,0.460443919774026,0.4776519058291544,0.4948337922623035,0.5051582062209136,0.5099502632312547,MR,False,[1.5        7.70000458 1.5       ],"(210, 30, 320)",True,17
CT_totalseg-vertebrae_s0428,46.37751054763794,7.326363086700439,7.994614601135254,7.642761468887329,7.903617143630981,7.707700490951538,7.802453756332397,3.4197422794623376,3.4045434600637403,0.8833925788878586,0.8693302867973944,0.7741603888473867,0.8069726228718052,0.8401680092562762,0.8640746200092639,0.8703170493169654,0.8833925788878586,0.8061241836511019,0.8159248384796884,0.8456481905655794,0.8546426688864552,0.8616250379731645,0.8693302867973944,CT,False,[1.5 1.5 1.5],"(281, 307, 307)",True,13
MR_BraTS-T1c_bratsgli_0152,2.3202779293060303,0.0,0.483391523361206,0.4827561378479004,0.4530267715454101,0.4513397216796875,0.4497637748718261,0.0556174706083062,0.0,0.0122730923694779,0.0,0.0,0.0118103711457106,0.009747945968528,0.0168521554079314,0.0169756374742524,0.0122730923694779,0.0,0.0,0.0,0.0,0.0,0.0,MR,True,[1. 1. 1.],"(79, 218, 182)",False,3
CT_LungMasks_LUNG1-255,12.981773614883425,2.192335844039917,2.212049961090088,2.219002723693848,2.169597148895264,2.128459453582764,2.060328483581543,3.8594021437478023,3.6030897304907015,0.9646801154425646,0.8999375850682103,0.95819956860886,0.9652906110334114,0.9649258820887,0.9647637343952272,0.9647271640258877,0.9646801154425646,0.8454048479283622,0.9038158912883784,0.9009079559438604,0.9002490283894693,0.9000560079790775,0.8999375850682103,CT,False,[0.9765625 0.9765625 3.       ],"(96, 512, 512)",True,2
CT_AbdTumor_colon_092,2.820868968963623,0.4881017208099365,0.4657518863677978,0.4682056903839111,0.4667251110076904,0.4695000648498535,0.4625844955444336,2.404596503003193,2.4599205408557347,0.6100366788929643,0.6285154334189594,0.6553445065176908,0.5945717426228122,0.5914561790133921,0.6031586021505376,0.6076775110813749,0.6100366788929643,0.6401580270194831,0.5986428300477314,0.5982146997490845,0.6222443866379144,0.6258823227353908,0.6285154334189594,CT,True,[0.75 0.75 5.  ],"(8, 512, 512)",True,1
MR_BraTS-T1c_bratsgli_0080,2.2358968257904053,0.0,0.4436876773834228,0.4501881599426269,0.4386978149414062,0.4518444538116455,0.4514787197113037,0.5452657563687657,0.0,0.1480556741899098,0.0,0.0,0.1088216173436219,0.1248427368624794,0.139925578527864,0.1520587952116563,0.1480556741899098,0.0,0.0,0.0,0.0,0.0,0.0,MR,True,[1. 1. 1.],"(52, 218, 182)",False,3
MR_BraTS-T1c_bratsgli_1249,2.267030715942383,0.0,0.4429311752319336,0.4566328525543213,0.4572491645812988,0.4513182640075683,0.4588992595672607,1.1666886513630188,0.8429584915059753,0.3167933927635029,0.2261428047038048,0.0,0.2608656582297439,0.2801605819379632,0.293495630886403,0.3042029130420291,0.3167933927635029,0.0,0.1723610325313756,0.2032535044117089,0.2146165080034362,0.22583656047324,0.2261428047038048,MR,True,[1. 1. 1.],"(53, 218, 182)",False,2
MR_BraTS-T2f_bratsgli_0279,2.3315560817718506,0.0,0.4658734798431396,0.456644058227539,0.4629831314086914,0.4825260639190674,0.4635293483734131,0.0547985143567728,0.0,0.0132290786136939,0.0,0.0,0.0194723849526546,0.0149444047740487,0.0112315802084581,0.0122717975910915,0.0132290786136939,0.0,0.0,0.0,0.0,0.0,0.0,MR,True,[1. 1. 1.],"(71, 218, 182)",False,4
CT_TotalSeg_organs_s0025,14.217267513275146,2.306016206741333,2.161916971206665,2.274756908416748,2.562284469604492,2.4357190132141118,2.476573944091797,2.367927162434723,2.316893138683188,0.6220437251470596,0.6184601877711726,0.551160254188356,0.5625294991414604,0.5792704112981251,0.5911227457735166,0.6052473932188212,0.6220437251470596,0.5345238451107701,0.5468823637100056,0.5642730926354138,0.574650884229427,0.5952978860777582,0.6184601877711726,CT,False,[1.49999988 1.5        1.49999988],"(51, 90, 59)",True,5
CT_totalseg-vertebrae_s1373,34.05727672576904,5.683151721954346,5.663548231124878,5.77131199836731,5.609108686447144,5.378512382507324,5.951643705368042,2.700109328908877,2.7288558023707443,0.6961871221787621,0.7025935377740811,0.5711591402552595,0.6455714653487878,0.6629307669922043,0.6748532270315981,0.6914460411212997,0.6961871221787621,0.593697190785698,0.6469956245481735,0.6713665297501042,0.6822426601427533,0.7004520313167594,0.7025935377740811,CT,False,[1.5 1.5 1.5],"(255, 237, 237)",True,11
MR_BraTS-T1c_bratsgli_0070,2.389068841934204,0.0,0.4690816402435303,0.4793834686279297,0.4855504035949707,0.4606246948242187,0.4944286346435547,0.3311774901847507,0.0,0.1060976243697042,0.0,0.0,0.0584009167842031,0.0694199092862258,0.0830024023140657,0.0965059080075054,0.1060976243697042,0.0,0.0,0.0,0.0,0.0,0.0,MR,True,[1. 1. 1.],"(38, 218, 182)",False,2
MR_heart-ACDC_ACDC_patient110_frame11_lvrv,5.491125345230103,0.930183172225952,0.9239156246185304,0.9076054096221924,0.916545867919922,0.8868114948272705,0.9260637760162354,3.197478501742315,3.328042464808634,0.8144790463413903,0.8573138335714771,0.7234464651494403,0.7827168893397023,0.7919232883660476,0.7979150655040081,0.8090421800317131,0.8144790463413903,0.7481279200271951,0.808442826601502,0.8167500969729676,0.8289039497098989,0.8495100880392781,0.8573138335714771,MR,True,[ 1.5625  1.5625 10.    ],"(7, 256, 216)",True,2
MR_heart-ACDC_ACDC_patient044_frame11_myo,2.532478094100952,0.0,0.5612330436706543,0.5122342109680176,0.4899055957794189,0.4899697303771972,0.479135513305664,2.603810809273285,2.7663561076895067,0.6445156750840435,0.6999663891375978,0.0,0.5247006741120838,0.6323090885517957,0.6778132371305675,0.7090803089928582,0.6445156750840435,0.0,0.564708484991164,0.6593067697790302,0.7163319581623198,0.7583799426837758,0.6999663891375978,MR,True,[ 1.3671875  1.3671875 10.       ],"(8, 216, 256)",False,1
CT_AirwayTree_ATM_090,17.862441062927246,0.0,3.3595781326293945,3.742180347442627,3.540466547012329,3.62969183921814,3.590524196624756,0.0,0.0,0.0,0.0,0.0,0.0,0.0,0.0,0.0,0.0,0.0,0.0,0.0,0.0,0.0,0.0,CT,False,[0.78125 0.78125 0.5    ],"(368, 512, 512)",False,1
CT_totalseg-vertebrae_s0102,50.45252275466919,7.985079526901245,8.55433440208435,8.591376066207886,8.015732526779175,9.01755714416504,8.288443088531494,3.606650755568214,3.727396825475529,0.9045336092691184,0.9360616931246974,0.8833472362259539,0.8945127024379117,0.900884272692551,0.9022166580025176,0.90402666901963,0.9045336092691184,0.9110087258649772,0.9219441158553634,0.930416129162448,0.9329185932873968,0.9350591985356536,0.9360616931246974,CT,False,[1.5 1.5 1.5],"(244, 152, 369)",True,17
CT_TotalSeg_cardiac_s0289,29.09319829940796,4.795479774475098,5.054450273513794,4.981444358825684,4.729994058609009,4.738639831542969,4.793190002441406,3.265034388772034,3.505987055287806,0.8303130049313974,0.8937895463491162,0.7636207185838336,0.7921323494308862,0.8086301130079255,0.8198506101327335,0.8253309884502337,0.8303130049313974,0.8126850795783448,0.8411706062312807,0.8659883552456773,0.8814790491382438,0.8910395746136864,0.8937895463491162,CT,False,[1.5 1.5 1.5],"(106, 145, 145)",True,11
CT_AirwayTree_ATM_062,19.372907638549805,0.0,3.970728874206543,3.907083749771118,3.787145137786865,3.795243263244629,3.9127066135406494,0.0,0.0,0.0,0.0,0.0,0.0,0.0,0.0,0.0,0.0,0.0,0.0,0.0,0.0,0.0,0.0,CT,False,[0.75585938 0.75585938 0.5       ],"(377, 512, 512)",False,1
PET_autoPET_fdg_19b68a666b_04-14-2005-NA-PET-CT Ganzkoerper  primaer mit KM-01313,20.19665050506592,3.444053173065185,3.535773277282715,3.388601541519165,3.377926588058472,3.2031455039978027,3.247150421142578,2.8625255630955246,2.3837956885451947,0.7286743579126219,0.6239238752078665,0.720089800165756,0.6953092580907808,0.7103129670033709,0.719780767232225,0.7204400208582277,0.7286743579126219,0.5606548394824894,0.550907383179735,0.5841416158389637,0.6015330161995184,0.6107054273129119,0.6239238752078665,PE,False,[2.03642011 2.03642011 3.        ],"(133, 400, 400)",True,6
CT_AbdTumor_liver_127,2.985445737838745,0.4758996963500976,0.502265214920044,0.4705336093902588,0.4729096889495849,0.514883279800415,0.5489542484283447,2.1172670024294247,3.945415890830602,0.588,0.990597680863473,0.4121715076071922,0.4775641025641026,0.4958402662229617,0.518324607329843,0.5703200775945684,0.588,0.8939901351315017,0.966816331827098,0.9789273883181304,0.9958211515953048,0.9919603445718812,0.990597680863473,CT,True,[0.77148438 0.77148438 0.69999999],"(10, 512, 512)",True,1
MR_BraTS-T2f_bratsgli_0237,2.493326425552368,0.0,0.513361930847168,0.5294382572174072,0.4657871723175049,0.4763212203979492,0.5084178447723389,1.100054868690134,1.1148611626843667,0.2977603292575721,0.3128753669401661,0.0,0.2188133808189406,0.2716696912420145,0.2827689381353951,0.2873293842744682,0.2977603292575721,0.0,0.2196468962106212,0.2696340151558472,0.2861641596639236,0.2928018562892021,0.3128753669401661,MR,True,[1. 1. 1.],"(72, 218, 182)",False,3
CT_TotalSeg_muscles_s1056,8.216400384902954,1.3766000270843506,1.401183843612671,1.335087537765503,1.4015326499938965,1.3599061965942385,1.342090129852295,3.626831996069629,3.710197062532505,0.9085964543411724,0.9385558230810368,0.8825179427612606,0.9071023129812168,0.9084116104897686,0.9016727023678592,0.9088982995508064,0.9085964543411724,0.8747067051008476,0.919881840780706,0.928778073742738,0.9134544357277056,0.9387457211311896,0.9385558230810368,CT,True,[1.5 1.5 1.5],"(105, 191, 191)",True,3
CT_TotalSeg_organs_s0236,62.49599003791809,10.494876384735107,10.691814422607422,10.162886381149292,10.142433166503906,10.62438440322876,10.379595279693604,3.0314818053543595,2.8364062922037245,0.7643517557708797,0.7207288410704269,0.7263260336388747,0.7419503627640626,0.7530079995892873,0.7601068576413541,0.765215888856247,0.7643517557708797,0.6474404302494651,0.6768434652075558,0.7020021256643236,0.713220346729356,0.7223976666710532,0.7207288410704269,CT,False,[1.5        1.49999988 1.5       ],"(271, 198, 252)",True,20
CT_TotalSeg_cardiac_s1412,30.472686767578125,5.02328634262085,4.804377317428589,4.91817045211792,5.458220481872559,5.0138444900512695,5.2547876834869385,2.032755951534603,2.135167159471112,0.5913883891636481,0.6092783460859007,0.3412769251259289,0.3813814477128974,0.4580555058505934,0.5163426572866464,0.5719728699590905,0.5913883891636481,0.3561288099325597,0.4222791019201437,0.4879586009837228,0.5381422086758743,0.5932876258084925,0.6092783460859007,CT,False,[1.5 1.5 1.5],"(277, 255, 255)",True,9
CT_TotalSeg_cardiac_s0356,17.37489080429077,2.87056303024292,2.9977235794067383,2.7571749687194824,2.9151322841644287,2.863020420074463,2.9712765216827397,3.400558784416793,3.4387880684929124,0.8543694332510458,0.8650963399818844,0.7471896703472921,0.8335154287176038,0.8505664947089951,0.8511255471318778,0.8549243115915955,0.8543694332510458,0.7695149643738631,0.8371283778857714,0.86057634637431,0.8599697178232254,0.8671296453615494,0.8650963399818844,CT,False,[1.5 1.5 1.5],"(89, 107, 107)",True,6
CT_TotalSeg_muscles_s0339,53.66029405593872,8.30606722831726,8.417611598968506,9.263986110687256,9.741275548934937,9.050186157226562,8.8811674118042,2.8261228103068543,2.5085747456875813,0.7148952353476159,0.6461853560515327,0.6629890060753629,0.6926265914888577,0.7047329390448023,0.7057780388340742,0.7118509190097407,0.7148952353476159,0.570951680390514,0.604162488049494,0.6218396090198703,0.6264462097141531,0.6351150049030445,0.6461853560515327,CT,False,[1.5 1.5 1.5],"(281, 240, 240)",True,16
CT_AbdTumor_hepaticvessel_424,3.413456916809082,0.5664527416229248,0.5696988105773926,0.5808610916137695,0.567962646484375,0.568035364151001,0.5604462623596191,3.605993100306697,3.704614847306375,0.9051936277684238,0.9364232273458886,0.873297166968053,0.8975102669404518,0.9005637151512828,0.9010734801029292,0.9030039576980472,0.9051936277684238,0.8699300075017704,0.9120927673945036,0.9244921386443126,0.9252905618081438,0.930574149483723,0.9364232273458886,CT,True,[0.73242199 0.73242199 1.5       ],"(25, 512, 512)",True,1
MR_BraTS-T1c_bratsgli_0613,2.3588812351226807,0.0,0.466933012008667,0.4681727886199951,0.4664580821990967,0.4749128818511963,0.4824044704437256,0.588211877217327,0.0,0.1732073502985334,0.0,0.0,0.0934688791636275,0.1232433951658235,0.1593951803433611,0.1722351869770618,0.1732073502985334,0.0,0.0,0.0,0.0,0.0,0.0,MR,True,[1. 1. 1.],"(60, 218, 182)",False,4
CT_TotalSeg_muscles_s0039,21.08787560462952,3.272151470184326,3.518373727798462,3.671575546264648,3.554023742675781,3.5081729888916016,3.5635781288146973,3.21267254887177,3.32390240455588,0.8198490556273128,0.8592465591453468,0.7486041105943718,0.7775468414543847,0.7946171894426834,0.806350685888761,0.8130067249994767,0.8198490556273128,0.7769196763244697,0.8005661795170177,0.8140189105725596,0.831097980755145,0.8488791438969926,0.8592465591453468,CT,False,[1.5 1.5 1.5],"(92, 296, 296)",True,7
CT_TotalSeg_cardiac_s0480,29.61353349685669,5.065867900848389,4.812762498855591,4.92965579032898,4.980996608734131,4.9743640422821045,4.849886655807495,3.3198337313709727,3.3703447836174805,0.8741231189310313,0.9007953354510628,0.5981022817012844,0.760063823494753,0.7979070366553724,0.8371659653301493,0.867667258172559,0.8741231189310313,0.6392164456857786,0.7739559425351046,0.8054171452180909,0.8383191460938269,0.8892328533124787,0.9007953354510628,CT,False,[1.5 1.5 1.5],"(265, 233, 233)",True,9
MR_BraTS-T1n_bratsgli_0353,2.644015312194824,0.0,0.5134165287017822,0.5195043087005615,0.5237064361572266,0.5605716705322266,0.5268163681030273,0.2561809152997477,0.0,0.0676645557474573,0.0,0.0,0.0380183621911393,0.0601541639377298,0.0681757248458386,0.0750095675468809,0.0676645557474573,0.0,0.0,0.0,0.0,0.0,0.0,MR,True,[1. 1. 1.],"(95, 218, 182)",False,3
MR_BraTS-T1n_bratsgli_1177,2.648421049118042,0.0,0.546424150466919,0.5295166969299316,0.5361034870147705,0.5149519443511963,0.5214247703552246,0.0241493197743551,0.0,0.0092120312838109,0.0,0.0,0.0027379299706925,0.0049231265889189,0.0065062012230407,0.0067450113351437,0.0092120312838109,0.0,0.0,0.0,0.0,0.0,0.0,MR,True,[1. 1. 1.],"(104, 218, 182)",False,3
CT_TotalSeg_muscles_s0090,46.96498918533325,7.629753589630127,7.552170991897583,7.958512544631958,7.793638467788696,7.930803537368774,8.100110054016113,3.37078325419202,3.089818097361682,0.8449402964249189,0.7813035115552331,0.7813960446295525,0.8273310314902376,0.8436030930784635,0.8428793111132086,0.8481651860427702,0.8449402964249189,0.685379608596399,0.7508351018840144,0.770550316886301,0.7753739900498082,0.7778244837059491,0.7813035115552331,CT,False,[1.50000012 1.5        1.5       ],"(273, 158, 258)",True,15
CT_TotalSeg_cardiac_s0659,40.86751866340637,6.643904447555542,7.044897794723511,6.937446117401123,6.988778591156006,6.856712579727173,6.395779132843018,3.4803545621683285,3.626665825981227,0.8906013284680226,0.9353017469629964,0.7655655059616898,0.8283846315070466,0.8646412352951863,0.8718937263247438,0.8843266205608638,0.8906013284680226,0.7854964639316144,0.8581648651720092,0.8980454048784053,0.90917604369493,0.9227110713403888,0.9353017469629964,CT,False,[1.5 1.5 1.5],"(201, 209, 209)",True,14
CT_TotalSeg_cardiac_s1089,60.88159203529358,10.709791660308838,10.152161836624146,9.96068239212036,9.928760290145874,9.651893615722656,10.478302240371704,3.2818929862753112,3.3931304545400267,0.8415695980891876,0.8757683817520077,0.6219107169085346,0.7661746995302814,0.8104350823129824,0.8263790447341872,0.8412067104184069,0.8415695980891876,0.6460501406718614,0.7832534508349903,0.8338570162459552,0.8549366057884301,0.8748259162121423,0.8757683817520077,CT,False,[1.5 1.5 1.5],"(438, 265, 265)",True,18
MR_BraTS-T1c_bratsgli_0864,2.583657503128052,0.0,0.5237216949462891,0.5283899307250977,0.5092997550964355,0.5149977207183838,0.5072484016418457,0.038616864038225,0.0,0.0113819689816601,0.0,0.0,0.00966964194111,0.0087014446896207,0.0097260994457256,0.0096635144414935,0.0113819689816601,0.0,0.0,0.0,0.0,0.0,0.0,MR,True,[1. 1. 1.],"(77, 218, 182)",False,3
MR_BraTS-T1n_bratsgli_0161,2.5599234104156494,0.0,0.4682776927947998,0.4969799518585205,0.5063807964324951,0.5488243103027344,0.5394606590270996,0.0149612473602816,0.0,0.0,0.0,0.0,0.0026772496771551,0.0048839347276488,0.0051697163458268,0.0035689714482284,0.0,0.0,0.0,0.0,0.0,0.0,0.0,MR,True,[1. 1. 1.],"(65, 218, 182)",False,4
CT_COVID-19-20-CT-SegChallenge_volume-covid19-A-0338,15.686125993728638,2.61536192893982,2.6929261684417725,2.673356294631958,2.5692758560180664,2.5513253211975098,2.583880424499512,1.070029036171649,1.6630170243578963,0.2877589576154423,0.3947157044397191,0.2627611531418912,0.2787391260728805,0.265429372253026,0.2532928318934395,0.2680577901810216,0.2877589576154423,0.3830005141906434,0.4288797486812017,0.4297862273730316,0.4421399744034099,0.3792930960209943,0.3947157044397191,CT,False,[0.741 0.741 5.   ],"(23, 512, 512)",True,5
MR_BraTS-T1c_bratsgli_0732,2.5058035850524902,0.0,0.4796152114868164,0.4704194068908691,0.5301244258880615,0.5001158714294434,0.5255286693572998,0.0007084418849124,0.0,0.0,0.0,0.0,0.0014168837698249,0.0,0.0,0.0,0.0,0.0,0.0,0.0,0.0,0.0,0.0,MR,True,[1. 1. 1.],"(61, 218, 182)",False,3
MR_Head_HNTSMRG24_148_preRT_T2,9.501273155212402,1.484729528427124,1.63486647605896,1.513176441192627,1.6299960613250732,1.6672990322113037,1.5712056159973145,3.227209313205816,3.4129148740530377,0.8370865483365586,0.914762903414578,0.6754941698165794,0.7608454079488675,0.7781364796868407,0.8143691315844194,0.8357377237918433,0.8370865483365586,0.6309124661305001,0.763417878590018,0.7999317551653896,0.8676436066640414,0.9062491212213089,0.914762903414578,MR,True,[0.9848485  0.9848485  1.19999707],"(33, 528, 528)",True,3
MR_BraTS-T1c_bratsgli_0254,2.5242342948913574,0.0,0.4767818450927734,0.5139577388763428,0.484360933303833,0.4883852005004883,0.5607485771179199,0.0276195133444827,0.0,0.0035009548058561,0.0,0.0,0.0072921730675741,0.0098508459483526,0.0075964160498636,0.0047756874095513,0.0035009548058561,0.0,0.0,0.0,0.0,0.0,0.0,MR,True,[1. 1. 1.],"(42, 218, 182)",False,4
MR_BraTS-T1n_bratsgli_0838,2.488420963287353,0.0,0.5012836456298828,0.4959616661071777,0.4882166385650635,0.518181324005127,0.4847776889801025,0.4074948058646775,0.0,0.1284159029111944,0.0,0.0,0.0939041956541726,0.0937699476573471,0.0959557567945709,0.1066090521300758,0.1284159029111944,0.0,0.0,0.0,0.0,0.0,0.0,MR,True,[1. 1. 1.],"(55, 218, 182)",False,3
MR_BraTS-T2w_bratsgli_0637,2.5640769004821777,0.0,0.4807271957397461,0.4888701438903808,0.5226714611053467,0.5580272674560547,0.5137808322906494,0.2853295489446174,0.0,0.0999304924343688,0.0,0.0,0.0654948785773734,0.0551451384225057,0.0662871917929257,0.0811845332233147,0.0999304924343688,0.0,0.0,0.0,0.0,0.0,0.0,MR,True,[1. 1. 1.],"(51, 218, 182)",False,3
MR_BraTS-T1c_bratsgli_0698,2.4880099296569824,0.0,0.4972348213195801,0.5120024681091309,0.4925944805145263,0.4903459548950195,0.4958322048187256,0.2048475464477922,0.0,0.0771452846219201,0.0,0.0,0.0314619964003876,0.0352320157132334,0.0532483302975106,0.0620635599258942,0.0771452846219201,0.0,0.0,0.0,0.0,0.0,0.0,MR,True,[1. 1. 1.],"(47, 218, 182)",False,4
CT_TotalSeg_muscles_s1004,26.557677507400516,4.359575510025024,4.444867134094238,4.3345627784729,4.34181547164917,4.4128193855285645,4.664037227630615,3.3401358152672893,3.352322215163472,0.8547924113624279,0.855106431236636,0.6864340138107561,0.7860482924521324,0.8168492235331919,0.8498081733406254,0.853058066486192,0.8547924113624279,0.7066067166289486,0.79233718059001,0.8198729347031024,0.8535233423054658,0.8552041322415813,0.855106431236636,CT,False,[1.5 1.5 1.5],"(156, 221, 221)",True,9
MR_BraTS-T2w_bratsgli_0182,2.934267282485962,0.0,0.5731921195983887,0.5845403671264648,0.5970306396484375,0.5782239437103271,0.6012802124023438,0.3340796979930056,0.0,0.1137538779731127,0.0,0.0,0.0507705096233774,0.064949591472403,0.082193812346519,0.1046741003758383,0.1137538779731127,0.0,0.0,0.0,0.0,0.0,0.0,MR,True,[1. 1. 1.],"(88, 218, 182)",False,3
MR_BraTS-T2f_bratsgli_0621,2.830138683319092,0.0,0.5188548564910889,0.5703399181365967,0.5797958374023438,0.573432445526123,0.5877156257629395,0.6714820903065962,0.2917970417383689,0.2315529224457303,0.2041834280815607,0.0,0.0199551994751059,0.1321563788612227,0.1957979034507581,0.2177737470341972,0.2315529224457303,0.0,0.0,0.0,0.0,0.1897053276975885,0.2041834280815607,MR,True,[1. 1. 1.],"(84, 218, 182)",False,3
MR_Spider_52_t1_spi,5.073943614959717,0.8937292098999023,0.8233261108398438,0.8763251304626465,0.82942795753479,0.8297622203826904,0.8213729858398438,1.7748725006982964,2.404028439232828,0.4630504443196458,0.5916566903201919,0.3575369395649692,0.3924438089280129,0.4263827639658259,0.4406387783632648,0.4801038317453762,0.4630504443196458,0.5301433840750507,0.5504620044901354,0.589640264565139,0.5988801830445818,0.6444486442179438,0.5916566903201919,MR,True,[3.29999996 0.5859375  0.5859375 ],"(71, 17, 512)",True,1
MR_BraTS-T2w_bratsgli_0937,2.899909257888794,0.0,0.588538646697998,0.5944061279296875,0.5673120021820068,0.5782570838928223,0.5713953971862793,0.021052937187425,0.0,0.0083478372977502,0.0,0.0,0.0028359844124866,0.0031443298969072,0.0049739644050672,0.0073427320303321,0.0083478372977502,0.0,0.0,0.0,0.0,0.0,0.0,MR,True,[1. 1. 1.],"(91, 218, 182)",False,4
CT_AbdomenAtlas_BDMAP_00006548,52.77796983718872,8.137606143951416,9.109623193740845,9.222214698791504,8.693663597106934,8.779243230819702,8.83561897277832,3.385677432509994,3.422910733104674,0.8628741111265661,0.872392221329956,0.7626004666561771,0.8185922851581203,0.8381263676865187,0.8478440825393095,0.8589737841418227,0.8628741111265661,0.7487914402947408,0.8273210978433243,0.8456642734524067,0.8595533607495461,0.8678364393160809,0.872392221329956,CT,False,[0.6875     0.6875     0.69999999],"(303, 448, 512)",True,10
MR_BraTS-T1c_bratsgli_1024,2.344724178314209,0.0,0.4593367576599121,0.4643800258636474,0.4656531810760498,0.4743883609771728,0.4809658527374267,0.1178657743738512,0.0,0.0228740581270182,0.0,0.0,0.0394457196293462,0.0378443113772455,0.0301816239316239,0.0186799501867995,0.0228740581270182,0.0,0.0,0.0,0.0,0.0,0.0,MR,True,[1. 1. 1.],"(26, 218, 182)",False,1
CT_AbdomenAtlas_BDMAP_00003921,33.26870155334473,5.1684889793396,5.800411224365234,5.54520320892334,5.726584911346436,5.6294004917144775,5.39861273765564,3.470560159225543,3.566562601514497,0.8812033928972719,0.9074116298006674,0.7540135157715546,0.8293564104801163,0.861365340477931,0.8740263164918298,0.8798886005670881,0.8812033928972719,0.7599369019300328,0.8499845282730224,0.8886331663656133,0.8980249755641798,0.9012063805478594,0.9074116298006674,CT,False,[0.97656202 0.97656202 2.5       ],"(112, 373, 500)",True,10
CT_TotalSeg_cardiac_s0782,16.515220642089844,2.9253387451171875,2.7602312564849854,2.726839065551758,2.64238715171814,2.7347424030303955,2.725682020187378,3.232845978091067,3.2278158759486737,0.8208611514628306,0.8274990565449764,0.7035696855765458,0.7952706136583592,0.8009033669297644,0.8050996775917891,0.8187770510089187,0.8208611514628306,0.6896901868117151,0.7797803989727768,0.7946285709007612,0.8062696846033764,0.8232778926856595,0.8274990565449764,CT,False,[1.5        1.49999988 1.5       ],"(67, 177, 255)",True,6
MR_BraTS-T2f_bratsgli_0577,2.5450446605682373,0.0,0.5069386959075928,0.4965622425079345,0.5160386562347412,0.5089409351348877,0.516564130783081,0.1093267467836383,0.0,0.0280038042903941,0.0,0.0,0.0162175545743407,0.0209615858163014,0.0313912864775996,0.0348631950573698,0.0280038042903941,0.0,0.0,0.0,0.0,0.0,0.0,MR,True,[1. 1. 1.],"(64, 218, 182)",False,4
MR_Spider_5_t2_vet,19.10352611541748,3.289362668991089,3.187762498855591,3.166358232498169,3.1293318271636963,3.212106466293335,3.1186044216156006,2.93010203114693,2.4255805003612307,0.7513178477215214,0.6143232741238256,0.5886542003004581,0.6763625301039093,0.7262022688575186,0.7394407564741995,0.7506188169024968,0.7513178477215214,0.5495770417378213,0.5946511936622567,0.6021547337623163,0.6050845633912442,0.6138539693146293,0.6143232741238256,MR,False,[0.5859375  3.29999995 0.5859375 ],"(17, 512, 512)",True,7
MR_BraTS-T1c_bratsgli_1216,2.324160575866699,0.0,0.4451134204864502,0.4613738059997558,0.4750845432281494,0.4848232269287109,0.4577655792236328,0.1598913268537971,0.0,0.0446881798404641,0.0,0.0,0.034823996712779,0.0391442523835361,0.0427059712773998,0.0382850149162395,0.0446881798404641,0.0,0.0,0.0,0.0,0.0,0.0,MR,True,[1. 1. 1.],"(45, 218, 182)",False,4
MR_BraTS-T1n_bratsgli_1120,2.428121328353882,0.0,0.4837992191314697,0.4657888412475586,0.4751343727111816,0.4989948272705078,0.5044040679931641,0.915697182057801,0.6809145074640719,0.2736075790179694,0.225425495687354,0.0,0.1510339680077273,0.2096757251541843,0.2291577471026795,0.2645429362880886,0.2736075790179694,0.0,0.0,0.1661738956649258,0.1818709303085014,0.2201569336469676,0.225425495687354,MR,True,[1. 1. 1.],"(57, 218, 182)",False,2
CT_GTVpNCCT_segrap_0119,2.999511241912842,0.5099282264709473,0.5133635997772217,0.5064752101898193,0.4898757934570312,0.4836063385009765,0.4962620735168457,3.037485392367583,3.165272371270229,0.7617786813550507,0.7922899268983754,0.7501350938608651,0.7587266324770165,0.7586517279768813,0.7587269237149561,0.759854083759712,0.7617786813550507,0.776732723003701,0.7916388398753624,0.7910632857776204,0.7902213515514115,0.7920233505543288,0.7922899268983754,CT,True,[0.59960938 0.59960938 3.        ],"(19, 512, 512)",True,1
CT_TCIA-LCTSC_LCTSC-Test-S2-103,23.84947967529297,3.8673577308654794,3.949775457382202,4.080814361572266,3.942103385925293,4.00707221031189,4.00235652923584,3.3277201370016,3.137287052103477,0.8450369427121261,0.8043564221927036,0.760034247333112,0.8231965812464651,0.8246557011921164,0.8257407167250028,0.8432069571051851,0.8450369427121261,0.6383482326600978,0.7738401720344134,0.7729556206583151,0.7757718746934358,0.799461259638167,0.8043564221927036,CT,False,[0.97656202 0.97656202 2.5       ],"(118, 512, 512)",True,5
MR_BraTS-T1c_bratsgli_0235,2.5670783519744877,0.0,0.4878842830657959,0.4998588562011719,0.5115227699279785,0.5025279521942139,0.5652844905853271,0.0008086313603134,0.0,0.0001686454398273,0.0,0.0,0.00037250253979,0.0002794232703699,0.00014738083207,0.0001112532680647,0.0001686454398273,0.0,0.0,0.0,0.0,0.0,0.0,MR,True,[1. 1. 1.],"(75, 218, 182)",False,4
CT_AbdomenAtlas_BDMAP_00001245,38.98429203033447,6.314040899276733,6.8128392696380615,6.397936582565308,6.661632776260376,6.50434136390686,6.293501138687134,3.394505385443149,3.616745515093123,0.855905869501186,0.9153136155033604,0.7349275483297437,0.8107373619512046,0.8420117702064492,0.8561370835343007,0.8630349159762045,0.855905869501186,0.7450937276102757,0.8466371408292126,0.8929920488615161,0.9167028783898876,0.9260752096754328,0.9153136155033604,CT,False,[0.9765625 0.9765625 3.       ],"(154, 239, 464)",True,12
CT_AMOS_amos_0129,47.16745853424072,8.068164825439453,7.442090034484863,7.677364349365234,8.100386142730713,7.846163511276245,8.033289670944214,3.2174011660827384,3.5030741404272967,0.8200788252192934,0.8892991168895671,0.6958586610075816,0.7593290297271305,0.7976421187171275,0.8115404288468376,0.8185146910455615,0.8200788252192934,0.7566917847994609,0.8351650332970262,0.8694742082358822,0.8821369318350968,0.8892309252630212,0.8892991168895671,CT,False,[0.78200001 0.78200001 5.        ],"(95, 512, 512)",True,14
CT_TotalSeg_cardiac_s0573,17.479657649993896,2.948147773742676,2.9017624855041504,2.8361730575561523,2.868318796157837,2.8426079750061035,3.082647562026977,2.977232985234638,3.122542109328851,0.8297413917485258,0.8622101541822191,0.4709489163210118,0.57414854687516,0.716480842883099,0.7668159030807407,0.7919912699589554,0.8297413917485258,0.5186722893387631,0.6248272260467148,0.7521878731943357,0.8024176229747487,0.8244179230452996,0.8622101541822191,CT,False,[1.5 1.5 1.5],"(135, 224, 224)",True,6
MR_ProstateT2_T2-ProstateX-0085,2.981847286224365,0.4854745864868164,0.4791207313537597,0.5230822563171387,0.5140092372894287,0.4955942630767822,0.4845662117004394,3.5814430030367954,3.60537074719241,0.8937262943941346,0.8970160475766471,0.901628073020882,0.8983737830304281,0.8962469017639065,0.8949203502956865,0.8942257122649209,0.8937262943941346,0.9194933234020513,0.908784537750856,0.9041000856322664,0.9001592619391664,0.8982111069572254,0.8970160475766471,MR,True,[0.5        0.5        2.99999928],"(18, 384, 384)",True,1
MR_BraTS-T1n_bratsgli_0561,2.3899502754211426,0.0,0.4625768661499023,0.4901812076568603,0.4656307697296142,0.4904253482818603,0.4811360836029053,0.7736544789497071,0.215422640262407,0.2065404475043029,0.1473975988409562,0.0,0.1612200435729847,0.1886932239129195,0.1987523324142924,0.2023286770838511,0.2065404475043029,0.0,0.0,0.0,0.0,0.1417238408419289,0.1473975988409562,MR,True,[1. 1. 1.],"(60, 218, 182)",False,3
CT_totalseg-vertebrae_s0196,76.95924377441406,12.611202239990234,13.326422452926636,12.272209882736206,13.00611662864685,12.946800708770752,12.796491861343384,2.8507292545941083,3.0083497311145857,0.739058825469879,0.7721171362848596,0.6103482894543514,0.6975631518095007,0.6942338838707117,0.7239742578633864,0.7142101242203202,0.739058825469879,0.6610928427991688,0.7298649265215366,0.7351934791683518,0.7648831381831016,0.7572820823599343,0.7721171362848596,CT,False,[1.5 1.5 1.5],"(335, 295, 295)",True,24
CT_LungLesions_lung_027,3.907270669937134,0.6327857971191406,0.6060378551483154,0.6701085567474365,0.6663663387298584,0.6682794094085693,0.6636927127838135,3.739500312083581,3.7044771917555375,0.9349905961239676,0.9266216715982668,0.9330008530743488,0.9346403089611834,0.9347406316478482,0.9349536317691892,0.9349905961239676,0.9349905961239676,0.9220423236031862,0.9254275281849428,0.9253966672052378,0.926434253060428,0.9266216715982668,0.9266216715982668,CT,True,[0.859375   0.859375   1.24526513],"(28, 512, 512)",True,1
MR_BraTS-T2f_bratsgli_1033,2.33963942527771,0.0,0.4533095359802246,0.4569847583770752,0.4746718406677246,0.4733664989471435,0.481306791305542,0.686062513070289,0.1186707916799392,0.2386337499041631,0.2373415833598785,0.0,0.1288311846266115,0.1536852733304485,0.1650597318787692,0.1835850405956838,0.2386337499041631,0.0,0.0,0.0,0.0,0.0,0.2373415833598785,MR,True,[1. 1. 1.],"(50, 218, 182)",False,2
MR_BraTS-T2w_bratsgli_0931,2.415714740753174,0.0,0.4564776420593261,0.5172286033630371,0.4724581241607666,0.4943995475769043,0.4751508235931396,0.6888946211376663,0.1055222039371607,0.2172362171253257,0.2110444078743215,0.0,0.1156920047345211,0.1542857866991078,0.173364789551065,0.1947799339575699,0.2172362171253257,0.0,0.0,0.0,0.0,0.0,0.2110444078743215,MR,True,[1. 1. 1.],"(50, 218, 182)",False,3
MR_BraTS-T1c_bratsgli_0063,2.447283744812012,0.0,0.418311595916748,0.5228233337402344,0.4437642097473144,0.5264761447906494,0.5359084606170654,0.0478882785507575,0.0,0.0152879178789043,0.0,0.0,0.0087967969138147,0.0104234778260702,0.0129723767504316,0.0124500665778961,0.0152879178789043,0.0,0.0,0.0,0.0,0.0,0.0,MR,True,[1. 1. 1.],"(69, 218, 182)",False,4
MR_BraTS-T1c_bratsgli_0991,2.115591526031494,0.0,0.4128577709197998,0.4257361888885498,0.4261350631713867,0.4305195808410644,0.4203429222106933,0.5985843193142728,0.0,0.1874773066526808,0.0,0.0,0.1343626570915619,0.1400429394704131,0.1452648787513137,0.1523565192204245,0.1874773066526808,0.0,0.0,0.0,0.0,0.0,0.0,MR,True,[1. 1. 1.],"(38, 218, 182)",False,2
CT_AbdTumor_hepaticvessel_230,3.2684216499328613,0.5387403964996338,0.5478219985961914,0.5587644577026367,0.5158050060272217,0.549774169921875,0.5575156211853027,2.651523407207436,2.3447400358503336,0.6779939934998148,0.6060920806346125,0.6272058591407015,0.6355604638321369,0.6586023702492848,0.6640689769524125,0.6720748313397624,0.6779939934998148,0.5066716170137832,0.5351907784184687,0.5821322228229637,0.5929756433919009,0.5989907401089283,0.6060920806346125,CT,True,[0.83398402 0.83398402 5.        ],"(15, 512, 512)",True,1
MR_BraTS-T2w_bratsgli_0605,2.535752058029175,0.0,0.4982697963714599,0.4936690330505371,0.5214574337005615,0.520620584487915,0.5017352104187012,0.2158778051574698,0.0,0.0607120646766169,0.0,0.0,0.0531594614708071,0.0476623977781206,0.0493536827286107,0.0619259615770264,0.0607120646766169,0.0,0.0,0.0,0.0,0.0,0.0,MR,True,[1. 1. 1.],"(66, 218, 182)",False,4
Microscopy_SELMA3D_patchvolume_cfos_009_1_0_0,51.4318265914917,8.283878564834595,9.062376022338867,8.458860874176025,8.758476495742798,8.395017385482788,8.473217248916626,3.4008520240598985,3.985163285743448,0.8563140063638008,0.9983269479779842,0.8041517564318597,0.8233802434935378,0.8548149657794173,0.8514810035091016,0.8547089298427109,0.8563140063638008,0.9825465866547564,0.9912621813758004,0.9952847882056222,0.9967569848829496,0.9983269479779842,0.9983269479779842,Mi,False,[1. 1. 1.],"(25, 50, 50)",True,19
PET_autoPET_psma_a3c5675abaec3e1d_2017-08-14,2.889528512954712,0.4804263114929199,0.4888880252838135,0.480377197265625,0.4764947891235351,0.4876735210418701,0.4756686687469482,2.059237774435113,0.6908338200830907,0.5182167911292147,0.1736844605880828,0.4134971718353813,0.4977334542157751,0.5148290695041884,0.5182167911292147,0.5182167911292147,0.5182167911292147,0.1496857188606234,0.1694593855265731,0.1718929758495969,0.1736844605880828,0.1736844605880828,0.1736844605880828,PE,True,[2.734375   2.734375   3.26999998],"(36, 256, 256)",True,1
CT_AbdTumor_case_00208,2.8726141452789307,0.4567184448242187,0.4763126373291015,0.463249921798706,0.5088012218475342,0.4659075736999511,0.501624345779419,3.549129432673017,3.9930718041639808,0.895823687378461,0.9984645969796284,0.8538481698261553,0.8748322447884047,0.8839858938421196,0.8877941981390257,0.8920213746084393,0.895823687378461,0.9908696055255666,0.998099493015086,0.9981617501301736,0.998162098779443,0.9984659102570068,0.9984645969796284,CT,True,[0.88476562 0.88476562 5.        ],"(6, 512, 512)",True,1
MR_Spider_82_t2_vet,19.65995168685913,3.6225624084472656,3.157130479812622,3.1660256385803223,3.200122356414795,3.220765829086304,3.2933449745178223,2.770437962571596,2.40629708117492,0.6958706750087259,0.6043331083949897,0.6639989576101889,0.6857559575076877,0.6909576973933694,0.6931539931132624,0.6955129558067574,0.6958706750087259,0.5750214293616301,0.5917363790072594,0.601109947429087,0.6030747455100841,0.6040776445346241,0.6043331083949897,MR,False,[0.67708331 4.80000019 0.67708331],"(16, 384, 384)",True,7
Microscopy_SELMA3D_patchvolume_nuclei_004_1_0_0,344.3870122432709,58.5263946056366,56.03362894058228,55.28132438659668,59.92510747909546,57.20294904708862,57.41760778427124,2.977396715064155,3.7459987821753846,0.7628572065652254,0.9538016757173416,0.6820054436869103,0.7217039188237594,0.7370342604279073,0.746092876955749,0.7519890149860062,0.7628572065652254,0.9131681943367256,0.9356116380815144,0.9345329370945394,0.9318166555681758,0.9349425326132412,0.9538016757173416,Mi,False,[1. 1. 1.],"(34, 100, 100)",True,125
MR_heart-ACDC_ACDC_patient114_frame11_lvrv,5.70443320274353,0.9519307613372804,0.9009511470794678,0.909088373184204,0.9817280769348145,0.9887614250183104,0.9719734191894532,2.0135809524892023,2.154069803120851,0.5139675461851134,0.5353314432653724,0.4662984523462455,0.4913114108496603,0.4919245716620071,0.4985856909596508,0.5204312113501576,0.5139675461851134,0.4907948878756173,0.5355507680090655,0.5217687167384262,0.531640526834545,0.565219453910661,0.5353314432653724,MR,True,[ 1.36719  1.36719 10.     ],"(9, 256, 216)",True,2
CT_TotalSeg_muscles_s0846,2.747048139572144,0.4659109115600586,0.4499902725219726,0.4552483558654785,0.4539380073547363,0.4545753002166748,0.4673852920532226,3.4401276780680226,3.968610381188841,0.8625261688764829,0.9925863689509208,0.8447121820615796,0.8593103448275862,0.8587491215741392,0.8599303135888502,0.8605299860529986,0.8625261688764829,0.987531345671049,0.9914704595101682,0.9914012648423528,0.9925906535747152,0.9925900485412285,0.9925863689509208,CT,True,[1.5 1.5 1.5],"(21, 102, 102)",True,1
MR_Spider_36_t1_vet,19.447921991348267,3.0129141807556152,3.1394083499908447,3.1099343299865723,3.2656145095825195,3.432781219482422,3.487269401550293,3.081179334149418,2.4297892990119205,0.7812019875834616,0.6057010682946965,0.7127562536904964,0.7450663040615174,0.7556685351171826,0.7811453582694439,0.7812312949403021,0.7812019875834616,0.5845192162921563,0.604869208068636,0.6133179316782861,0.6055133495547677,0.6056728795972008,0.6057010682946965,MR,False,[0.62523884 3.29995476 0.625     ],"(24, 448, 448)",True,7
MR_WMH_FLAIR_Utrecht_47,142.12775897979736,22.690756797790527,24.80809760093689,23.31461000442505,22.28064489364624,24.038525104522705,24.995124578475952,1.3220639045360516,2.077721434230201,0.345699159950591,0.545595925005239,0.2560966900685041,0.2977492877555798,0.3219160560930535,0.3346318372011086,0.3437917873888041,0.345699159950591,0.4010491168370146,0.4636001610923518,0.497956407584022,0.5314075572284299,0.5437594263689537,0.545595925005239,MR,False,[0.95833337 0.95833337 2.99999905],"(26, 240, 240)",True,51
CT_TotalSeg_organs_s0217,8.765379428863525,1.4682321548461914,1.4247636795043943,1.43035888671875,1.425074577331543,1.5341613292694092,1.4827888011932373,2.7556130220750443,2.8675683759620347,0.7045304819942001,0.7274311450244754,0.6499277612979028,0.6709948037824641,0.6765719107648845,0.6892580265684675,0.7020204418533601,0.7045304819942001,0.6934055573805692,0.7097007699613956,0.7032711988413417,0.7190433832392144,0.7266878363885433,0.7274311450244754,CT,True,[1.5 1.5 1.5],"(23, 133, 133)",True,3
PET_autoPET_fdg_0b98dbe00d_08-11-2002-NA-PET-CT Ganzkoerper  primaer mit KM-83616,70.9067530632019,11.66814374923706,12.439401388168337,12.192468166351318,11.54220414161682,10.902267694473268,12.162267923355104,2.8484795302550694,2.596180982793282,0.7144719281859407,0.6525100965672304,0.6641857746636806,0.7098738482077025,0.7122353479240797,0.7110441404091481,0.7130271537250202,0.7144719281859407,0.5900383065145833,0.6463404139646113,0.6493903725295188,0.6474360943067656,0.6499292606910766,0.6525100965672304,PE,False,[2.03642011 2.03642011 3.        ],"(231, 400, 400)",True,21
MR_BraTS-T2w_bratsgli_0976,2.5791566371917725,0.0,0.4805078506469726,0.5342788696289062,0.5469832420349121,0.4932851791381836,0.5241014957427979,0.1394103311288261,0.0,0.0421574705517668,0.0,0.0,0.0251855779427359,0.0309013756758606,0.0383948476591528,0.0364425835465612,0.0421574705517668,0.0,0.0,0.0,0.0,0.0,0.0,MR,True,[1. 1. 1.],"(54, 218, 182)",False,4
MR_BraTS-T1n_bratsgli_1070,2.480992317199707,0.0,0.4924836158752441,0.4970824718475342,0.4916808605194092,0.5153088569641113,0.4844365119934082,0.0331284817836613,0.0,0.0086984016364352,0.0,0.0,0.0067760633521103,0.008160995356898,0.0085538004328584,0.008676453499632,0.0086984016364352,0.0,0.0,0.0,0.0,0.0,0.0,MR,True,[1. 1. 1.],"(84, 218, 182)",False,3
CT_TotalSeg_muscles_s0326,29.34626531600952,4.790114164352417,4.903306484222412,4.870035648345947,4.690165281295776,4.975879192352295,5.116764545440674,3.3788889289697286,3.235930062270241,0.8829610683161011,0.8572516024892233,0.6063177632445502,0.7442970159271632,0.8348237050875561,0.8590152486675151,0.8714209330930253,0.8829610683161011,0.5702647446966461,0.7018758901186544,0.7917926516336617,0.8237004589920222,0.8408732053406185,0.8572516024892233,CT,False,[1.49999988 1.5        1.5       ],"(209, 168, 217)",True,10
CT_AbdTumor_liver_88,9.391753673553469,1.512453556060791,1.5631682872772217,1.5657958984375,1.5680806636810305,1.5298938751220703,1.6523613929748535,3.181393651958256,3.243651095020961,0.8007444902066125,0.8163010157605333,0.7118666498582007,0.7750903612752188,0.7922818477250803,0.8025320416756,0.7986623368166603,0.8007444902066125,0.7066635562170117,0.7983454949191248,0.8072866172282317,0.8134178903520446,0.8156233321008561,0.8163010157605333,CT,True,[0.75599998 0.75599998 0.80000001],"(74, 512, 512)",True,2
CT_GTVpEnhance_segrap_0091,3.4468295574188232,0.5648541450500488,0.570692777633667,0.5686514377593994,0.5787808895111084,0.5828006267547607,0.5810496807098389,2.5201189431695044,2.8008846310751294,0.6167919522440858,0.6780244366356389,0.6075774800126726,0.6332934131736527,0.6576390072822037,0.6202719815008534,0.617165271677578,0.6167919522440858,0.629379076225438,0.6943769388861617,0.746112793032717,0.6894827274670154,0.679088422814497,0.6780244366356389,CT,True,[0.54492188 0.54492188 3.        ],"(21, 512, 512)",True,1
MR_BraTS-T1n_bratsgli_0127,2.755033493041992,0.0,0.5559334754943848,0.5476551055908203,0.562415599822998,0.5327334403991699,0.5562958717346191,0.056327249965442,0.0,0.0128540467827516,0.0,0.0,0.0144898986582616,0.0139137460482988,0.014388489208633,0.0143530419880034,0.0128540467827516,0.0,0.0,0.0,0.0,0.0,0.0,MR,True,[1. 1. 1.],"(76, 218, 182)",False,3
MR_BraTS-T1n_bratsgli_0994,2.686341524124145,0.0,0.544257640838623,0.5886178016662598,0.5354938507080078,0.4805197715759277,0.5374524593353271,0.0205499953815862,0.0,0.0039570378745053,0.0,0.0,0.0146686803851236,0.0069375170037181,0.0026005442999697,0.0016990749480838,0.0039570378745053,0.0,0.0,0.0,0.0,0.0,0.0,MR,True,[1. 1. 1.],"(109, 218, 182)",False,2
MR_WMH_FLAIR_Singapore_78,11.566767930984495,2.0101158618927,2.017774105072021,2.002934455871582,1.7964682579040527,1.8162260055541992,1.9232492446899412,2.437918257701215,3.390051680827961,0.6241037589184302,0.8799684060676249,0.5516314418620846,0.5787555210785249,0.6108806922910286,0.6105722705608281,0.6150356548508803,0.6241037589184302,0.7605485294126698,0.7698294486005629,0.8083386780599496,0.8743708373939394,0.8824432380399777,0.8799684060676249,MR,False,[1.         0.99999994 3.00000095],"(15, 256, 232)",True,4
MR_BraTS-T1c_bratsgli_0665,2.5060360431671143,0.0,0.5011575222015381,0.508080244064331,0.5058472156524658,0.4831936359405517,0.5077574253082275,0.0257179111054185,0.0,0.0014812376563528,0.0,0.0,0.0072874867395415,0.0,0.0119442089851275,0.0093893399223438,0.0014812376563528,0.0,0.0,0.0,0.0,0.0,0.0,MR,True,[1. 1. 1.],"(45, 218, 182)",False,4
MR_QIN-PROSTATE-Lesion_PCAMPMRI-00013_1_0_MR,2.788727283477783,0.4651293754577636,0.4565484523773193,0.4676992893218994,0.4631578922271728,0.4681723117828369,0.468019962310791,2.3387683100429384,3.7935700499102696,0.5852090032154341,0.9639538112578908,0.5423728813559322,0.5632911392405063,0.6136986301369863,0.5766871165644172,0.5741324921135647,0.5852090032154341,0.8503435060310612,0.8426952874908472,0.9615074478757888,0.9645374433370828,0.9642006093230294,0.9639538112578908,MR,True,[0.70310003 0.70310003 4.00000191],"(3, 256, 256)",True,1
MR_BraTS-T1c_bratsgli_1221,2.5671184062957764,0.0,0.5951366424560547,0.5048627853393555,0.4845433235168457,0.4847843647003174,0.4977912902832031,0.2037779218610143,0.0,0.0568034341619247,0.0,0.0,0.0378327884166277,0.047154505366503,0.0511478959000496,0.0581574093051854,0.0568034341619247,0.0,0.0,0.0,0.0,0.0,0.0,MR,True,[1. 1. 1.],"(78, 218, 182)",False,4
CT_TotalSeg_muscles_s1149,54.82951736450195,8.317551374435425,8.970101356506348,8.986060619354248,9.6770658493042,9.42589235305786,9.452845811843872,2.9712177852985304,2.651547403309198,0.787400798179207,0.7074511455794428,0.6158713627713684,0.6967386010310544,0.7140612326476714,0.7428934509879022,0.7721934020578262,0.787400798179207,0.5424586462009391,0.6191247734937675,0.6405821352708723,0.6618225382423875,0.6858547702593331,0.7074511455794428,CT,False,[1.5 1.5 1.5],"(329, 183, 215)",True,17
US_Cardiac_patient0220_4CH_half_sequence,11.417009115219116,1.9231736660003664,1.7955715656280518,1.8555662631988523,2.033292293548584,1.889714241027832,1.9196910858154297,3.3584330194113523,3.564944336165624,0.8460005278816616,0.9001610074698464,0.7828431012156232,0.8283756387190889,0.8375510383939279,0.8400287389421747,0.8436651587748744,0.8460005278816616,0.837359801256173,0.8774956470161351,0.8878347085534642,0.8913433708744537,0.896937929494715,0.9001610074698464,US,False,[0.308 0.308 1.   ],"(13, 584, 708)",True,3
MR_BraTS-T2f_bratsgli_1124,2.5816919803619385,0.0,0.4955387115478515,0.5508565902709961,0.5361268520355225,0.504737377166748,0.4944324493408203,0.5899037497654753,0.0,0.1688895852510494,0.0,0.0,0.1237391813626602,0.1399486493328029,0.146684282674904,0.1569564344509134,0.1688895852510494,0.0,0.0,0.0,0.0,0.0,0.0,MR,True,[1. 1. 1.],"(62, 218, 182)",False,3
MR_ProstateT2_T2-ProstateX-0158,3.017766237258911,0.489537239074707,0.5134897232055664,0.5091924667358398,0.5104837417602539,0.4986543655395508,0.4964087009429931,3.7465276754847454,3.9171393073174903,0.9373111237848007,0.9797838894769408,0.9302398148569496,0.9351517459650412,0.9363534330552584,0.9368030227493376,0.9371397848052296,0.9373111237848007,0.9788784365264038,0.9785843347269022,0.9789210185224264,0.9794420422240192,0.979592134469124,0.9797838894769408,MR,True,[0.5        0.5        3.00000262],"(13, 384, 384)",True,1
MR_Spider_171_t2_vet,22.827393770217896,4.007163763046265,3.839784383773804,3.658365249633789,3.961138486862183,3.6883296966552734,3.672612190246582,2.82724229806282,2.347648803791828,0.7079540073781991,0.5737443147383172,0.6327440270606766,0.698918592195336,0.7072521431391383,0.7085861324550338,0.7079677226818804,0.7079540073781991,0.5664555989073682,0.6019375885960201,0.6077909064975724,0.5785844606052555,0.573432485021832,0.5737443147383172,MR,False,[0.72916669 4.39999986 0.72916669],"(15, 384, 384)",True,8
CT_TotalSeg_muscles_s0371,47.63958787918091,7.984527349472046,7.942740440368652,8.05097222328186,7.776094913482666,7.786340713500977,8.098912239074707,3.6163616872246696,3.667310408466257,0.915278956246012,0.932021008624366,0.8078929445553328,0.8920585890831682,0.8980869295766721,0.9046014699679632,0.910004515015444,0.915278956246012,0.8159854879646673,0.8977542277589948,0.909096882122882,0.91872800952683,0.9245978986248644,0.932021008624366,CT,False,[1.5 1.5 1.5],"(283, 233, 233)",True,15
CT_TotalSeg_muscles_s0709,50.20834636688232,8.637462615966797,7.678473234176636,8.209603071212769,8.767483949661255,8.150080680847168,8.7652428150177,3.603824516140562,3.573900155559417,0.9096300085464956,0.9067922696303132,0.814681573962951,0.8782155208037096,0.9000865693730795,0.9051058809627648,0.9047093011296156,0.9096300085464956,0.7882432421902809,0.8611112001712082,0.8916161429731555,0.8991704333237556,0.8991618443617447,0.9067922696303132,CT,False,[1.5 1.5 1.5],"(274, 215, 215)",True,15
CT_AMOS_amos_0018,43.79170775413513,6.905718564987183,7.4471564292907715,7.083451986312866,7.376534700393677,7.312541961669922,7.666304111480713,3.161456657348221,3.3936848529220125,0.8054151952293472,0.8643878456648707,0.7179703376484354,0.755402768057874,0.7844936093851678,0.7918155111483963,0.8047385551710459,0.8054151952293472,0.7729617357951543,0.8104687029530625,0.8399629083626942,0.8508661694073246,0.8654275008430273,0.8643878456648707,CT,False,[0.84600002 0.84600002 5.        ],"(63, 512, 512)",True,15
MR_BraTS-T2f_bratsgli_0376,2.827509880065918,0.0,0.577810525894165,0.5797514915466309,0.5715944766998291,0.5721237659454346,0.5262296199798584,0.2081725058512018,0.0,0.0678478520705899,0.0,0.0,0.0405600126998082,0.0468090476925018,0.048645616284661,0.0585139094888398,0.0678478520705899,0.0,0.0,0.0,0.0,0.0,0.0,MR,True,[1. 1. 1.],"(76, 218, 182)",False,4
CT_TotalSeg_muscles_s0686,78.07808351516724,12.805190086364746,13.40560507774353,13.597122430801392,12.59420132637024,12.913249969482422,12.762714624404907,3.471410848115611,3.13133097494097,0.8831973643311822,0.8070104942521559,0.769902801997525,0.8254056259870082,0.8613685810422625,0.8762506861231837,0.8794900857910697,0.8831973643311822,0.6710773846833549,0.7325388237093781,0.7710442736465941,0.7907028425136094,0.7998091997999995,0.8070104942521559,CT,False,[1.5 1.5 1.5],"(407, 265, 265)",True,21
MR_BraTS-T2f_bratsgli_0874,2.6884686946868896,0.0,0.5597207546234131,0.5806796550750732,0.515845775604248,0.5130751132965088,0.5191473960876465,0.23967800247457,0.0,0.0737166991552956,0.0,0.0,0.0534348758542639,0.0581092673115035,0.0590305851606843,0.0589623624976023,0.0737166991552956,0.0,0.0,0.0,0.0,0.0,0.0,MR,True,[1. 1. 1.],"(75, 218, 182)",False,3
MR_BraTS-T2w_bratsgli_0690,2.4863052368164062,0.0,0.4816033840179443,0.4835951328277588,0.4928121566772461,0.4996154308319092,0.5286791324615479,0.7037323895763666,0.0,0.1908818331645519,0.0,0.0,0.1607447273765853,0.1628436318366361,0.1807274766654648,0.1843480008036969,0.1908818331645519,0.0,0.0,0.0,0.0,0.0,0.0,MR,True,[1. 1. 1.],"(40, 218, 182)",False,3
CT_GTVpNCCT_segrap_0082,3.0136585235595703,0.5229144096374512,0.5034792423248291,0.4917271137237549,0.498795747756958,0.496403694152832,0.5003383159637451,2.76149019435107,2.6639755608416333,0.6928477676618263,0.6722098228210499,0.6870420438070608,0.6818700114025086,0.6912227338069543,0.6904309715120526,0.6924775994998958,0.6928477676618263,0.6477111788529522,0.6310941948803451,0.6716651083693039,0.6692939981693553,0.6713644454522765,0.6722098228210499,CT,True,[0.52832031 0.52832031 3.        ],"(22, 512, 512)",True,1
Microscopy_SELMA3D_patchvolume_cfos_009_3_1_0,16.081480264663696,2.5753207206726074,2.6890909671783447,2.6555497646331787,2.7008204460144043,2.719125509262085,2.741572856903076,3.426686728455497,4.0,0.8509928619500001,1.0,0.8175708875235349,0.8643301143301142,0.856735690322139,0.8579228688800072,0.8543666811132931,0.8509928619500001,1.0,1.0,1.0,1.0,1.0,1.0,Mi,False,[1. 1. 1.],"(24, 50, 50)",True,6
MR_BraTS-T1c_bratsgli_0153,2.548755407333374,0.0,0.4735543727874756,0.5199041366577148,0.5156636238098145,0.5265183448791504,0.5131149291992188,0.0227902098527945,0.0,0.0098332766247022,0.0,0.0,0.0067755923803623,0.0031068408031758,0.0,0.0113789345470863,0.0098332766247022,0.0,0.0,0.0,0.0,0.0,0.0,MR,True,[1. 1. 1.],"(76, 218, 182)",False,4
MR_WMH_T1_Utrecht_41,46.63801956176758,7.315397024154663,7.656770944595337,7.786707162857056,8.144924640655518,7.841520547866821,7.892699241638184,1.0335198399673953,1.6983118532386534,0.2735031790487704,0.4590069265271161,0.2564880129870346,0.24082056489893,0.2542343016169888,0.2587116451856996,0.2634120211908566,0.2735031790487704,0.4094639851659944,0.3824903773162667,0.4189860573416903,0.4262369700755238,0.4323401738997479,0.4590069265271161,MR,False,[0.95833331 0.95833331 3.0000031 ],"(22, 240, 240)",True,17
CT_AbdomenAtlas_BDMAP_00005206,35.281773805618286,5.920003652572632,5.679721117019653,5.687679052352905,5.97528076171875,5.962386131286621,6.056703090667725,2.948747791103573,3.082572933517175,0.7675610973043796,0.8001684161823578,0.611652013188393,0.6539190203823569,0.7268337341725118,0.754866290251253,0.7563077078364397,0.7675610973043796,0.6364226309954625,0.6923881009937619,0.7573232355368065,0.7857347094702087,0.7932367299221,0.8001684161823578,CT,False,[0.72265601 0.72265601 2.5       ],"(140, 322, 505)",True,10
MR_totalseg_mr_s0288,71.37862062454224,11.698126554489136,11.713977098464966,12.139828443527222,11.396742343902588,12.654263973236084,11.77568221092224,3.043676619084305,2.956462775705449,0.7805864727019663,0.7735750240973658,0.6608320566077421,0.7183843700232263,0.7502027756904579,0.7673682144245311,0.7766202076067199,0.7805864727019663,0.5926078690291494,0.677224397289992,0.7223167659223261,0.746724906299042,0.7620213927904018,0.7735750240973658,MR,False,[1.25 1.25 3.  ],"(96, 230, 320)",True,25
CT_TotalSeg_muscles_s0566,53.4538254737854,8.320008754730225,7.840376853942871,9.019014120101929,9.391892671585085,9.397958278656006,9.484574794769289,3.508393777077822,3.1250364454121664,0.8896295461968251,0.8033972017230195,0.7084665048077474,0.8324696255499701,0.8748973696842646,0.8831497583143435,0.8892970632058164,0.8896295461968251,0.5888076215777467,0.712043018923351,0.7751963595642788,0.7906890079151481,0.8014309676095547,0.8033972017230195,CT,False,[1.5 1.5 1.5],"(319, 161, 319)",True,15
MR_crossmoda_crossmoda2023_etz_62_ceT1,12.49516487121582,2.0527665615081787,2.071622848510742,2.106940984725952,2.0845634937286377,2.084850311279297,2.0944206714630127,2.8181128489793714,3.865317496764683,0.7014415782579048,0.9537502479541232,0.669921866194738,0.6825461870415623,0.7023685431261781,0.711709349392674,0.712041073810786,0.7014415782579048,0.944522480815576,0.9750082363351112,0.9834062241404988,0.962356527233102,0.9551755032464652,0.9537502479541232,MR,False,[0.8203125  0.8203125  1.49999952],"(14, 256, 256)",True,4
CT_TotalSeg_muscles_s1271,14.419200658798218,2.655714750289917,2.4505574703216557,2.301807641983032,2.276363611221313,2.445615768432617,2.2891414165496826,3.323697391702892,3.4168350922793755,0.8633542554377117,0.9037844855285982,0.5958259009657974,0.7505664764161163,0.8125246098844923,0.8443944910460128,0.8598179248454733,0.8633542554377117,0.5987829069845148,0.7422972659166981,0.8203972353295376,0.8732893635382911,0.900107617688899,0.9037844855285982,CT,False,[1.5 1.5 1.5],"(90, 228, 228)",True,5
MR_AMOSMR_amos_0530,35.636439085006714,6.311811447143555,6.003069162368774,5.941068887710571,5.975581645965576,5.696147441864014,5.708760499954224,3.130686168975834,3.186154572577337,0.8053811721120913,0.8294113800261592,0.7109485332952663,0.7628350238441025,0.7697519879151179,0.7838410263126605,0.792985056769959,0.8053811721120913,0.680864887440523,0.749056962426269,0.7797536610200141,0.8029907352017462,0.8141760051293621,0.8294113800261592,MR,False,[1.1875 1.1875 3.    ],"(64, 290, 320)",True,13
CT_TotalSeg_muscles_s0820,25.567784786224365,4.002999067306519,4.139636516571045,4.257805824279785,4.2364888191223145,4.509722232818604,4.421132326126099,3.0395018084861394,2.777132120605206,0.8143822899134413,0.7646485440990138,0.5442064176054617,0.6522989562248153,0.7182512413874759,0.7847616976027401,0.8031482464267952,0.8143822899134413,0.4988337249761207,0.6046153502945846,0.6390980733295891,0.7117911859447748,0.7416109141340435,0.7646485440990138,CT,False,[1.5 1.5 1.5],"(246, 193, 193)",True,9
MR_BraTS-T1n_bratsgli_0874,2.5773165225982666,0.0,0.505455493927002,0.5407207012176514,0.4753477573394775,0.5037198066711426,0.5520727634429932,0.0826355151869728,0.0,0.0212109260059225,0.0,0.0,0.0224987673376637,0.0204052417134676,0.0209533670680316,0.0194220597336804,0.0212109260059225,0.0,0.0,0.0,0.0,0.0,0.0,MR,True,[1. 1. 1.],"(75, 218, 182)",False,3
CT_TotalSeg_muscles_s0682,50.46342349052429,8.130603075027466,8.976819515228271,8.526924133300781,8.59296441078186,8.042915105819702,8.193197250366211,3.509526938792313,3.127290037987267,0.8886075286923957,0.8031535318353772,0.6883661872567849,0.8260937150282005,0.8758231821576496,0.8862577733424709,0.8900953614318943,0.8886075286923957,0.5505419557259592,0.7085756176703942,0.7774343770492362,0.7931779238936385,0.8008131622915063,0.8031535318353772,CT,False,[1.5 1.5 1.5],"(317, 317, 206)",True,15
US_Cardiac_patient0224_2CH_half_sequence,10.864998579025269,1.761195182800293,1.788067102432251,1.7073969841003418,1.9474551677703855,1.7871410846710205,1.8737430572509768,3.4480560074977955,3.5523152766208,0.8704635109056419,0.8966425487924798,0.7924848360950397,0.8427764142898795,0.8524280445517781,0.8689991598636375,0.8700088404846195,0.8704635109056419,0.8206876587669599,0.8701950746479715,0.878161656435684,0.8950506317530085,0.8956841767118816,0.8966425487924798,US,False,[0.308 0.308 1.   ],"(16, 519, 630)",True,3
MR_Spider_81_t1_ivd,20.14257121086121,3.401203155517578,3.2330329418182373,3.311624765396118,3.344726085662842,3.571231842041016,3.280752420425415,2.6467250000499907,3.073656827161989,0.7030401310094762,0.8148752649620759,0.5317134352226217,0.6036058009218145,0.6389510535404602,0.6698921972169493,0.684558783326936,0.7030401310094762,0.635063439821111,0.7101044122768024,0.7417404441324253,0.7751703814521805,0.7942561629579441,0.8148752649620759,MR,False,[0.46461964 3.31925453 0.5859375 ],"(16, 649, 512)",True,7
MR_ISLES2022_ADC_sub-strokecase0200,2.813354253768921,0.4491922855377197,0.520308256149292,0.4532763957977295,0.4603190422058105,0.4782848358154297,0.4519734382629394,2.780013275315195,3.2574038540258767,0.707881417208966,0.8279170761656216,0.6288686605981795,0.6575766966222497,0.6857518920697598,0.7043539325842697,0.7071783937455579,0.707881417208966,0.6508932630735617,0.7353340285176283,0.8051187543077877,0.8342660258085431,0.836393521567921,0.8279170761656216,MR,True,[1.14583337 1.14583337 4.80000019],"(7, 192, 192)",True,1
MR_BraTS-T2w_bratsgli_0795,2.423255920410156,0.0,0.477635383605957,0.4894511699676513,0.4924273490905761,0.4808855056762695,0.4828565120697021,0.4354033373406572,0.0,0.116842398037877,0.0,0.0,0.0886039534788147,0.10614445186528,0.1181689939279946,0.1083667157890367,0.116842398037877,0.0,0.0,0.0,0.0,0.0,0.0,MR,True,[1. 1. 1.],"(43, 218, 182)",False,2
MR_heart-ACDC_ACDC_patient070_frame01_lvrv,5.530976295471191,0.9125533103942872,1.001579761505127,0.9009459018707277,0.8767070770263672,0.9172797203063964,0.921910524368286,3.5310088928459358,3.7807733287464753,0.8858252585302804,0.947644171158453,0.8231629372857701,0.8760272055279286,0.881894683639139,0.882755570784485,0.8854324063932071,0.8858252585302804,0.8714463949444515,0.9435274272007492,0.9422226415420154,0.9467912095672814,0.9461736784575776,0.947644171158453,MR,True,[ 1.5625  1.5625 10.    ],"(6, 256, 208)",True,2
MR_Head_HNTSMRG24_94_preRT_T2,6.935368776321411,1.1627647876739502,1.142560958862305,1.1611549854278564,1.1647300720214844,1.1397159099578855,1.1644420623779297,3.3786954888724985,3.612355973502592,0.8556483832793629,0.908467402859406,0.8014392443827401,0.8287309499140596,0.8371067561480434,0.8449067271511279,0.8544923389766161,0.8556483832793629,0.8750630981503458,0.8956587082143502,0.9025602556968226,0.9022872188282084,0.9054454434406825,0.908467402859406,MR,True,[0.5 0.5 2. ],"(28, 512, 512)",True,2
CT_AbdTumor_hepaticvessel_185,3.104186773300171,0.5231947898864746,0.5209221839904785,0.5228316783905029,0.501976728439331,0.5152301788330078,0.520031213760376,3.40442655944772,3.7410899390183,0.8593302626665007,0.9443213273577687,0.7561027329765869,0.8327410165284594,0.8518540404786527,0.8508943240646021,0.8556425553069849,0.8593302626665007,0.7540666348972153,0.9124294931305,0.941255328967698,0.9316040860851512,0.9398551137213162,0.9443213273577687,CT,True,[0.97656202 0.97656202 5.        ],"(12, 512, 512)",True,1
MR_BraTS-T1c_bratsgli_0386,2.617591142654419,0.0,0.500237226486206,0.5127038955688477,0.5220882892608643,0.5583717823028564,0.5241899490356445,0.4050723651583914,0.0,0.1445737146074223,0.0,0.0,0.046313034308741,0.0811551081203098,0.0947544942662733,0.1337193883137264,0.1445737146074223,0.0,0.0,0.0,0.0,0.0,0.0,MR,True,[1. 1. 1.],"(109, 218, 182)",False,3
CT_TotalSeg_organs_s0918,72.50272750854492,12.008520603179932,12.337373971939089,12.516636371612549,11.728407382965088,12.159255504608154,11.752533674240112,3.269715668798441,2.9916900460687166,0.8326002538288031,0.7688644738695086,0.7348100955267569,0.7883894495341188,0.8090563893111761,0.8223816846181046,0.8277827431876997,0.8326002538288031,0.6477106272073707,0.7098401520653226,0.7357172169410017,0.7540434695243046,0.7625770466359948,0.7688644738695086,CT,False,[1.5 1.5 1.5],"(420, 252, 252)",True,22
CT_LungLesions_lung_080,3.648559093475342,0.6077210903167725,0.5826659202575684,0.5787487030029297,0.5918657779693604,0.6439642906188965,0.6435933113098145,3.0737342819721287,3.6828305802634542,0.768642447418738,0.920990135567474,0.78548792481696,0.7679274549576423,0.7681644359464627,0.768642447418738,0.768642447418738,0.768642447418738,0.9436404272288008,0.9215519432092418,0.9195792697401484,0.920990135567474,0.920990135567474,0.920990135567474,CT,True,[0.61718798 0.61718798 0.625     ],"(17, 512, 512)",True,1
MR_BraTS-T2f_bratsgli_0214,2.7211368083953857,0.0,0.5440502166748047,0.5643680095672607,0.5520455837249756,0.5427110195159912,0.5179619789123535,0.8705854380866744,0.5664205561255935,0.2597258833378305,0.2497845227105802,0.0,0.1279786106798748,0.1895321534729133,0.2352729807616296,0.2519280568432788,0.2597258833378305,0.0,0.0,0.0,0.2001878318546237,0.2413404629156796,0.2497845227105802,MR,True,[1. 1. 1.],"(75, 218, 182)",False,3
MR_BraTS-T1n_bratsgli_1154,2.660606622695923,0.0,0.5109245777130127,0.5396904945373535,0.5324914455413818,0.5351955890655518,0.542304515838623,0.0022729011203314,0.0,0.0007201032975764,0.0,0.0,0.0004250329766964,0.0004634957166602,0.0006062379797641,0.0006305992867704,0.0007201032975764,0.0,0.0,0.0,0.0,0.0,0.0,MR,True,[1. 1. 1.],"(80, 218, 182)",False,4
CT_AMOS_amos_0043,43.43076229095459,7.0575478076934814,6.759129047393799,7.262685775756836,7.94296407699585,7.471475839614868,6.936959743499756,3.295455194570132,3.6408061800062814,0.8373759666260028,0.9233539666921192,0.7404695017122818,0.797543294019517,0.8164327094471227,0.8272136374046589,0.8343492173955902,0.8373759666260028,0.8019301809525855,0.8841710919516864,0.9031495101375848,0.914925860901904,0.91896827964489,0.9233539666921192,CT,False,[0.84299999 0.84299999 5.        ],"(46, 512, 512)",True,15
MR_ISLES2022_ADC_sub-strokecase0198,6.061926364898682,1.0226988792419434,1.0574135780334473,1.0654118061065674,1.021878004074097,0.9251930713653564,0.9693310260772704,1.4860202564111615,2.8275435810883502,0.3813096532560106,0.7131748042718054,0.4128697233655595,0.3728525026415685,0.3560785751250647,0.3715509500812969,0.3813096532560106,0.3813096532560106,0.680524515028873,0.706223736941265,0.6975236156626068,0.7071458905474031,0.7131748042718054,0.7131748042718054,MR,True,[1.796875   1.796875   4.80000019],"(6, 128, 128)",True,2
PET_autoPET_fdg_a0c4dc1ef1_01-19-2003-NA-PET-CT Ganzkoerper  primaer mit KM-11708,28.569164276123047,4.719925165176392,4.798773288726807,4.641969680786133,4.763797283172607,4.863992214202881,4.780706644058228,2.486068460210229,2.402726460722354,0.6370821881902333,0.6296876202437853,0.5019009334272273,0.5778832949477474,0.6124614520932012,0.63114584899929,0.6349784175487474,0.6370821881902333,0.4239736209670381,0.5420040404196815,0.5749582719874142,0.6169260775682911,0.6249962808349152,0.6296876202437853,PE,False,[2.03642011 2.03642011 3.        ],"(113, 400, 400)",True,9
CT_TotalSeg_cardiac_s0976,39.39596080780029,5.972520589828491,6.706263542175293,6.412264108657837,6.726227045059204,6.922112226486206,6.656573295593262,3.387083172153273,3.566112972285099,0.8710501364559746,0.9207164013458408,0.7480265035938721,0.8074788847645074,0.8293961741044394,0.8539093693550773,0.8645131180835153,0.8710501364559746,0.7670057822304924,0.8427695647042146,0.8677343940182357,0.9037873368521294,0.9128482583897056,0.9207164013458408,CT,False,[1.50000012 1.5        1.5       ],"(194, 191, 240)",True,14
Microscopy_SELMA3D_patchvolume_vessel_020_1_0_0,141.7851173877716,24.049123287200928,22.96500301361084,22.51284670829773,23.73016357421875,23.933892011642456,24.594088792800903,2.404412060479525,3.606597203201358,0.6150455127757624,0.918356078213311,0.5121395116708196,0.5734031507500079,0.5962416737194488,0.6000826754400398,0.6138633795571512,0.6150455127757624,0.8365931245550341,0.8809872745629532,0.8924657406330422,0.9029622448106116,0.9114975413695722,0.918356078213311,Mi,False,[1. 1. 1.],"(12, 250, 250)",True,50
US_Cardiac_patient0243_2CH_half_sequence,10.990423917770386,1.8371219635009768,1.7358038425445557,1.827654838562012,1.873117208480835,1.924389600753784,1.7923364639282229,3.48431254245154,3.569106727211265,0.8856181920943663,0.9123610753740552,0.720355242486677,0.8061520789568238,0.8732967209019908,0.8796380953982924,0.8854925906256623,0.8856181920943663,0.7679416030359424,0.8192395067095051,0.8907830378073903,0.902866465714569,0.9096569326475262,0.9123610753740552,US,False,[0.308 0.308 1.   ],"(19, 519, 630)",True,3
Microscopy_SELMA3D_patchvolume_vessel_011_3_1_0,103.55482387542725,17.260337591171265,17.12578582763672,15.98611307144165,17.59209942817688,17.91845464706421,17.672033309936523,2.7009749724721304,3.654097120723328,0.689118698716523,0.9198771653832029,0.5797973701146499,0.6439700679649253,0.6694927343261777,0.677744465717129,0.6871933890880998,0.689118698716523,0.8364786789335585,0.8903469676107973,0.9148922854285294,0.9137756230722788,0.92031714572552,0.9198771653832029,Mi,False,[1. 1. 1.],"(12, 250, 250)",True,37
MR_ISLES2022_DWI_sub-strokecase0098,2.940387725830078,0.4608290195465088,0.4886283874511719,0.5260660648345947,0.5033493041992188,0.5041642189025879,0.4573507308959961,3.0118763710051253,3.689315317990277,0.847457627118644,0.9959015943146498,0.8064516129032258,0.7105263157894737,0.6419753086419753,0.7575757575757576,0.8333333333333334,0.847457627118644,0.9891837376009548,0.9070504836955936,0.8060272828623241,0.9358649876442549,0.9959470084785764,0.9959015943146498,MR,True,[2. 2. 2.],"(2, 112, 112)",True,1
MR_BraTS-T1n_bratsgli_1006,2.7080397605896,0.0,0.4965441226959228,0.5168473720550537,0.563690185546875,0.5826554298400879,0.5483026504516602,0.399603876063631,0.0,0.0902452992268779,0.0,0.0,0.1287949165768644,0.0923927826638861,0.0547691692092232,0.1429218162886504,0.0902452992268779,0.0,0.0,0.0,0.0,0.0,0.0,MR,True,[1. 1. 1.],"(60, 218, 182)",False,2
MR_BraTS-T2w_bratsgli_0445,2.6847994327545166,0.0,0.523003101348877,0.5467116832733154,0.5474345684051514,0.5537631511688232,0.5138869285583496,0.3952775872880202,0.0,0.105527395607048,0.0,0.0,0.0727508709611312,0.0996511649598,0.102856895694111,0.1036303933500195,0.105527395607048,0.0,0.0,0.0,0.0,0.0,0.0,MR,True,[1. 1. 1.],"(73, 218, 182)",False,2
MR_BraTS-T1c_bratsgli_0559,2.524611711502075,0.0,0.4925334453582763,0.5251290798187256,0.490009069442749,0.5022053718566895,0.5147347450256348,0.3328874831376717,0.0,0.1009459834221797,0.0,0.0,0.0763188602678649,0.0774031140802549,0.0873678352810239,0.0794841119313705,0.1009459834221797,0.0,0.0,0.0,0.0,0.0,0.0,MR,True,[1. 1. 1.],"(48, 218, 182)",False,3
MR_Spider_61_t2_ivd,22.77594542503357,3.7183196544647217,3.691873788833618,3.5205202102661133,3.937091588973999,4.068525791168213,3.839614391326904,2.950557397050368,3.289498286249939,0.7599485251517707,0.8543910070062568,0.6593549220062351,0.7068823070569978,0.7293614439582319,0.7392706137428453,0.7485099232449065,0.7599485251517707,0.7291880023429863,0.7803008521810048,0.8080334004247949,0.8264533289268767,0.8376656273046366,0.8543910070062568,MR,False,[0.51669912 3.31154728 0.5859375 ],"(19, 583, 512)",True,8
CT_TotalSeg_organs_s0439,61.446428060531616,9.90124797821045,10.104053974151611,10.35998511314392,9.59360122680664,10.64542841911316,10.842111349105837,3.533980472052756,3.3771916519463487,0.8962067341688205,0.8661716439476015,0.8236183919380616,0.8547554907768005,0.8798231701212555,0.8853637538611265,0.8933124355975632,0.8962067341688205,0.7479566968606257,0.7983721608614718,0.834010632964634,0.8505233940216403,0.8603857225555382,0.8661716439476015,CT,False,[1.5 1.5 1.5],"(236, 221, 307)",True,20
MR_BraTS-T1c_bratsgli_0477,2.440866708755493,0.0,0.4777054786682129,0.4790656566619873,0.5142104625701904,0.4915945529937744,0.4782905578613281,0.0693364291665144,0.0,0.0176860286288891,0.0,0.0,0.018548901649804,0.0171878847574489,0.0167021111053477,0.0173289681643711,0.0176860286288891,0.0,0.0,0.0,0.0,0.0,0.0,MR,True,[1. 1. 1.],"(42, 218, 182)",False,2
Microscopy_SELMA3D_patchvolume_vessel_020_0_0_1,201.0653822422028,32.274712562561035,33.228989601135254,33.31796407699585,32.952569007873535,34.72674250602722,34.56440448760986,2.538408109421057,3.6861843545351016,0.6536238039599743,0.931901573792842,0.5196609597747335,0.5896157817012897,0.6251622704919034,0.6411426596806383,0.6504833864178831,0.6536238039599743,0.8472491856867622,0.8930820197217599,0.9165135961630264,0.9259241220323068,0.9312548395824676,0.931901573792842,Mi,False,[1. 1. 1.],"(13, 250, 250)",True,72
CT_AbdomenAtlas_BDMAP_00001544,38.2687509059906,6.618419647216797,6.518096923828125,6.134905815124512,6.447906017303467,6.0632688999176025,6.486153602600098,2.250982432464831,2.2617047592516477,0.5676431320930038,0.5750163685156753,0.5335049058772285,0.5548974655812848,0.5583560583233682,0.5648198307436456,0.5665362445606728,0.5676431320930038,0.5169679800835951,0.549058697712371,0.5564394625677086,0.5701692651102288,0.5730584984596863,0.5750163685156753,CT,False,[0.93554688 0.93554688 2.5       ],"(228, 390, 460)",True,10
CT_AbdTumor_PETCT_f60ea3abc5,22.673774003982544,3.66404390335083,3.662010669708252,3.8277394771575928,3.743579149246216,3.948049306869507,3.8283514976501465,2.496657849285725,3.124891993028315,0.6385182620332724,0.7945223169816177,0.5526917598190041,0.594841240253536,0.6218945020050647,0.6245933032064939,0.6334902929307626,0.6385182620332724,0.7083321859794172,0.7612813037959504,0.7763255301326452,0.7817463446114122,0.7889183078954735,0.7945223169816177,CT,False,[0.86914062 0.86914062 2.5       ],"(104, 512, 512)",True,6
MR_Spider_190_t2_vet,22.14556121826172,3.585678100585937,3.5097246170043945,3.796422719955444,3.828025102615357,3.7335710525512695,3.692139625549317,2.960569847981782,2.5077173974471982,0.7427040427633068,0.6295303637717559,0.6945757918387183,0.7328129160353077,0.7381185784088573,0.742093146097078,0.7425996440765397,0.7427040427633068,0.601165230029792,0.6201390462420688,0.6232827214440511,0.630409589813103,0.6291903811831315,0.6295303637717559,MR,False,[0.72916669 4.40000016 0.72916669],"(15, 384, 384)",True,8
MR_BraTS-T2f_bratsgli_1141,2.212438106536865,0.0,0.4167585372924804,0.431908369064331,0.4562520980834961,0.4516520500183105,0.455867052078247,0.7117734851032314,0.3408342008547215,0.2431148683981175,0.254587376720723,0.0,0.120136126942474,0.1396008745406335,0.1780420777582556,0.2125050351340464,0.2431148683981175,0.0,0.0,0.0,0.0,0.2135405124943599,0.254587376720723,MR,True,[1. 1. 1.],"(40, 218, 182)",False,2
Microscopy_SELMA3D_patchvolume_nuclei_004_3_1_0,277.39796710014343,45.99392008781433,44.850574016571045,47.77653241157532,46.79818153381348,45.5112202167511,46.46753883361816,2.3665722331673136,3.2824732458592734,0.6088461755114686,0.8346977682347285,0.5238323220633445,0.5640239298322245,0.580264524820491,0.5930328200636096,0.6068398356113665,0.6088461755114686,0.7879665725892214,0.8048938949927269,0.815968086088245,0.8178422870383054,0.8288670411189951,0.8346977682347285,Mi,False,[1. 1. 1.],"(33, 100, 100)",True,99
MR_Spider_23_t2_spi,3.310008764266968,0.5605731010437012,0.5511484146118164,0.5489294528961182,0.5473721027374268,0.5529248714447021,0.5490608215332031,0.7763377015909815,0.4844235732813933,0.2155876268468534,0.3193302985348922,0.158585635967933,0.1835729565693249,0.1755895769081608,0.2013133227904443,0.1998545101842871,0.2155876268468534,0.0,0.0,0.0,0.3247584240139471,0.0,0.3193302985348922,MR,True,[0.87393115 4.37592739 0.71475294],"(11, 323, 392)",True,1
MR_Spider_142_t2_vet,20.55249524116516,3.4441733360290527,3.2442307472229004,3.563983917236328,3.544790267944336,3.399083137512207,3.356233835220337,2.982619983941821,2.305525049804248,0.7480062253275045,0.5784762165007071,0.7015411775712899,0.7401624913817922,0.7441165249207257,0.7462882652244692,0.7481308354419781,0.7480062253275045,0.5795062966328393,0.5792844875759384,0.5719120752377578,0.5762371066241129,0.5784955159040549,0.5784762165007071,MR,False,[0.53980502 3.30785935 0.5859375 ],"(20, 557, 512)",True,7
CT_AbdTumor_PETCT_6d62e15c29,2.8407702445983887,0.4589235782623291,0.4665398597717285,0.4861421585083008,0.4838345050811767,0.4756274223327636,0.4697027206420898,2.928359608036101,3.2871157873016768,0.7312896989781829,0.8217958950547022,0.7296380090497737,0.7318840579710145,0.7329261521377013,0.732152739346984,0.7316938380768168,0.7312896989781829,0.8155566356177385,0.8158894832265404,0.8232732611633037,0.8224376297311211,0.8225622072666309,0.8217958950547022,CT,True,[0.92578125 0.92578125 2.5       ],"(8, 512, 512)",True,1
CT_TotalSeg_organs_s0034,35.85532093048096,5.895474672317505,6.021541118621826,6.067495107650757,5.982200384140015,6.16527247428894,5.723337173461914,2.9736903255787723,2.933220249844453,0.7621516314007262,0.7543669733093581,0.6702316012506748,0.7267942581228799,0.7400784023191105,0.7411213621428087,0.7480176163550503,0.7621516314007262,0.6299629482591393,0.711714234914169,0.73111321776124,0.7323371349799228,0.7367292929915265,0.7543669733093581,CT,False,[1.5 1.5 1.5],"(226, 308, 308)",True,11
MR_WMH_T1_Utrecht_38,51.93063044548035,8.27055048942566,9.2647807598114,8.58688735961914,8.576498985290527,8.610496044158936,8.621416807174683,0.9428137910551488,1.755363932370905,0.2416509595955049,0.4387912518228349,0.2316874971630841,0.2243864824996339,0.2295512354627036,0.2386812694299903,0.2415625651148854,0.2416509595955049,0.4295907713258087,0.4300160590658284,0.4376216218569461,0.4423856443592563,0.4409530107103706,0.4387912518228349,MR,False,[0.95833331 0.95833331 3.        ],"(20, 240, 240)",True,19
MR_ISLES2022_DWI_sub-strokecase0064,5.433882236480713,0.9282855987548828,0.9233434200286864,0.9322783946990968,0.7790522575378418,0.9231176376342772,0.9478049278259276,3.3605506232624878,4.0,0.8359788359788359,1.0,0.7458874458874458,0.8692493946731235,0.8359788359788359,0.8359788359788359,0.8359788359788359,0.8359788359788359,0.9955867458436802,1.0,1.0,1.0,1.0,1.0,MR,True,[2. 2. 2.],"(24, 112, 112)",True,2
CT_totalseg-vertebrae_s1069,66.69347596168518,10.967161178588867,11.560970067977903,11.36744737625122,11.272402048110962,11.109641075134276,10.415854215621948,3.739143723944438,3.845001565107163,0.9401493749328464,0.9649018028043924,0.8944113107985904,0.9191093282378304,0.9325306639631388,0.9367016582882902,0.9402820501076706,0.9401493749328464,0.9236610486930724,0.9482865314210168,0.9594778088280104,0.9641920293454768,0.9647375598209716,0.9649018028043924,CT,False,[1.5 1.5 1.5],"(393, 231, 231)",True,21
PET_autoPET_fdg_19838cb8e5_07-29-2002-NA-PET-CT Ganzkoerper  primaer mit KM-25383,12.083695888519289,1.9074058532714844,1.876833200454712,1.8880271911621092,2.15445327758789,2.1274898052215576,2.129486560821533,3.379938400355217,2.930040746410573,0.8454424550013006,0.7295947758580702,0.8237009988074563,0.8357251776087035,0.8472156725953056,0.8466920506294425,0.8454468608254674,0.8454424550013006,0.7056103217885045,0.724320631607903,0.7365488398100037,0.7363945281944385,0.7301396746731439,0.7295947758580702,PE,False,[2.03642011 2.03642011 3.        ],"(122, 400, 400)",True,3
MR_BraTS-T2w_bratsgli_1117,2.367704153060913,0.0,0.470024824142456,0.4682281017303467,0.4767534732818603,0.4732701778411865,0.4794275760650635,0.0032314485672113,0.0,0.0006079232665743,0.0,0.0,0.0013168356191612,0.0008644910309055,0.0007265430390257,0.0006780350544123,0.0006079232665743,0.0,0.0,0.0,0.0,0.0,0.0,MR,True,[1. 1. 1.],"(51, 218, 182)",False,2
CT_TotalSeg_organs_s0605,36.71167802810669,6.271681547164917,5.868951320648193,5.853273630142212,6.365041017532349,6.046030044555664,6.3067004680633545,2.7907656033848545,2.505725547054946,0.6935139915952885,0.6323569533404649,0.629560620337628,0.6809977425508484,0.6973978433125255,0.7020414040893842,0.7040704889098762,0.6935139915952885,0.5387032525089547,0.6007453800781274,0.6259462308484188,0.6301592056242076,0.6330689438730236,0.6323569533404649,CT,False,[1.5 1.5 1.5],"(158, 267, 267)",True,12
CT_TotalSeg_muscles_s0218,48.24340891838074,7.83984112739563,7.660335540771484,8.348541975021362,8.043901443481445,7.825664043426514,8.525124788284302,2.929940956340785,2.4996643351933336,0.7579534538126143,0.6432974735502887,0.6601652631001783,0.7064971246122453,0.719020607890615,0.7284943742308247,0.7502006850069148,0.7579534538126143,0.532494350068119,0.5981956648661538,0.6146736469232555,0.6255352157350057,0.6387089033268509,0.6432974735502887,CT,False,[1.5 1.5 1.5],"(273, 265, 265)",True,15
US_Cardiac_patient0215_2CH_half_sequence,10.667879104614258,1.610802412033081,1.9227097034454343,1.8793275356292725,1.7720978260040283,1.8210780620574951,1.6618635654449463,3.104284317071923,2.778957334450789,0.7883894272817056,0.7077903505304891,0.7021081021970194,0.7455396733284574,0.7683616420355338,0.7813387017157404,0.7876194230155672,0.7883894272817056,0.6153439708368506,0.660637239160375,0.6850104975711627,0.7029626532678291,0.706770388766365,0.7077903505304891,US,False,[0.308 0.308 1.   ],"(31, 357, 433)",True,3
MR_WMH_T1_Singapore_87,27.938963413238525,4.536552667617798,4.722148656845093,4.989198684692383,4.591742277145386,4.4819724559783936,4.617348670959473,1.217106562213755,1.84423265062697,0.3113065458090258,0.4716964701690839,0.2676027414425836,0.2817813284322299,0.3025961926219955,0.309202895646638,0.3087635368244935,0.3113065458090258,0.4092140801905626,0.4190224722287848,0.4553242428854333,0.4673976764275046,0.4761512601150977,0.4716964701690839,MR,False,[1.         1.         3.00000048],"(18, 256, 232)",True,10
CT_TotalSeg_muscles_s1357,48.624223470687866,8.26700496673584,8.639126300811768,7.92802357673645,8.127832889556885,7.682590007781982,7.979645729064941,3.4594392357950263,3.0100783416011287,0.8700795170955936,0.7616294101959674,0.7827251326379602,0.8417026769223239,0.8652610821973413,0.8692825110362133,0.8690045455525127,0.8700795170955936,0.6495749140090302,0.7144743555258068,0.7513160254636709,0.76002857265773,0.7606818606188406,0.7616294101959674,CT,False,[1.5 1.5 1.5],"(250, 285, 285)",True,15
CT_totalseg-vertebrae_s0975,50.19822978973389,7.734687566757202,8.529289245605469,8.092286109924316,8.50106692314148,8.243677139282227,9.097222805023192,3.809757170032207,3.928477352292375,0.9548054950695858,0.984703043256588,0.937773829527178,0.9481843727431692,0.95163041389821,0.9525343759669388,0.9540974462606806,0.9548054950695858,0.9625790895454346,0.9769966570678869,0.9810024331572476,0.9824810521644096,0.9841440168084804,0.984703043256588,CT,False,[1.5 1.5 1.5],"(214, 311, 311)",True,15
CT_LungLesions_LUNG1-177,6.017187833786011,1.064574956893921,1.0071330070495603,0.9061112403869628,1.0074195861816406,1.0057060718536377,1.026242971420288,2.623682737516658,2.299817658030724,0.7326352963897971,0.6843490425151574,0.4911565506233553,0.5268288032792745,0.6009259018440012,0.6813546251113564,0.7116701607267645,0.7326352963897971,0.3830374447015187,0.4120337603892332,0.4977180810606572,0.5976103714384309,0.6562978040794403,0.6843490425151574,CT,True,[0.977 0.977 3.   ],"(60, 512, 512)",True,1
MR_totalseg_mr_s0165,6.713045835494995,1.1409883499145508,1.082937240600586,1.0553011894226074,1.1530752182006836,1.1429781913757324,1.137765645980835,3.5742489352151923,3.927459119792167,0.902810410204446,0.9897480993036456,0.8358546271448078,0.8862582458598672,0.8864152136803674,0.8950957295426227,0.8982036639600455,0.902810410204446,0.9136214580141736,0.9731329016254806,0.9709711136193524,0.9859834713705768,0.9890640343376744,0.9897480993036456,MR,True,[0.33482143 0.33482143 3.30000019],"(18, 448, 448)",True,2
CT_AbdTumor_PETCT_3fd361ec14,13.828219890594482,2.245959758758545,2.260300874710083,2.33130955696106,2.298288583755493,2.4400510787963867,2.252310037612915,2.7444391018732484,2.96456083614345,0.6909447757813157,0.7462620314473308,0.6147382296617581,0.6534281325961443,0.68941263304754,0.6916058774545683,0.6912341371824104,0.6909447757813157,0.6604884988220046,0.7038126812435657,0.7450375709037785,0.7473169092629505,0.7471689996312731,0.7462620314473308,CT,False,[0.890625   0.890625   0.69999999],"(104, 512, 512)",True,3
CT_TotalSeg_cardiac_s0071,58.97525334358215,8.989487886428833,10.077537775039673,9.735949277877808,9.625443458557127,10.171228885650637,10.375606060028076,3.1958215298969668,3.3707341082370794,0.8160541135706804,0.8649223797715975,0.7089555464258877,0.7741210882922395,0.7909339725274959,0.8007787548904975,0.8090212015475133,0.8160541135706804,0.7329093972510389,0.8080431875990999,0.8317519934424005,0.8460842355017526,0.8564150956075777,0.8649223797715975,CT,False,[1.5 1.5 1.5],"(278, 308, 308)",True,18
US_Cardiac_patient0213_4CH_half_sequence,11.76292848587036,2.079503059387207,1.9634387493133545,1.9366278648376465,1.877147436141968,1.9348478317260744,1.9713635444641116,3.303709833421812,3.34750093059108,0.8224987543048812,0.837571107953304,0.7575042923142972,0.8066233333718791,0.8180188705858645,0.8324457705404041,0.8386841484571631,0.8224987543048812,0.7609334646097322,0.8096444855056079,0.8258256260033784,0.8459569406573332,0.8521105672009126,0.837571107953304,US,False,[0.308 0.308 1.   ],"(20, 422, 451)",True,3
CT_TotalSeg_muscles_s0746,53.31091713905335,8.544131994247437,9.099833488464355,8.232590436935425,9.08669638633728,9.55947470664978,8.788190126419067,3.2857762567685525,2.873369213839601,0.8305006125660425,0.7359468205145493,0.7663040063295495,0.8000361261819431,0.8184058111196761,0.8231201782198033,0.8289818980550804,0.8305006125660425,0.6469538681837256,0.6911804137965937,0.7120640524590438,0.718046492422608,0.7296950518023778,0.7359468205145493,CT,False,[1.5 1.5 1.5],"(294, 233, 233)",True,17
CT_TotalSeg_organs_s0580,53.31368374824524,8.572292804718018,8.745020389556885,8.957159042358398,8.794423818588257,8.78459620475769,9.460191488265991,3.4580411409902823,3.173284714852256,0.8799442102418424,0.8190757102413432,0.707039639388154,0.8337529083106708,0.8557374619000343,0.8702885154989825,0.8751666043150091,0.8799442102418424,0.6318838713171211,0.7506233632930336,0.7780981498582259,0.800491637374351,0.8098453908524904,0.8190757102413432,CT,False,[1.5        1.50000012 1.5       ],"(200, 181, 288)",True,17
MR_BraTS-T1c_bratsgli_1123,2.480508089065552,0.0,0.5045132637023926,0.4909658432006836,0.4984073638916015,0.4920485019683838,0.4945731163024902,0.8008201695038416,0.5243578940218503,0.2494495060705844,0.2299461646328964,0.0,0.1413261166805666,0.1428757077879885,0.2239884653509957,0.2385681849892816,0.2494495060705844,0.0,0.0,0.0,0.1985435326958234,0.2108412790095785,0.2299461646328964,MR,True,[1. 1. 1.],"(72, 218, 182)",False,3
CT_LungMasks_LUNG1-054,11.240439176559448,1.8222672939300537,1.735515594482422,1.9424402713775637,1.8866727352142332,1.901097297668457,1.9524459838867188,3.827635653694824,3.559302196113258,0.9566791966299744,0.8905428454308109,0.9526294727059056,0.9627559863239176,0.955694306162172,0.9566595739765392,0.9555641820791664,0.9566791966299744,0.84200292755782,0.9117584046691796,0.8842619693832123,0.8906318242917197,0.8832577773883303,0.8905428454308109,CT,False,[0.977 0.977 3.   ],"(76, 512, 512)",True,2
CT_TotalSeg_cardiac_s0061,25.48530602455139,4.347429275512695,4.386320114135742,4.223525047302246,4.115021705627441,4.2376697063446045,4.175340175628662,3.498482103218628,3.814462257698942,0.8917580869528189,0.9708499023448108,0.7742668065574985,0.8314048591973364,0.8683480125879923,0.8816369619358075,0.8869156556197504,0.8917580869528189,0.82645111790859,0.9023457215433788,0.9484131338918368,0.9630907156358224,0.9663605962271882,0.9708499023448108,CT,False,[1.5 1.5 1.5],"(91, 194, 233)",True,9
MR_BraTS-T1c_bratsgli_1317,2.742736339569092,0.0,0.56630539894104,0.539637565612793,0.575822114944458,0.532987117767334,0.5279841423034668,0.0676862079885881,0.0,0.002178584218694,0.0,0.0,0.0243706265583527,0.029225416590368,0.0223616401523638,0.0028245458573327,0.002178584218694,0.0,0.0,0.0,0.0,0.0,0.0,MR,True,[1. 1. 1.],"(101, 218, 182)",False,4
CT_AbdTumor_case_00004,3.1138808727264404,0.5487778186798096,0.5485329627990723,0.5231468677520752,0.5060784816741943,0.4901299476623535,0.4972147941589355,3.671838791902644,3.963470165974001,0.9179765130984644,0.9938744138821948,0.8822785876801214,0.9183309557774608,0.9209344115004492,0.9160915365056302,0.9166591094586016,0.9179765130984644,0.9674267292302126,0.996361432008464,0.9961798532352796,0.9845205494482958,0.987651840345096,0.9938744138821948,CT,True,[0.9765625 0.9765625 4.       ],"(10, 512, 512)",True,1
CT_totalseg-vertebrae_s0096,34.816978216171265,5.275903463363648,5.730721950531006,5.950885772705078,5.947925090789795,5.543790817260742,6.367751121520996,3.2982313699083505,3.2407889114829453,0.8579342644008178,0.8571370871234564,0.7157695124712189,0.7843978961869734,0.8082873630783302,0.8274008595538521,0.8413770669822725,0.8579342644008178,0.7281419034945152,0.772767754461155,0.7907433687823479,0.8098904178723978,0.8252027040358936,0.8571370871234564,CT,False,[1.5 1.5 1.5],"(274, 259, 259)",True,11
CT_AbdomenAtlas_BDMAP_00001443,39.84708762168884,6.397734642028809,6.658910751342773,6.23280143737793,6.964635848999023,6.585724353790283,7.007280588150024,3.487446212171786,3.634368776558074,0.8806238809609138,0.9215211848898548,0.8155041012156691,0.8518539063137868,0.8692654200113327,0.8745223139631836,0.8774195845599195,0.8806238809609138,0.8112437681382865,0.8757638718338928,0.9023624834412544,0.913485128440578,0.9198786363143676,0.9215211848898548,CT,False,[0.7421875 0.7421875 3.       ],"(134, 350, 512)",True,11
US_Cardiac_patient0242_4CH_half_sequence,10.911024332046509,1.776866436004639,1.72522234916687,1.716386318206787,1.8683855533599851,1.8631837368011477,1.96097993850708,3.3007818656239576,3.372983576211866,0.83426494303263,0.8533758623933517,0.7832510907026317,0.8155155259941794,0.8227544435420482,0.8263616367151537,0.8267755508533511,0.83426494303263,0.8058294394685618,0.8347806658504644,0.840623166898129,0.8449819902339089,0.8433001549579201,0.8533758623933517,US,False,[0.308 0.308 1.   ],"(16, 552, 669)",True,3
Microscopy_SELMA3D_patchvolume_vessel_006_3_1_0,59.91163802146912,8.98345685005188,9.543433427810667,10.3031907081604,10.28676462173462,10.356375455856323,10.438416957855225,2.2767554821726224,3.306377557614347,0.5830907703374313,0.8490663612516229,0.4971748756915201,0.5396000215008324,0.5621051787735183,0.5757590931691626,0.5775458143108094,0.5830907703374313,0.7493490441838746,0.7801997719461908,0.8110788153637858,0.8343412815375328,0.8463243941141213,0.8490663612516229,Mi,False,[1. 1. 1.],"(12, 250, 250)",True,20
CT_TotalSeg_cardiac_s0737,52.78585076332092,8.409949779510498,8.555847883224487,8.473296642303467,9.285355567932127,8.860669136047363,9.20073175430298,3.255319044254578,3.464312778149467,0.8455754668151033,0.9020039885944352,0.6066609518755247,0.7433734693777025,0.8034455444804309,0.8231831935656448,0.834215838112099,0.8455754668151033,0.6658141622660868,0.787791375851111,0.8546508961577026,0.8768412049249742,0.8879229948440173,0.9020039885944352,CT,False,[1.5        1.50000012 1.5       ],"(376, 155, 230)",True,18
Microscopy_SELMA3D_patchvolume_vessel_011_1_1_0,92.95924282073976,15.29162311553955,15.50396466255188,15.365276098251345,15.266353845596312,15.554714679718018,15.977310419082642,2.367418533500674,3.5199490436985714,0.6114810856408474,0.9103939002430508,0.5217264764743336,0.5635417792286217,0.5852865148909547,0.5887701975535824,0.6058503886214024,0.6114810856408474,0.7902706531252338,0.8464422930117235,0.8662217066230992,0.8719223673807361,0.9033868730673488,0.9103939002430508,Mi,False,[1. 1. 1.],"(12, 250, 250)",True,34
MR_BraTS-T1c_bratsgli_0020,2.5030863285064697,0.0,0.5133767127990723,0.5143265724182129,0.5007586479187012,0.4796566963195801,0.4949676990509033,0.0276272099080805,0.0,0.0106331561140647,0.0,0.0,0.0034373209728659,0.0066445182724252,0.0061936936936936,0.0077537593984962,0.0106331561140647,0.0,0.0,0.0,0.0,0.0,0.0,MR,True,[1. 1. 1.],"(45, 218, 182)",False,3
CT_TotalSeg_organs_s0056,13.377270460128784,2.2663137912750244,2.2166335582733154,2.231637954711914,2.188222169876098,2.2156803607940674,2.2587826251983643,3.528907019073432,3.5227700863310227,0.8940232723674363,0.9104541509156248,0.8235363589018426,0.8647231543346836,0.881588506110757,0.8835073033161549,0.8844379962954605,0.8940232723674363,0.7793506347944406,0.8480032312614805,0.8702097184218731,0.8844168783463722,0.8889147984742246,0.9104541509156248,CT,False,[1.5 1.5 1.5],"(39, 179, 179)",True,5
CT_LNQ_LymphNode-0055,5.706584930419922,0.9528746604919434,0.9370057582855223,0.9450583457946776,0.9451899528503418,0.9785587787628174,0.9478974342346193,3.32107232758891,3.9626555903765976,0.8423204095403714,0.9906014183380544,0.7383480162009766,0.8028695677856805,0.8197024046764979,0.8347829784927242,0.8439919557566616,0.8423204095403714,0.9187166472978058,0.9872269623127392,0.9923604181884677,0.9905878503407036,0.9907931315220292,0.9906014183380544,CT,True,[0.96875 0.96875 3.75   ],"(18, 512, 512)",True,2
CT_AbdTumor_PETCT_47cd731006,36.95067358016968,6.076623439788818,6.08984112739563,6.180870056152344,6.122606992721558,6.443336009979248,6.03739595413208,2.461673606000531,2.6470714467069127,0.6296393797670435,0.6936636898039513,0.5815694419748938,0.5975857187466624,0.6146335636899375,0.6031257732240394,0.6303017198297011,0.6296393797670435,0.6009136664719767,0.6308815846826888,0.6557520322666646,0.6473616842590045,0.6816850929379235,0.6936636898039513,CT,False,[0.92382812 0.92382812 1.        ],"(189, 512, 512)",True,9
MR_BraTS-T1c_bratsgli_0030,2.6200947761535645,0.0,0.5509417057037354,0.5399365425109863,0.5080924034118652,0.513012170791626,0.5081119537353516,0.0152720372708117,0.0,0.0077192181914974,0.0,0.0,0.0032162220112108,0.0,0.0043675457752393,0.0054367713942182,0.0077192181914974,0.0,0.0,0.0,0.0,0.0,0.0,MR,True,[1. 1. 1.],"(51, 218, 182)",False,4
CT_COVID-19-20-CT-SegChallenge_volume-covid19-A-0581,6.364521503448486,1.009742259979248,1.0333824157714844,1.136255979537964,1.0936946868896484,1.0441629886627195,1.047283172607422,2.568430715410045,2.517970544113674,0.6670840311786325,0.6235716609424279,0.5607916493039747,0.5986273835027467,0.6271240765651169,0.6489753830224758,0.6594755484817628,0.6670840311786325,0.5703009862646878,0.60766890843303,0.6309897176957948,0.6407733595675866,0.6305871821625638,0.6235716609424279,CT,True,[0.741 0.741 5.   ],"(16, 512, 512)",True,2
MR_WMH_FLAIR_Utrecht_34,24.798073530197144,4.131103277206421,4.148731470108032,4.124963998794556,4.103308200836182,4.199625253677368,4.090341329574585,1.1164234687367718,1.924675650541674,0.2911603077671374,0.4840431965457298,0.2324074871194328,0.260604180995205,0.2704483167567629,0.2840103224381677,0.2860825851606698,0.2911603077671374,0.4600158160505982,0.475860633637674,0.4787785292875058,0.4853804080714037,0.4805647980910625,0.4840431965457298,MR,False,[0.95833337 0.95833331 2.99999952],"(11, 240, 240)",True,9
CT_Aorta_AortaD10,11.081476926803589,0.0,2.169564962387085,2.264348268508911,2.1910624504089355,2.244105100631714,2.212396144866944,0.0002980633690532,0.0,0.0,0.0,0.0,0.0005961267381064,0.0,0.0,0.0,0.0,0.0,0.0,0.0,0.0,0.0,0.0,CT,False,[0.73046875 0.73046875 3.01047063],"(191, 666, 512)",False,1
MR_BraTS-T2w_bratsgli_0765,2.7097527980804443,0.0,0.5126426219940186,0.5472304821014404,0.5669283866882324,0.576242208480835,0.506709098815918,1.0390240876746348,0.8052619523080067,0.2888224727452924,0.2068251976536921,0.0,0.2205884318731703,0.2324600691812632,0.2757141290640934,0.2761444371200469,0.2888224727452924,0.0,0.1889882155093247,0.1812500478986265,0.2207934975245389,0.2053117003033328,0.2068251976536921,MR,True,[1. 1. 1.],"(62, 218, 182)",False,2
MR_WMH_FLAIR_Utrecht_17,36.57512617111206,5.905857086181641,6.117156744003296,6.029853343963623,6.294558763504028,6.338713645935059,5.888986587524414,1.6683310554616926,2.641219531194422,0.43419695744169,0.6786036715754655,0.3529313308040477,0.3988646668048081,0.4109586029265065,0.4145562872785456,0.4262853531333913,0.43419695744169,0.6037457134743914,0.6374625993337383,0.6530419428546934,0.6558600776889036,0.6742843751962234,0.6786036715754655,MR,False,[0.95833337 0.95833331 3.00000095],"(20, 240, 240)",True,13
MR_BraTS-T2f_bratsgli_0640,2.586209535598755,0.0,0.4798414707183838,0.5614020824432373,0.5223376750946045,0.5159332752227783,0.506695032119751,0.1479066703813716,0.0,0.0359960345718314,0.0,0.0,0.0395238248585751,0.0350813568337322,0.0351670434564179,0.0398983403760181,0.0359960345718314,0.0,0.0,0.0,0.0,0.0,0.0,MR,True,[1. 1. 1.],"(51, 218, 182)",False,3
CT_TotalSeg_organs_s0663,68.92411088943481,10.77379059791565,11.609689712524414,11.298266410827637,11.558510303497314,11.844017028808594,11.839836835861206,2.9168719310340645,2.745611450599374,0.7404479003049923,0.7058007495686699,0.7092260652475675,0.7105247819275882,0.7198944694833881,0.7324081539991056,0.7390829664352805,0.7404479003049923,0.6276870631344177,0.6518462280935688,0.6731680471553732,0.6913006200053597,0.702319294607522,0.7058007495686699,CT,False,[1.5 1.5 1.5],"(378, 255, 255)",True,21
CT_AbdomenAtlas_BDMAP_00000514,29.335694789886475,4.795951128005981,4.9470860958099365,4.926886558532715,4.750138521194458,4.8558526039123535,5.05977988243103,3.31517197524321,3.588328390578804,0.8416063615935873,0.914613998794011,0.7403498713458894,0.8134917490739942,0.8227184781334935,0.8292242897514823,0.8356801520244431,0.8416063615935873,0.7929702417482568,0.8787190986902391,0.8894596203743272,0.8951542030925577,0.9070480183697944,0.914613998794011,CT,False,[0.77734399 0.77734399 5.        ],"(31, 340, 493)",True,10
MR_ISLES2022_ADC_sub-strokecase0019,13.942760705947876,2.41676664352417,2.305849075317383,2.253497838973999,2.308840274810791,2.31162166595459,2.346185207366944,1.368463477010734,1.724867571487864,0.3531379046271798,0.4446936674056996,0.2900971112903817,0.3280831896988274,0.3284870558403941,0.3473111234654194,0.3520547505419167,0.3531379046271798,0.3638971785865958,0.4084328987483636,0.4148883503785495,0.4394852765003786,0.4439306615319042,0.4446936674056996,MR,False,[2. 2. 2.],"(24, 112, 112)",True,5
MR_WMH_T1_Singapore_59,29.842920541763306,4.725687026977539,4.910723686218262,5.063170194625855,5.086444854736328,4.973914623260498,5.082980155944824,0.9322534917132204,1.5035362213235506,0.2497299342868361,0.3940483600812636,0.171752708898599,0.2082067044109253,0.2282717100658183,0.2299878694693053,0.2450255928292158,0.2497299342868361,0.0,0.3502599955449559,0.3710998227418127,0.3682993306597322,0.3919828901088957,0.3940483600812636,MR,False,[1.         1.         3.00000119],"(16, 256, 232)",True,11
US_Cardiac_patient0218_4CH_half_sequence,10.808597803115845,1.7960090637207031,1.777400016784668,1.965702533721924,1.8171687126159668,1.7252070903778076,1.7271103858947754,3.1063332246514643,3.3094682381732565,0.7773334798948671,0.8293062861353949,0.7426744791401956,0.7648062000804541,0.7781002430954181,0.779041259165789,0.7781218824025963,0.7773334798948671,0.8039311412001636,0.8159467426486632,0.8281198332322992,0.8294823399825298,0.8292395505663984,0.8293062861353949,US,False,[0.308 0.308 1.   ],"(12, 519, 630)",True,3
CT_LungMasks_LUNG1-319,11.358155488967896,1.7999403476715088,1.874311923980713,1.7717459201812744,1.981928825378418,1.9194345474243164,2.010793924331665,3.859594571723372,3.7394200463260336,0.9644873124238332,0.9341696023279072,0.949733890082155,0.965900407884221,0.9651483789012824,0.9647087257351172,0.9645436069329452,0.9644873124238332,0.841574052954102,0.93711166630654,0.93498357149602,0.9345407478805394,0.9342550926322506,0.9341696023279072,CT,False,[0.9765625 0.9765625 3.       ],"(88, 512, 512)",True,2
CT_TotalSeg_organs_s0737,57.632875204086304,9.448610544204712,8.887170553207397,9.447019577026367,9.975642681121826,9.622158765792848,10.252273082733154,3.123491799374314,2.857099034872366,0.7982183050031313,0.7371771764938231,0.703940537776718,0.7537238375427634,0.7731555333110084,0.7824258919233417,0.7919393028670167,0.7982183050031313,0.6048784085877719,0.672854696240346,0.7043759924537608,0.7178216657681862,0.729885440283334,0.7371771764938231,CT,False,[1.5        1.50000012 1.5       ],"(366, 155, 230)",True,19
MR_Spider_252_t1_ivd,17.236098289489746,2.873995304107666,2.9974145889282227,2.895136833190918,2.857142448425293,2.811847925186157,2.8005611896514893,3.427860952654053,3.8817216146687463,0.8645687459090996,0.9782229806030808,0.7922779883290482,0.8361759392199036,0.8515060240955004,0.8625133481200034,0.8634692378740473,0.8645687459090996,0.9021777266824592,0.9492825635908988,0.9658383486139348,0.974793100439893,0.9773373935179288,0.9782229806030808,MR,False,[0.53069842 3.31647162 0.625     ],"(17, 531, 448)",True,6
CT_TotalSeg_organs_s0933,78.32289505004883,12.00057864189148,13.32545256614685,13.57960033416748,13.556272029876707,12.21317744255066,13.64781403541565,2.1233699447089904,1.9338557591041716,0.5380577838670383,0.4926767363326492,0.491686105610279,0.5224260237674501,0.5288855201489658,0.5294707858943931,0.5347717348483871,0.5380577838670383,0.4150352799497889,0.4644471652176872,0.4792468641160863,0.4858121389475739,0.4902348052653427,0.4926767363326492,CT,False,[1.5 1.5 1.5],"(429, 268, 328)",True,21
CT_TotalSeg_muscles_s0790,89.57646703720093,14.297332048416138,15.095266103744509,14.748097896575928,14.701546907424929,15.860345125198364,14.873878955841064,3.306120127694239,3.0305984241376462,0.8430931248639755,0.7849970976338352,0.7032185463893412,0.788289702048132,0.8211015710157197,0.8321626496295103,0.8371644935929553,0.8430931248639755,0.6033961110923274,0.7093837559469315,0.744627733960694,0.7653876709043655,0.7733925924822033,0.7849970976338352,CT,False,[1.5 1.5 1.5],"(532, 291, 291)",True,23
CT_AbdTumor_case_00071,5.2391393184661865,0.9966869354248048,0.931344985961914,0.8046374320983887,0.8863797187805176,0.7468287944793701,0.8732614517211914,2.8503501122169546,2.153222861099086,0.7665622319850174,0.6840104075244157,0.5866999147912385,0.6469770094159863,0.6858379853064371,0.7160836245871677,0.741658881622848,0.7665622319850174,0.2822914685624847,0.3687346226264325,0.4518369612354889,0.5597259409031237,0.6152874438850492,0.6840104075244157,CT,True,[0.703125 0.703125 0.5     ],"(58, 512, 512)",True,1
CT_AbdomenAtlas_BDMAP_00005243,33.281176805496216,5.155867338180542,5.653458118438721,5.256259441375732,5.34628963470459,5.896454572677612,5.9728477001190186,3.0412955356618925,3.107983225310272,0.7788745228966243,0.81128684363299,0.6940701466854994,0.7353169372256272,0.7475071952070429,0.7628120145611959,0.7738805958325282,0.7788745228966243,0.6918423716457736,0.742953388885089,0.7544906366353797,0.7786986847985791,0.7976737876172737,0.81128684363299,CT,False,[0.6953125 0.6953125 5.       ],"(82, 317, 494)",True,11
MR_BraTS-T1c_bratsgli_0355,2.335693836212158,0.0,0.4587531089782715,0.4634721279144287,0.4616377353668213,0.4629755020141601,0.4888553619384765,0.5352153703593795,0.0,0.1410942956926658,0.0,0.0,0.1156176700547302,0.120184441469582,0.138815814556407,0.1478591314596923,0.1410942956926658,0.0,0.0,0.0,0.0,0.0,0.0,MR,True,[1. 1. 1.],"(41, 218, 182)",False,3
MR_BraTS-T2f_bratsgli_0493,2.776703357696533,0.0,0.5280570983886719,0.579902172088623,0.5674593448638916,0.5809171199798584,0.5203676223754883,1.030166536020162,0.7940783602956294,0.3245342082292388,0.2730308296959464,0.0,0.1905808247271662,0.2292436527980858,0.2637430512662137,0.2796223154776598,0.3245342082292388,0.0,0.0,0.195149350579034,0.2299285218332629,0.2324850730353591,0.2730308296959464,MR,True,[1. 1. 1.],"(49, 218, 182)",False,2
MR_BraTS-T2f_bratsgli_1163,2.673883438110352,0.0,0.5019500255584717,0.5157396793365479,0.5538229942321777,0.5517394542694092,0.5506312847137451,0.683792122770995,0.5375106801143232,0.2753617654919629,0.2365985309759399,0.0,0.0513001197942357,0.0623558518891265,0.2165179365022931,0.2415873917364759,0.2753617654919629,0.0,0.0,0.0,0.2022015537366151,0.2170098608897382,0.2365985309759399,MR,True,[1. 1. 1.],"(51, 218, 182)",False,2
MR_Spider_185_t2_SPACE_vet,28.72897052764893,4.725368976593018,5.015695095062256,4.493529558181763,4.747976303100586,4.826282739639282,4.9201178550720215,3.422102807330782,3.490223119743113,0.8653102615031832,0.8827934342524011,0.7357680132041786,0.8288663348242024,0.8526235443904976,0.8593372623193984,0.8630537024571932,0.8653102615031832,0.7352453483376926,0.8484631249778469,0.868769896769587,0.8752422444521808,0.8805826989062222,0.8827934342524011,MR,False,[0.89999998 0.46875    0.46875   ],"(209, 120, 640)",True,8
CT_AbdTumor_PETCT_da6161d7eb,20.34575915336609,3.394620895385742,3.532512664794922,3.442798376083374,3.397942304611206,3.2570393085479736,3.320845603942871,2.3105127682493114,2.7539633864157214,0.5818960527153655,0.6948355445441772,0.5034646725217636,0.5523044749701576,0.57992515806889,0.5804125743039334,0.5830747720337263,0.5818960527153655,0.6027674622234799,0.6656446713229495,0.6878421559522229,0.6907168178268613,0.6951643047030739,0.6948355445441772,CT,False,[0.9765625 0.9765625 2.5      ],"(26, 512, 512)",True,7
MR_BraTS-T2f_bratsgli_0349,2.4525516033172607,0.0,0.5104737281799316,0.4768753051757812,0.4682192802429199,0.4722750186920166,0.5247082710266113,0.8897764257829837,0.6132341029041669,0.2786866062861288,0.2566504832468539,0.0,0.1454254894127047,0.1548805460750853,0.2492468583232914,0.2735929735351901,0.2786866062861288,0.0,0.0,0.0,0.2352398954353283,0.2496689658454116,0.2566504832468539,MR,True,[1. 1. 1.],"(54, 218, 182)",False,2
MR_ProstateADC_ADC-ProstateX-0134,2.869729995727539,0.5120289325714111,0.4930455684661865,0.5243699550628662,0.4344885349273681,0.436373233795166,0.469423770904541,3.528878752059605,3.387325997252464,0.8984816909794582,0.9093726201678404,0.8248251748251748,0.8571691176470588,0.8720405862457723,0.887210765805015,0.8918019956955586,0.8984816909794582,0.6497206395387939,0.7480014725595601,0.8094751954985379,0.8693441738800354,0.8798195815101905,0.9093726201678404,MR,True,[2.         2.         3.00000143],"(16, 128, 84)",True,1
MR_WMH_T1_Singapore_55,20.573500394821167,3.475666284561157,3.3972129821777344,3.376564741134644,3.34286904335022,3.360890865325928,3.620296478271485,1.6157858650627346,2.475273644460937,0.4069665705768741,0.618207405965554,0.3259873748381684,0.3873964684372496,0.3976097165752148,0.4111597551537284,0.4098348738267293,0.4069665705768741,0.598124616219133,0.6192369184661473,0.6152285229840415,0.6242086239578016,0.6171143353032436,0.618207405965554,MR,False,[1. 1. 3.],"(13, 256, 232)",True,8
Microscopy_SELMA3D_patchvolume_cfos_009_1_1_0,32.9459068775177,5.503265857696533,5.34107232093811,5.341863870620728,5.37390398979187,5.716062784194946,5.669738054275513,3.2187460999337976,3.9992847795193383,0.8065167310704077,0.9997984138421416,0.784148448090772,0.7898575520294965,0.8041773190073352,0.8128501313808397,0.8035315079956705,0.8065167310704077,1.0,1.0,0.999788744913985,0.9997984138421416,0.9997984138421416,0.9997984138421416,Mi,False,[1. 1. 1.],"(25, 50, 50)",True,12
MR_Spider_209_t1_ivd,23.02515435218811,3.6899802684783936,3.796515464782715,3.922245740890503,3.857808113098145,3.7970547676086426,3.961549997329712,3.2326499181985358,3.638112789053329,0.826105657980128,0.9343190670365308,0.7175999421096142,0.7761717801604919,0.8017294299682145,0.8121697010977866,0.8176120680622245,0.826105657980128,0.7989278169772356,0.8680757244910268,0.9010975520398642,0.914747398992805,0.921070442256881,0.9343190670365308,MR,False,[0.7749273  3.26079895 0.5859375 ],"(19, 391, 512)",True,8
MR_BraTS-T2f_bratsgli_0664,2.5396695137023926,0.0,0.5535163879394531,0.5345518589019775,0.4788868427276611,0.4647154808044433,0.5079989433288574,0.7522253630588209,0.5406327715693903,0.2350957322772429,0.2402400880257559,0.0,0.0914825477954258,0.1644187540141297,0.2032543414008183,0.2212631276075385,0.2350957322772429,0.0,0.0,0.0,0.1999897687381008,0.2205229588184115,0.2402400880257559,MR,True,[1. 1. 1.],"(47, 218, 182)",False,3
MR_BraTS-T1c_bratsgli_0290,2.7504122257232666,0.0,0.5594930648803711,0.522453784942627,0.5344374179840088,0.5438868999481201,0.5901410579681396,0.3057423577861767,0.0,0.1360704539816422,0.0,0.0,0.0219615234761464,0.0347364274588139,0.0648703888428642,0.1271195527556041,0.1360704539816422,0.0,0.0,0.0,0.0,0.0,0.0,MR,True,[1. 1. 1.],"(88, 218, 182)",False,3
MR_ProstateT2_T2-ProstateX-0140,3.1195712089538574,0.5504767894744873,0.5053541660308838,0.5199747085571289,0.509113073348999,0.4986095428466797,0.5360429286956787,3.693757881059192,3.7721995058662223,0.9244746804191584,0.943691581647478,0.909837017537068,0.919406080395358,0.92352986410924,0.9239317224756916,0.9243559140670012,0.9244746804191584,0.9398965672252366,0.940308446361368,0.9434243400524231,0.9431025872441308,0.9436725645652456,0.943691581647478,MR,True,[0.5        0.49999997 3.00000143],"(14, 384, 384)",True,1
MR_BraTS-T2f_bratsgli_0466,2.572914123535156,0.0,0.5142643451690674,0.5267431735992432,0.499791145324707,0.4938638210296631,0.5382516384124756,2.744942023114844,2.285187274515077,0.7674231518333474,0.6386040142436319,0.0,0.5576476956387256,0.6463797333536203,0.6827608012349582,0.7532660647902284,0.7674231518333474,0.0,0.4209467761946006,0.5384650263748498,0.5916748928710573,0.6252719600500534,0.6386040142436319,MR,True,[1. 1. 1.],"(44, 218, 182)",False,1
MR_BraTS-T1c_bratsgli_0659,2.584608793258667,0.0,0.4950704574584961,0.5159773826599121,0.5114302635192871,0.5399432182312012,0.5221874713897705,0.2068722872572752,0.0,0.0647280455994589,0.0,0.0,0.0391327126909281,0.0465054252288294,0.0501747411362721,0.05826174174698,0.0647280455994589,0.0,0.0,0.0,0.0,0.0,0.0,MR,True,[1. 1. 1.],"(72, 218, 182)",False,3
Microscopy_SELMA3D_patchvolume_nuclei_004_0_0_0,306.4580466747284,49.84077262878418,48.61999559402466,52.95170092582703,52.83490872383118,50.06367182731629,52.14699697494507,3.0126170048249614,3.7749898771992414,0.7707742244647249,0.9592256460959012,0.703386791906624,0.7317341043134119,0.7466372917225524,0.7557211617020329,0.7590043870113076,0.7707742244647249,0.9222123459103244,0.9354221083366704,0.942677185214765,0.9443195707648864,0.9406692440033052,0.9592256460959012,Mi,False,[1. 1. 1.],"(34, 100, 100)",True,108
CT_TotalSeg_cardiac_s1162,41.887133836746216,6.844839096069336,6.892614126205444,6.841024160385132,6.627141714096069,7.601010084152222,7.080504655838013,3.1919070262434075,3.2856730651574524,0.8219021893724997,0.848642639211693,0.6538830661857349,0.7485879158670995,0.7880166020672684,0.804534767765208,0.8141106037911312,0.8219021893724997,0.6884056674181146,0.7709659803259086,0.8092134119564774,0.8276034665101346,0.8390518769220396,0.848642639211693,CT,False,[1.5 1.5 1.5],"(203, 222, 222)",True,14
MR_BraTS-T2w_bratsgli_1050,2.7052834033966064,0.0,0.5290908813476562,0.5315890312194824,0.5535078048706055,0.5703377723693848,0.5207579135894775,0.0404413166025137,0.0,0.0131154590410664,0.0,0.0,0.007752968279284,0.0091841685728148,0.0097911227154047,0.0110318116541189,0.0131154590410664,0.0,0.0,0.0,0.0,0.0,0.0,MR,True,[1. 1. 1.],"(104, 218, 182)",False,4
CT_AbdomenAtlas_BDMAP_00005993,41.75759744644165,6.88393235206604,6.999078750610352,6.877986907958984,6.569372177124023,7.176214218139648,7.251013040542602,3.3256892535833527,3.549571092204047,0.8363516241383837,0.891113851794077,0.7528774390226656,0.8099788819750553,0.8315014980958431,0.8345185034939164,0.8365039989368738,0.8363516241383837,0.776859949877637,0.8598688096418711,0.8902172455309149,0.891634997156998,0.8922275187981602,0.891113851794077,CT,False,[0.82421899 0.82421899 3.        ],"(159, 312, 487)",True,12
CT_TotalSeg_organs_s0175,34.11326003074646,5.318479061126709,5.5548365116119385,6.190906047821045,5.537054300308228,5.830837488174439,5.681146621704102,3.342937141346165,3.1076666553308003,0.8459216020076973,0.7967093411221048,0.7746442887457234,0.8181697115383071,0.8295784930673888,0.8400240653858492,0.8412889261199251,0.8459216020076973,0.671454361787359,0.7448933674814026,0.7635211654946144,0.7841621376606077,0.789181997873825,0.7967093411221048,CT,False,[1.5 1.5 1.5],"(159, 253, 253)",True,11
CT_AMOS_amos_0079,52.89212131500244,9.010786771774292,8.57336163520813,8.25260043144226,9.078951597213743,9.274475336074827,8.701945543289185,2.746695202197823,3.064231071864789,0.705688703303746,0.7843386176923488,0.5953792328803971,0.6487313856133528,0.674615160887606,0.6922731305059813,0.7025968663456862,0.705688703303746,0.6964940474293064,0.728012321083981,0.7494683124957281,0.773395809689309,0.7851914802915873,0.7843386176923488,CT,False,[0.53515625 0.53515625 5.        ],"(53, 768, 768)",True,14
CT_AbdTumor_case_00162,3.100475788116455,0.5123810768127441,0.5184268951416016,0.5135688781738281,0.5061185359954834,0.5224959850311279,0.5274844169616699,3.640579284007512,3.917362494708784,0.9099556274668432,0.9802737089730084,0.90714493738472,0.91003127847696,0.9101264269056094,0.9103478708538648,0.9101115332761368,0.9099556274668432,0.9809956748278078,0.9761187664956914,0.978617673304328,0.9802759531660676,0.9802726305040388,0.9802737089730084,CT,True,[0.55078125 0.55078125 5.        ],"(9, 512, 512)",True,1
CT_TotalSeg_muscles_s0083,14.82527995109558,2.446302652359009,2.461775064468384,2.4054081439971924,2.4620189666748047,2.4551897048950195,2.594585418701172,3.63586853989956,3.946094578987575,0.9103889125824528,0.9904978121563148,0.8424447870444624,0.8978602922520997,0.9060965417828808,0.9115126891792328,0.9141347065201698,0.9103889125824528,0.9348272275344758,0.9852231090056934,0.9823595528694066,0.9866291671980576,0.9892453983391064,0.9904978121563148,CT,False,[1.5 1.5 1.5],"(124, 156, 156)",True,5
MR_crossmoda_crossmoda2023_ukm_25_ceT1,11.23145341873169,2.0618021488189697,1.8086647987365725,1.82407546043396,1.842984914779663,1.8536720275878904,1.8402540683746336,3.4124312326475508,3.943135437197376,0.8526476632597094,0.9856059918676932,0.8330320300332601,0.8605781294972341,0.8529385346677286,0.8493218194429726,0.8535579821583779,0.8526476632597094,0.9809213160539648,0.9923980018290192,0.9896537964505078,0.9790474922240862,0.9854321516744264,0.9856059918676932,MR,False,[0.625 0.625 1.   ],"(22, 288, 288)",True,4
MR_BraTS-T2w_bratsgli_1006,2.6268651485443115,0.0,0.5471012592315674,0.5428750514984131,0.4869179725646972,0.4863250255584717,0.5636458396911621,0.4019964488550702,0.0,0.0847303114712585,0.0,0.0,0.1360567649490217,0.0978519105127697,0.0696306297617899,0.1241203703703703,0.0847303114712585,0.0,0.0,0.0,0.0,0.0,0.0,MR,True,[1. 1. 1.],"(60, 218, 182)",False,2
US_Cardiac_patient0234_4CH_half_sequence,10.588024377822876,1.6878612041473389,1.6990995407104492,1.7139596939086914,1.9428846836090088,1.728578805923462,1.8156404495239256,3.122146681399744,3.2695715338042626,0.841843084670336,0.8494716327390411,0.653130971442157,0.7020439027379498,0.7722339916813031,0.7635356702956141,0.814433525718684,0.841843084670336,0.7776369127539212,0.78784203821292,0.8066044765964678,0.8098143274253866,0.8344958943064272,0.8494716327390411,US,False,[0.308 0.308 1.   ],"(14, 616, 747)",True,3
CT_AbdTumor_case_00416,16.152100324630737,2.6663429737091064,2.6989543437957764,2.698237180709839,2.7069149017333984,2.7109391689300537,2.6707117557525635,3.034564567347976,3.6914491271450554,0.7844008303277996,0.9339537946295102,0.6992331227742626,0.7213605200916594,0.7373713640334822,0.7636274052541883,0.7806851228505761,0.7844008303277996,0.8864033061578329,0.9094249290631432,0.9122557994066168,0.9240296782225956,0.9334742876695152,0.9339537946295102,CT,False,[0.741 0.741 5.   ],"(13, 512, 512)",True,5
Microscopy_SELMA3D_patchvolume_vessel_011_2_0_1,90.17897248268127,15.059492349624634,15.323781967163086,14.396913290023804,15.26857852935791,14.626855373382568,15.503350973129272,2.6983750551107923,3.5351703709184754,0.6839859771886242,0.8902531814300767,0.600646163427459,0.6585693744898685,0.6698391569310055,0.6769531150014594,0.6803051073390813,0.6839859771886242,0.8400251639655286,0.8742942395774189,0.8792375942859161,0.885561805676703,0.8880972604521087,0.8902531814300767,Mi,False,[1. 1. 1.],"(12, 250, 250)",True,32
PET_autoPET_psma_3959d1c381a5bcd6_2015-11-12,74.13608455657959,12.412100076675417,12.32883596420288,12.44377374649048,12.4912691116333,12.428655624389648,12.031450033187866,2.9086867980776776,2.893095783379769,0.7418209072122532,0.743138720070834,0.5915748593006801,0.686758180104783,0.7188175840668196,0.7342481758261931,0.741331494526147,0.7418209072122532,0.5226390860632721,0.6644029887039621,0.7148872283766134,0.733706200445065,0.7407315001706928,0.743138720070834,PE,False,[2.734375   2.734375   3.26999974],"(161, 256, 256)",True,26
MR_BraTS-T1n_bratsgli_0846,2.550621509552002,0.0,0.5079026222229004,0.5173521041870117,0.5167350769042969,0.5093958377838135,0.4992358684539795,0.5704518287075317,0.0,0.1694688290432971,0.0,0.0,0.0581645994558111,0.1308538075200217,0.1558356308257844,0.1699456761121714,0.1694688290432971,0.0,0.0,0.0,0.0,0.0,0.0,MR,True,[1. 1. 1.],"(65, 218, 182)",False,2
CT_TotalSeg_cardiac_s1218,19.235841035842896,2.9332528114318848,3.13637638092041,3.2560176849365234,3.205169439315796,3.312552690505981,3.3924720287323,3.5310422689190277,3.875045435448052,0.907732437739966,0.9921176882928444,0.7439538977642198,0.8251071064112022,0.8747795412745446,0.8856657423336592,0.9041772132352393,0.907732437739966,0.8255563300849396,0.9067058072668398,0.9600031157780412,0.9732265325012436,0.9924040393889249,0.9921176882928444,CT,False,[1.5 1.5 1.5],"(45, 249, 249)",True,7
MR_BraTS-T2w_bratsgli_0995,2.4029653072357178,0.0,0.4680495262145996,0.4558713436126709,0.4931411743164062,0.4930934906005859,0.4928097724914551,0.6975030222534808,0.1005263894683491,0.2369481993427516,0.2010527789366983,0.0,0.116070873484613,0.171521130049031,0.1749085108379469,0.1745638449528206,0.2369481993427516,0.0,0.0,0.0,0.0,0.0,0.2010527789366983,MR,True,[1. 1. 1.],"(41, 218, 182)",False,2
MR_ProstateADC_ADC-ProstateX-0002,2.927653312683105,0.5022974014282227,0.4824874401092529,0.5102744102478027,0.4919130802154541,0.4746923446655273,0.4659886360168457,3.669738682213509,3.846892065979617,0.9132044426162074,0.9590835438811608,0.9016296878067936,0.9156143515734616,0.9206804673088748,0.920162932790224,0.9144858850195756,0.9132044426162074,0.9374357669111278,0.9599836629573284,0.9652634362514678,0.9625435054838268,0.959551520825078,0.9590835438811608,MR,True,[2.         2.         2.99999785],"(9, 128, 84)",True,1
CT_LungMasks_LUNG1-128,10.741029024124146,1.7164127826690674,1.7478539943695068,1.804715871810913,1.7427911758422852,1.849337100982666,1.879918098449707,3.7061960635423463,3.108856473964768,0.9292251961323776,0.7795893058606236,0.9133298182619288,0.915742106136821,0.9260657777440466,0.9267857845762124,0.9308608500874888,0.9292251961323776,0.6798027619765783,0.7570218026838137,0.7795642773948478,0.7770802101271153,0.7839064321705862,0.7795893058606236,CT,False,[0.9765625 0.9765625 3.       ],"(74, 512, 512)",True,2
CT_TotalSeg_organs_s0392,61.46715664863586,9.97455906867981,10.1987407207489,9.882630109786987,10.424785614013672,10.260531663894652,10.72590947151184,3.2740946441427514,3.011046171673147,0.8431502794296307,0.787743292596422,0.7287257720285825,0.7895933774256534,0.8072177385412098,0.8193146870594863,0.8311903901144133,0.8431502794296307,0.6281647912624423,0.7120375405646776,0.7359509009849645,0.7540898410402697,0.771115013067363,0.787743292596422,CT,False,[1.5 1.5 1.5],"(270, 267, 267)",True,20
MR_QIN-PROSTATE-Prostate_PCAMPMRI-00014_0_2_MR,2.752491235733032,0.5211713314056396,0.4362337589263916,0.4400367736816406,0.4497163295745849,0.4604277610778808,0.4449052810668945,3.3733007014242435,3.688642234994375,0.8520003819344982,0.929105131983484,0.8314327279553241,0.8376769475953877,0.8409266228757101,0.8420218222512357,0.8455135915323551,0.8520003819344982,0.9092637300096228,0.9171356951383304,0.9218403268007052,0.9249117008143356,0.9187697938184264,0.929105131983484,MR,True,[0.70310003 0.70310003 4.00000429],"(8, 256, 256)",True,1
CT_LungMasks_LUNG1-336,11.645473957061768,1.95935583114624,1.914386510848999,1.9842994213104248,1.9226303100585935,1.939149618148804,1.925652265548706,3.8320593431203935,3.554927282043081,0.9579357946395576,0.8883460837342427,0.955277039537495,0.958299412366767,0.9580510206713782,0.9579501928178852,0.957940526127968,0.9579357946395576,0.8742539451448412,0.8902493848570135,0.8888228451370916,0.8884663563882307,0.8883403462221309,0.8883460837342427,CT,False,[0.9765625 0.9765625 3.       ],"(88, 512, 512)",True,2
MR_BraTS-T2w_bratsgli_0409,2.2915291786193848,0.0,0.4320106506347656,0.4621086120605469,0.456026554107666,0.459052562713623,0.4823307991027832,0.0164018638659764,0.0,0.0025325004220834,0.0,0.0,0.0037792587776332,0.0054894256327285,0.0059435364041604,0.001813022229229,0.0025325004220834,0.0,0.0,0.0,0.0,0.0,0.0,MR,True,[1. 1. 1.],"(46, 218, 182)",False,4
CT_TotalSeg_muscles_s0289,29.29723572731018,4.562149524688721,4.898838043212891,5.011676073074341,5.1040873527526855,4.849534511566162,4.870950222015381,3.303724483340708,3.363583583048852,0.8498161262774456,0.8673279987609652,0.7135477540235802,0.7713165193450818,0.8199722251665837,0.8396007305760049,0.8335852047868549,0.8498161262774456,0.7076963090199755,0.7864691648418685,0.8333979201107578,0.8563306813765712,0.8469563997601062,0.8673279987609652,CT,False,[1.5 1.5 1.5],"(227, 145, 145)",True,10
CT_TotalSeg_cardiac_s1415,37.80184960365296,6.209805011749268,6.379171848297119,6.44667387008667,6.156366109848023,6.068923234939575,6.5409095287323,2.946078808374189,2.9761211037819457,0.765564465121809,0.7813251552968006,0.5394081011181638,0.6750035371274558,0.7158195591720747,0.7535169256922654,0.7564583223852167,0.765564465121809,0.5478268485765797,0.6764985299334624,0.7180353191539942,0.7620234885987642,0.7671504534140557,0.7813251552968006,CT,False,[1.5 1.5 1.5],"(304, 291, 291)",True,11
US_Cardiac_patient0239_4CH_half_sequence,11.285699605941772,1.8404395580291748,1.7881622314453125,1.916512489318848,1.9731357097625728,1.9387357234954836,1.8287138938903809,3.418602338448162,3.4407506478800465,0.8668516189905168,0.8788679097729871,0.8428389200778431,0.855764293565061,0.8594442229312809,0.8595151011908063,0.8383350580482859,0.8668516189905168,0.8401132052530023,0.8584785354323539,0.8608997197871792,0.8623850975287324,0.8487926079614648,0.8788679097729871,US,False,[0.308 0.308 1.   ],"(18, 552, 669)",True,3
Microscopy_SELMA3D_patchvolume_vessel_011_2_0_0,93.11669969558716,15.467857360839844,15.50648069381714,15.211283206939695,15.37696409225464,15.820372581481934,15.733741760253906,2.646983716550282,3.645743001683008,0.6725979394969475,0.9199931988989348,0.5889315522725662,0.6320956770797653,0.6563930374322059,0.6683871813913873,0.6698566894383324,0.6725979394969475,0.8400190861379533,0.8793081728920594,0.9095883560358264,0.9180455041260774,0.9184584556256068,0.9199931988989348,Mi,False,[1. 1. 1.],"(12, 250, 250)",True,34
CT_AbdomenAtlas_BDMAP_00001351,50.85849475860596,7.963728666305542,8.468749523162842,8.527705430984497,8.725080490112305,8.433348655700684,8.739881992340088,3.0892520655414204,3.118085769328249,0.7844449638335336,0.7877397287657164,0.6927031390617177,0.7291837617406371,0.7684351770752537,0.7820346296594244,0.781967896019657,0.7844449638335336,0.6941606287293124,0.7483185173389444,0.7715051620922684,0.7893504504446845,0.7892010337389661,0.7877397287657164,CT,False,[0.78515625 0.78515625 2.5       ],"(196, 479, 512)",True,12
CT_AbdomenAtlas_BDMAP_00002806,29.58881711959839,5.060397624969482,4.942154884338379,5.061588764190674,4.872710227966309,4.820647954940796,4.831317663192749,3.412498950137974,3.5706610127116334,0.8688808503236866,0.9073588426357608,0.7946747452359315,0.83503286483776,0.8442244864254373,0.8568601940548856,0.859457412076928,0.8688808503236866,0.8255204758756285,0.8713566828293763,0.880392263947423,0.8997150241737559,0.901195961857886,0.9073588426357608,CT,False,[0.97460902 0.97460902 5.        ],"(54, 301, 477)",True,10
US_Cardiac_patient0227_2CH_half_sequence,10.76922607421875,1.8035988807678225,1.9251062870025637,1.7762103080749512,1.8048765659332275,1.6833910942077637,1.776042938232422,3.3495649250734534,3.4562296094356224,0.8584990471321113,0.8775135021040427,0.8087782206801187,0.8255682348520007,0.8262193228553123,0.8265380489278019,0.8547739122982828,0.8584990471321113,0.8313562767327446,0.8548593526892067,0.8562351971059607,0.8560197349381745,0.8777882499948627,0.8775135021040427,US,False,[0.308 0.308 1.   ],"(16, 487, 590)",True,3
CT_AbdomenAtlas_BDMAP_00006737,36.060681104660034,5.911392688751221,6.010875463485718,6.098657608032227,6.0284104347229,6.141955614089966,5.869389295578003,3.471263055027168,3.3236949582052624,0.880437579014068,0.8573591254462237,0.8118702961199857,0.8410108975743067,0.8548479343123464,0.8711275748132608,0.8845633076073735,0.880437579014068,0.7463681653021509,0.7904979265788732,0.8105431940527383,0.8317566273313014,0.8574666108086745,0.8573591254462237,CT,False,[0.97656202 0.97656202 2.5       ],"(190, 300, 509)",True,9
CT_AbdomenAtlas_BDMAP_00000564,34.222527742385864,5.39932656288147,5.809454679489136,5.630409717559815,5.527177095413208,5.903134822845459,5.953024864196777,1.457131137624725,1.4467645624445675,0.3688639267239897,0.3687596776593234,0.3268345573188255,0.357330002053571,0.3627034199790722,0.3647599221514793,0.3665708311053927,0.3688639267239897,0.3196745613072137,0.3486796370915067,0.3584798346541824,0.3638944314353344,0.3656706389796356,0.3687596776593234,CT,False,[0.87890625 0.87890625 2.5       ],"(204, 422, 470)",True,9
MR_Head_HNTSMRG24_8_preRT_T2,7.447608470916748,1.4921486377716064,1.198133945465088,1.1679906845092771,1.193495750427246,1.2121059894561768,1.1837334632873535,3.14040076392747,3.5694993852468317,0.795712436373108,0.905166545598409,0.7705004961557527,0.7831654367585829,0.7704765176353443,0.7857202686705705,0.7947650410557096,0.795712436373108,0.8904797824783396,0.908414702101516,0.8731987538942828,0.8856359590111911,0.903874048491395,0.905166545598409,MR,True,[0.5 0.5 2. ],"(36, 512, 512)",True,2
CT_TotalSeg_muscles_s0667,82.48752450942993,13.047375917434692,13.658849239349363,13.535018920898438,13.566259145736694,14.39644718170166,14.283574104309082,3.408870313756174,3.015775038025164,0.8692887530844375,0.7785830595699113,0.7062978481607308,0.8029312739276087,0.8391365515052855,0.8638414382846009,0.8697823104602649,0.8692887530844375,0.5825585638491704,0.6908748533109266,0.7384325109578003,0.768104620848864,0.7745089497780814,0.7785830595699113,CT,False,[1.5 1.5 1.5],"(454, 295, 295)",True,21
MR_BraTS-T2f_bratsgli_0544,2.481391668319702,0.0,0.4867768287658691,0.5209915637969971,0.4804551601409912,0.4843485355377197,0.508819580078125,0.2363428853921432,0.0,0.070733631343676,0.0,0.0,0.0787555212487671,0.0398846571118597,0.0335023719941109,0.088211279989951,0.070733631343676,0.0,0.0,0.0,0.0,0.0,0.0,MR,True,[1. 1. 1.],"(60, 218, 182)",False,2
MR_ISLES2022_ADC_sub-strokecase0035,2.84256649017334,0.4661710262298584,0.4936745166778564,0.5084319114685059,0.4614553451538086,0.4501185417175293,0.4627151489257812,1.6787551601411392,3.519670748582348,0.4444444444444444,0.9081026021327656,0.2553191489361702,0.3956043956043956,0.4235294117647059,0.410958904109589,0.4242424242424242,0.4444444444444444,0.5937918158905815,0.8557263134777897,0.8707823041391701,0.8764043397399732,0.8905696468979273,0.9081026021327656,MR,True,[2. 2. 2.],"(10, 112, 112)",True,1
CT_AMOS_amos_0214,66.95193099975586,10.685703039169312,10.197677612304688,11.39780879020691,11.79897689819336,11.514039278030396,11.357725381851196,1.5933519358402264,1.6014506765702463,0.3997764234556044,0.4048146345500105,0.3885614076282471,0.3957091945292485,0.3974786680230862,0.3989183446528612,0.3992121141718525,0.3997764234556044,0.3807381783163566,0.3925154681047916,0.39817067872284,0.4016744081793263,0.402940538340679,0.4048146345500105,CT,False,[0.8515625 0.8515625 2.       ],"(263, 512, 512)",True,15
Microscopy_SELMA3D_patchvolume_vessel_011_2_1_0,103.43296718597412,16.64211893081665,16.72029733657837,17.166694402694702,17.31146812438965,17.607067346572876,17.985321044921875,2.3385508249356928,3.4445050001771693,0.6125382674811543,0.8785126719316212,0.4926039367048188,0.5384575158483262,0.5738366401513025,0.5882754280151342,0.600940865104516,0.6125382674811543,0.7854533061537726,0.8291421329192938,0.8557016148590286,0.8651711757859609,0.8698048071067221,0.8785126719316212,Mi,False,[1. 1. 1.],"(12, 250, 250)",True,37
MR_Head_HNTSMRG24_142_preRT_T2,9.430276155471802,1.5847694873809814,1.6042656898498535,1.5466291904449463,1.5003950595855713,1.6080987453460691,1.58611798286438,3.7184698637634295,3.971854566395909,0.931265093821538,0.998614882152298,0.9145527295725604,0.9273991304208692,0.9298046109227512,0.9298069671063888,0.9295261736130856,0.931265093821538,0.9527613642909464,0.988736914634706,0.9910545595092894,0.9928825195444984,0.9942415889486188,0.998614882152298,MR,True,[0.8125 0.8125 1.    ],"(79, 640, 640)",True,2
MR_BraTS-T2w_bratsgli_0611,2.377140522003174,0.0,0.4558408260345459,0.4696731567382812,0.4616885185241699,0.496100902557373,0.4938371181488037,0.0286681420190769,0.0,0.0078734138510931,0.0,0.0,0.0070009033423667,0.0069653404658419,0.0068309670506295,0.0074346759058755,0.0078734138510931,0.0,0.0,0.0,0.0,0.0,0.0,MR,True,[1. 1. 1.],"(42, 218, 182)",False,4
CT_TotalSeg_muscles_s0696,28.23729538917541,4.622276306152344,4.520007133483887,4.697954177856445,4.892651557922363,4.884124755859375,4.620281457901001,3.501447761290304,3.427487935264085,0.8975765865966268,0.8797399622316884,0.68455134840129,0.8225039904683396,0.8694055353187177,0.8809638077006483,0.8910381297384549,0.8975765865966268,0.6941816697680049,0.8031771828897709,0.8506820841127313,0.8632420710726106,0.8721052075180131,0.8797399622316884,CT,False,[1.5 1.5 1.5],"(207, 206, 206)",True,9
MR_ProstateT2_T2-ProstateX-0086,2.981001615524292,0.5171644687652588,0.5008642673492432,0.4812893867492676,0.4920353889465332,0.5050954818725586,0.4845526218414306,3.748526548076717,3.926103394781189,0.937449383548207,0.9819695528717683,0.9304859838288394,0.93585920657627,0.9371763320399196,0.9373411893752231,0.937354731599336,0.937449383548207,0.9806751871606416,0.9795079547881518,0.981780275138447,0.9817926768449934,0.981791688967788,0.9819695528717683,MR,True,[0.5        0.5        2.99999714],"(16, 384, 384)",True,1
MR_BraTS-T2f_bratsgli_0301,2.3466989994049072,0.0,0.4566905498504638,0.4629163742065429,0.464869737625122,0.4759821891784668,0.4862401485443115,0.6192889031760003,0.0868209874054459,0.2019378521427351,0.1736419748108919,0.0,0.0932599439194101,0.0950175243565396,0.1849011830909522,0.1917712976974357,0.2019378521427351,0.0,0.0,0.0,0.0,0.0,0.1736419748108919,MR,True,[1. 1. 1.],"(60, 218, 182)",False,3
MR_heart-ACDC_ACDC_patient120_frame08_myo,2.242945909500122,0.0,0.4526078701019287,0.4449412822723388,0.4502294063568115,0.4507229328155517,0.4444444179534912,2.2248210343431403,3.0123966757089584,0.635814547001276,0.8151690389606251,0.0,0.3736023455747155,0.4747233400402414,0.6081732669354202,0.6372159810794831,0.635814547001276,0.0,0.5960550593297747,0.6679976365887024,0.7983966064575981,0.840390383517458,0.8151690389606251,MR,True,[ 1.40625  1.40625 10.     ],"(7, 256, 214)",False,1
Microscopy_SELMA3D_patchvolume_vessel_006_1_1_1,91.98654007911682,15.414446115493774,15.660305738449097,15.747512340545654,16.046135187149048,13.770207166671751,15.347933530807495,2.2466799559652406,3.3203620829153,0.576894496449423,0.8568860938515277,0.4633147658858959,0.5229632548297883,0.5544923348517499,0.5632377946395491,0.579020950834336,0.576894496449423,0.725796103247629,0.7894957154820386,0.8172678293512555,0.8265504321194991,0.8533529167777624,0.8568860938515277,Mi,False,[1. 1. 1.],"(12, 250, 250)",True,33
CT_TotalSeg_muscles_s0334,84.76760244369507,12.757444381713867,14.604624271392822,14.252160787582396,14.39975643157959,14.707162380218506,14.046454191207886,3.458668241072149,3.085974308795845,0.8794225879984423,0.7931090567886864,0.7649591393701014,0.8349014801084775,0.8570242904390594,0.8674521990076578,0.8770297175719721,0.8794225879984423,0.6417022458963719,0.7347595328594451,0.7622664223080771,0.7724382388494268,0.7873353528142752,0.7931090567886864,CT,False,[1.5 1.5 1.5],"(469, 291, 291)",True,21
CT_TotalSeg_organs_s1137,23.23839354515076,3.7429802417755127,3.929845571517944,3.860587358474731,3.8770322799682617,3.849151849746704,3.9787962436676025,3.1390809867320213,2.6796103279247223,0.8048714102473056,0.6886566139495163,0.7356050991562921,0.766695178715682,0.7738000202273825,0.786980706826824,0.7925169651963208,0.8048714102473056,0.6249858672429086,0.649914423324405,0.6579330764896199,0.6717436886213218,0.6806480441768203,0.6886566139495163,CT,False,[1.49999988 1.5        1.5       ],"(164, 145, 245)",True,8
CT_TotalSeg_cardiac_s0595,33.372292280197144,5.462305068969727,5.426853179931641,5.721900939941406,5.625988721847534,5.447251796722412,5.687992572784424,3.374077459926074,3.333841864061325,0.8589884483412908,0.8549979594054781,0.778990065293144,0.8197924337422888,0.8351993918436668,0.8418761719772091,0.8576114550634083,0.8589884483412908,0.7273553958476097,0.7937646403922782,0.822452993237286,0.8342487500819673,0.8527588208431939,0.8549979594054781,CT,False,[1.5 1.5 1.5],"(128, 125, 125)",True,12
MR_Spider_44_t1_spi,6.037521123886108,0.9988973140716552,1.0106666088104248,1.016991138458252,1.0081934928894043,1.0147819519042969,0.9879906177520752,2.3208189666953114,3.293232977990322,0.6160930933721567,0.863371919209072,0.5076096832814122,0.5385257002430559,0.5642526673590784,0.5784901718000309,0.6007667307285954,0.6160930933721567,0.7377326426821517,0.771137898654422,0.8075361782885732,0.8227541033285688,0.8456877874414336,0.863371919209072,MR,True,[0.62523884 3.29995476 0.625     ],"(8, 448, 448)",True,1
CT_TotalSeg_organs_s0525,6.431275606155396,1.0390691757202148,1.0708813667297363,1.1567332744598389,1.0995445251464844,1.043311357498169,1.021735906600952,2.1984405197059385,1.2928304879506247,0.6002857508800687,0.3501635468733591,0.4352390107575065,0.4908219370097613,0.5084632039613329,0.5635550041691966,0.5808684676304938,0.6002857508800687,0.2590503950383493,0.2915979800349044,0.3097447258879512,0.3246096598606618,0.3375953387478797,0.3501635468733591,CT,True,[1.5 1.5 1.5],"(56, 297, 297)",True,2
CT_AbdomenAtlas_BDMAP_00006407,56.75648045539856,8.532443523406982,9.7416090965271,9.72503399848938,9.454541444778442,9.68114447593689,9.621707916259766,1.7258727576283714,1.6611135406176545,0.4337205826437558,0.421131092686599,0.3777261299469254,0.4193954392776068,0.432251701667149,0.4334217589019911,0.4336412860985498,0.4337205826437558,0.3222837669386812,0.3905982261664779,0.4159411650683557,0.4190447590115631,0.420262957111197,0.421131092686599,CT,False,[0.68900001 0.68900001 0.80000001],"(413, 369, 472)",True,11
MR_Spider_225_t2_vet,16.344537496566772,2.735731840133667,2.939777612686157,2.6498732566833496,2.763959646224976,2.6059350967407227,2.6492600440979004,3.0573613526559837,2.5484943803309434,0.7660471091783152,0.6363181829861393,0.7199632389108325,0.7541131886218041,0.7654076356071426,0.7658777688664805,0.7659957992823004,0.7660471091783152,0.6508611730665236,0.6373388384851999,0.638559942709521,0.6367556941356105,0.6363502327501424,0.6363181829861393,MR,False,[0.72916669 4.79999997 0.72916669],"(15, 384, 384)",True,6
MR_BraTS-T1n_bratsgli_0855,2.5192742347717285,0.0,0.5344991683959961,0.5081539154052734,0.5429821014404297,0.4701738357543945,0.4634652137756347,0.6656848846702963,0.0,0.1812218281958354,0.0,0.0,0.1431377742462367,0.1598160455399456,0.1681661418503524,0.1755228960589623,0.1812218281958354,0.0,0.0,0.0,0.0,0.0,0.0,MR,True,[1. 1. 1.],"(66, 218, 182)",False,3
CT_LungMasks_LUNG1-398,11.156142234802246,1.8798396587371824,1.840494155883789,1.824254035949707,1.8536722660064695,1.8516011238098145,1.9062809944152832,3.843122376005746,3.6622747876218416,0.9605409477431568,0.9150743537591703,0.9517807131502808,0.9612946173881974,0.9609935575802184,0.9606452108901103,0.9605658249697404,0.9605409477431568,0.854377531897721,0.9159245245400832,0.9162723284506442,0.9153312312692612,0.9151717887523092,0.9150743537591703,CT,False,[0.9765625 0.9765625 3.       ],"(87, 512, 512)",True,2
MR_BraTS-T2f_bratsgli_0199,2.6923232078552246,0.0,0.5022187232971191,0.5650601387023926,0.5376098155975342,0.5215749740600586,0.5658595561981201,0.1216994726815668,0.0,0.0274736879158013,0.0,0.0,0.0330649020954283,0.031433847777338,0.0337472298266197,0.0262491000719942,0.0274736879158013,0.0,0.0,0.0,0.0,0.0,0.0,MR,True,[1. 1. 1.],"(95, 218, 182)",False,4
CT_AbdTumor_hepaticvessel_270,3.223682165145874,0.5615453720092773,0.558830738067627,0.5216972827911377,0.5163795948028564,0.536597728729248,0.5286314487457275,3.0047610393073256,3.9375427580983295,0.8149010477299186,0.9963869995184732,0.4131704726500265,0.6284329563812601,0.7100371747211895,0.771255060728745,0.8018018018018018,0.8149010477299186,0.6411091794030568,0.9297324490932336,0.9819079895930763,0.9967391208671944,0.995835923332206,0.9963869995184732,CT,True,[0.64453101 0.64453101 1.5       ],"(13, 512, 512)",True,1
CT_AbdTumor_pancreas_409,8.387922048568726,1.4392001628875732,1.4602575302124023,1.385556936264038,1.3550474643707275,1.4172184467315674,1.330641508102417,3.764446777854632,3.4669106185498944,0.9463617961798704,0.8809299064551708,0.933648250940655,0.9322152073431264,0.9349501117922944,0.94488089484441,0.9453272694564288,0.9463617961798704,0.8537430937509815,0.8448631471167808,0.8473208404287136,0.8775896362451016,0.8791036150901038,0.8809299064551708,CT,True,[0.78710902 0.78710902 0.70001203],"(103, 512, 512)",True,1
MR_BraTS-T2f_bratsgli_0722,2.7504658699035645,0.0,0.5933432579040527,0.5751113891601562,0.5592949390411377,0.5092744827270508,0.513441801071167,0.0988700701590667,0.0,0.0366762918588113,0.0,0.0,0.0178571428571428,0.0200931067596342,0.0250633662298441,0.0264468798116112,0.0366762918588113,0.0,0.0,0.0,0.0,0.0,0.0,MR,True,[1. 1. 1.],"(86, 218, 182)",False,4
MR_BraTS-T2w_bratsgli_0771,2.493529796600342,0.0,0.4889390468597412,0.492678165435791,0.494361400604248,0.4703431129455566,0.5472080707550049,0.062032782813014,0.0,0.0204577968526466,0.0,0.0,0.0101876181256626,0.0115713955102985,0.0167108447620145,0.0184278350515463,0.0204577968526466,0.0,0.0,0.0,0.0,0.0,0.0,MR,True,[1. 1. 1.],"(44, 218, 182)",False,2
MR_BraTS-T1c_bratsgli_1065,2.4662346839904785,0.0,0.5044360160827637,0.4848403930664062,0.4908638000488281,0.4882569313049316,0.4978375434875488,1.09177139151096,1.0347879385934124,0.3090279109610934,0.322865879685023,0.0,0.1903307099916935,0.2632172729041042,0.2814925816424338,0.2973822264880287,0.3090279109610934,0.0,0.0,0.2754642950076162,0.2922445818450731,0.3056461218982117,0.322865879685023,MR,True,[1. 1. 1.],"(60, 218, 182)",False,2
CT_AMOS_amos_0310,62.75751185417175,9.912998676300049,10.913675785064695,10.861701011657717,9.960235834121704,10.411148071289062,10.697752475738524,2.7673680665002425,2.812437403275431,0.7094988199635307,0.7239842885586015,0.5761518765288571,0.6489032992025514,0.6830154090430718,0.698028758351305,0.7071228395228248,0.7094988199635307,0.5559217094347649,0.6414007786500167,0.6967640271817396,0.7110308274690784,0.7219500150203034,0.7239842885586015,CT,False,[0.66796875 0.66796875 2.        ],"(207, 512, 512)",True,15
CT_AbdTumor_hepaticvessel_225,2.7762272357940674,0.4758086204528808,0.4509341716766357,0.4588603973388672,0.4589483737945556,0.459768533706665,0.4719071388244629,3.235361867996902,3.6494314101855982,0.8099569171852561,0.9116657352241814,0.7822772748928061,0.8010728654447922,0.8099331423113658,0.8099569171852561,0.8099569171852561,0.8099569171852561,0.8967338783872837,0.9205362920287266,0.9099989261107816,0.9116657352241814,0.9116657352241814,0.9116657352241814,CT,True,[0.96875 0.96875 5.     ],"(4, 512, 512)",True,1
MR_Spider_241_t2_SPACE_ivd,30.72740626335144,5.047156095504761,5.169236183166504,5.2028117179870605,5.162052869796753,5.205332279205322,4.94081711769104,3.0100195027797603,2.9442047142247985,0.7769479692146442,0.7950660930250009,0.674631718697256,0.7177219603243085,0.7397076634133244,0.7567021162375358,0.7662747583594237,0.7769479692146442,0.5776024039011199,0.6582211882476502,0.7053999174604667,0.7432874311493659,0.7688737249786399,0.7950660930250009,MR,False,[0.46875    0.89999998 0.46875   ],"(76, 640, 512)",True,9
MR_BraTS-T1c_bratsgli_1041,2.434030532836914,0.0,0.4650125503540039,0.5154755115509033,0.489917516708374,0.4932215213775635,0.4704034328460693,0.7439731175685926,0.2700302900104918,0.2129252178802361,0.188731400696965,0.0,0.1297773310316194,0.1751175625313196,0.1914104209242273,0.2060938596571178,0.2129252178802361,0.0,0.0,0.0,0.0,0.1756645896620092,0.188731400696965,MR,True,[1. 1. 1.],"(75, 218, 182)",False,3
CT_TotalSeg_muscles_s0674,34.94466590881348,5.226457357406616,6.085432052612305,5.817917585372925,5.874240159988403,6.0674216747283936,5.873197078704834,3.4617045927004124,3.3993303939351884,0.8827598877933781,0.8797735244920474,0.7156026146696495,0.8353560457544821,0.8557575900685129,0.8680142437390558,0.8788747921189138,0.8827598877933781,0.708896104689001,0.804763990252125,0.8315107311151405,0.8532319959368525,0.8723189095111091,0.8797735244920474,CT,False,[1.5 1.5 1.5],"(223, 221, 221)",True,11
MR_BraTS-T2w_bratsgli_1164,2.34373140335083,0.0,0.465116024017334,0.4746742248535156,0.4767575263977051,0.4721207618713379,0.4550628662109375,0.5041177757135484,0.0,0.1545875219403223,0.0,0.0,0.0874567498382514,0.0946827925392062,0.1367229288006656,0.1516899184843896,0.1545875219403223,0.0,0.0,0.0,0.0,0.0,0.0,MR,True,[1. 1. 1.],"(54, 218, 182)",False,2
MR_heart-ACDC_ACDC_patient124_frame01_myo,2.259572505950928,0.0,0.414217472076416,0.4235005378723144,0.4798336029052734,0.4776244163513183,0.4643964767456054,1.325262880415525,1.7304589683556713,0.3451783185271018,0.437316777236192,0.0,0.3147386375037624,0.320202136212243,0.3196175723102989,0.355484693877551,0.3451783185271018,0.0,0.3980636235316359,0.4349312301980015,0.4415072547382427,0.4363302830355128,0.437316777236192,MR,True,[1.68269002 1.68269002 5.        ],"(19, 208, 168)",False,1
CT_AbdomenAtlas_BDMAP_00006066,41.50259280204773,6.261991739273071,6.692659139633179,7.071148157119751,7.256326913833618,7.237456798553467,6.983010053634644,3.480850151805432,3.5809521133978857,0.8750663385840415,0.9005791032976531,0.8123974499145027,0.8562142173440938,0.8664570730266953,0.8731920152848215,0.8755607855298474,0.8750663385840415,0.811887470792437,0.8783428920492072,0.8935235332562786,0.8970732692648814,0.9008943132032956,0.9005791032976531,CT,False,[0.83984375 0.83984375 3.        ],"(143, 294, 512)",True,12
PET_autoPET_fdg_6e7c7f8087_03-23-2003-NA-PET-CT Ganzkoerper  primaer mit KM-20555,18.444836616516117,3.231226921081543,3.0365123748779297,2.988874912261963,2.997032880783081,2.9509222507476807,3.240267276763916,3.080656047939448,2.8490165089097967,0.7809622725503762,0.7242959433132684,0.6711774561506495,0.7151130663031017,0.7733981724866285,0.7778484750497697,0.7813717309763111,0.7809622725503762,0.6005998726765682,0.6660887382500468,0.7110261404020006,0.7179701938273638,0.7248278338987749,0.7242959433132684,PE,False,[2.03642011 2.03642011 3.        ],"(105, 400, 400)",True,6
MR_Spider_94_t1_spi,4.6447343826293945,0.7894034385681152,0.7570796012878418,0.752450704574585,0.7807722091674805,0.7808685302734375,0.7841598987579346,2.0281742200906585,2.886424295104314,0.5306173064045436,0.7380701782100757,0.4608938352091887,0.4689848637134156,0.4947061555957777,0.5127962792548562,0.520870700181045,0.5306173064045436,0.6660968014148299,0.679726079527716,0.711825939149395,0.7302674392367787,0.7354327878492448,0.7380701782100757,MR,True,[0.54954937 3.31340006 0.625     ],"(8, 512, 448)",True,1
CT_TotalSeg_cardiac_s0477,59.43160080909729,9.23829221725464,10.17630910873413,10.084890604019163,9.767705917358398,10.663724422454834,9.500678539276125,2.2968618116979127,2.59093584808418,0.6128464913585,0.6886627101242201,0.4423734603054294,0.5154477932768126,0.5564068753366944,0.5811684933713794,0.5951393006721826,0.6128464913585,0.5163695945497584,0.5857140819964932,0.6301207040211857,0.6558541961612531,0.6677725518413842,0.6886627101242201,CT,False,[1.5 1.5 1.5],"(374, 243, 243)",True,18
CT_TotalSeg_muscles_s0958,11.428644895553589,1.956890344619751,1.9453575611114504,1.9436535835266116,1.8841745853424072,1.8209190368652344,1.8776497840881348,3.2262246205388108,3.63487519287524,0.837532709069884,0.9410911759709136,0.6740844108995275,0.7342465676290092,0.7805967007238588,0.8188759338492011,0.8408623476163047,0.837532709069884,0.7987039830452985,0.8381172127904424,0.8787818908968345,0.9238522541143106,0.9426368534834164,0.9410911759709136,CT,False,[1.5 1.5 1.5],"(129, 151, 151)",True,4
US_Cardiac_patient0260_2CH_half_sequence,10.743067264556885,1.7739243507385254,1.741350173950195,1.7395353317260742,1.8476896286010744,1.8401284217834477,1.8004393577575684,3.402686619586506,3.4218642159166066,0.8643036500154736,0.8681220380120265,0.7698810532935837,0.8064988559150219,0.8461768599188734,0.859185244274025,0.8619232624283605,0.8643036500154736,0.7702048314438846,0.8073300753301695,0.8542438548610506,0.8634376526029056,0.8664566517815523,0.8681220380120265,US,False,[0.308 0.308 1.   ],"(20, 454, 487)",True,3
MR_ISLES2022_ADC_sub-strokecase0080,2.6072142124176025,0.4334490299224853,0.428102970123291,0.4256181716918945,0.4402570724487304,0.4430608749389648,0.4367260932922363,2.3948091678255308,3.857317526954427,0.6097560975609756,0.9837697536397404,0.611764705882353,0.6,0.6075949367088608,0.5897435897435898,0.5925925925925926,0.6097560975609756,0.9547778706898152,0.9530692234269432,0.9527703096383052,0.9525212973695316,0.9836064314132484,0.9837697536397404,MR,True,[2. 2. 2.],"(3, 112, 112)",True,1
CT_LungMasks_LUNG1-135,10.82416844367981,1.6461923122406006,1.7699201107025146,1.72550630569458,1.9794394969940183,1.8535261154174805,1.8495841026306152,3.804258227691924,3.535915825288957,0.9516247064449208,0.8838843625325379,0.934936670483226,0.9486496183287816,0.9511561781334856,0.951487891187367,0.9514769959842202,0.9516247064449208,0.7971669796427843,0.8801351712100061,0.885062934099031,0.884528129031884,0.8843149952867699,0.8838843625325379,CT,False,[0.9765625 0.9765625 3.       ],"(77, 512, 512)",True,2
CT_TotalSeg_cardiac_s1155,42.62586402893066,6.634966850280762,7.371745586395264,7.101420879364014,7.330265760421753,7.051273107528687,7.1361918449401855,3.440403724987076,3.6014619098884983,0.8651519540763948,0.9128652137211616,0.7220085317243535,0.8318596997571627,0.8551700367142211,0.8593764855216871,0.877351375834389,0.8651519540763948,0.755421377241784,0.8606161526629309,0.89054798978507,0.898317022452904,0.9258562144584782,0.9128652137211616,CT,False,[1.5 1.5 1.5],"(201, 271, 271)",True,14
CT_TotalSeg_muscles_s0983,77.70404362678528,12.390560626983644,13.096611499786375,12.669750690460203,12.757531642913818,13.647689580917358,13.141899585723875,3.3584661339248902,3.1412028555185927,0.8629696916765565,0.812913918572419,0.7396808335957503,0.8040042342849477,0.8328781664601654,0.8399673005622542,0.8521337039217185,0.8629696916765565,0.6784723150316418,0.7402996566874384,0.7766104585091694,0.7878502578835358,0.8001353514959592,0.812913918572419,CT,False,[1.5 1.5 1.5],"(433, 241, 241)",True,21
MR_BraTS-T1n_bratsgli_1203,2.6947290897369385,0.0,0.5171148777008057,0.5289294719696045,0.5683379173278809,0.5622551441192627,0.5180916786193848,0.5771573112336845,0.0,0.1985725926550338,0.0,0.0,0.0691400298267999,0.1077046436662845,0.1584408648298093,0.1771554914966736,0.1985725926550338,0.0,0.0,0.0,0.0,0.0,0.0,MR,True,[1. 1. 1.],"(70, 218, 182)",False,3
MR_BraTS-T2f_bratsgli_0771,2.548338890075684,0.0,0.4856219291687011,0.4859299659729004,0.490034818649292,0.5429842472076416,0.5437679290771484,0.1864620468714592,0.0,0.068802628876566,0.0,0.0,0.0301063954168128,0.0328829090065533,0.0462222222222222,0.0579024034959941,0.068802628876566,0.0,0.0,0.0,0.0,0.0,0.0,MR,True,[1. 1. 1.],"(44, 218, 182)",False,2
PET_autoPET_fdg_275fb00a66_05-04-2001-NA-Unspecified CT ABDOMEN-27095,26.908039093017575,4.889917850494385,4.594986915588379,4.338069200515747,4.282203674316406,4.299465656280518,4.503395795822144,2.915748371660939,2.6589682343093,0.7355061340008474,0.6740745711981524,0.6754088722098079,0.7113632907642786,0.7242197702923785,0.7321100789029263,0.7359838100830713,0.7355061340008474,0.5873730483535309,0.6292964414845216,0.6609749007417934,0.6714941875121815,0.6748136397139882,0.6740745711981524,PE,False,[2.03642011 2.03642011 3.        ],"(80, 400, 400)",True,9
MR_Head_HNTSMRG24_175_midRT_T2,6.061405897140503,0.9923198223114014,1.0128850936889648,1.021165370941162,1.0024125576019287,0.9830238819122314,1.0495991706848145,2.351834983975623,3.5650128364694487,0.6446096433632323,0.9271543218646878,0.472600814420292,0.5249598594812445,0.5414673294942349,0.5941335083810204,0.6314493946781292,0.6446096433632323,0.7827058727290002,0.8377081188731521,0.8628631847187972,0.9082252652147372,0.9114931661669944,0.9271543218646878,MR,True,[0.5 0.5 2. ],"(8, 512, 512)",True,2
MR_BraTS-T1c_bratsgli_0143,2.6318600177764893,0.0,0.5117886066436768,0.5125479698181152,0.516547679901123,0.5509636402130127,0.5400121212005615,0.4874563866557669,0.0806494562111062,0.2176180399914858,0.1612989124222125,0.0,0.06184619368203,0.0643317985549691,0.1094825798794569,0.1739098913845829,0.2176180399914858,0.0,0.0,0.0,0.0,0.0,0.1612989124222125,MR,True,[1. 1. 1.],"(98, 218, 182)",False,2
CT_AbdTumor_liver_21,13.83377170562744,2.2503538131713867,2.3537826538085938,2.2055695056915283,2.4698143005371094,2.2863426208496094,2.267908811569214,2.924886253239756,3.169849957690447,0.749441722052337,0.8435010490874482,0.6595158112235215,0.700381445165664,0.7144050801103109,0.7413035858422126,0.7442660036782324,0.749441722052337,0.6406840861980129,0.7135572475680462,0.7532736706731129,0.8125247824839,0.8255223562056875,0.8435010490874482,CT,False,[0.76757812 0.76757812 1.        ],"(62, 512, 512)",True,4
MR_BraTS-T2w_bratsgli_0754,2.28316593170166,0.0,0.4546394348144531,0.4417850971221924,0.4502942562103271,0.4826867580413818,0.4537603855133056,0.7862315914739836,0.2886329270152856,0.2794179229480737,0.1586854452333166,0.0,0.1239094895417946,0.1419934640522875,0.2109019014225915,0.2316725197541703,0.2794179229480737,0.0,0.0,0.0,0.0988099770273771,0.1104802273712502,0.1586854452333166,MR,True,[1. 1. 1.],"(53, 218, 182)",False,2
CT_AbdTumor_case_00037,14.08928656578064,2.2298262119293213,2.232931613922119,2.232776403427124,2.374718427658081,2.6067538261413574,2.4122800827026367,2.736848960481712,2.959735811878914,0.7041638422144888,0.7511192002489727,0.6230410963044071,0.6553701642371866,0.6744973195644233,0.6846019106156523,0.6979827270757987,0.7041638422144888,0.6761710747361935,0.7129479188309895,0.7361371389527345,0.7410823506832656,0.7504827627029331,0.7511192002489727,CT,False,[0.9375 0.9375 5.    ],"(30, 512, 512)",True,5
MR_BraTS-T2w_bratsgli_0167,2.7412500381469727,0.0,0.5234935283660889,0.5817625522613525,0.5540993213653564,0.5346577167510986,0.5472369194030762,0.2302964828879645,0.0,0.0905776604437739,0.0,0.0,0.0252922093411573,0.0539481280934523,0.0566063881382941,0.0618070317637523,0.0905776604437739,0.0,0.0,0.0,0.0,0.0,0.0,MR,True,[1. 1. 1.],"(117, 218, 182)",False,3
MR_BraTS-T2f_bratsgli_1096,2.584885597229004,0.0,0.4803764820098877,0.504969596862793,0.483616828918457,0.5373797416687012,0.578542947769165,1.0401281437873146e-05,0.0,0.0,0.0,0.0,2.0802562875746293e-05,0.0,0.0,0.0,0.0,0.0,0.0,0.0,0.0,0.0,0.0,MR,True,[1. 1. 1.],"(63, 218, 182)",False,2
CT_TotalSeg_cardiac_s0637,59.003819942474365,9.173354625701904,9.722634553909302,10.10273814201355,9.987101554870604,10.027497053146362,9.990494012832642,2.535799057804039,2.7324784839853,0.655753872358654,0.705652313835087,0.4594933806305003,0.588089209186566,0.6209602824571725,0.6427117204257402,0.6502055141485162,0.655753872358654,0.5092322476256819,0.6330237031414687,0.6700296209243254,0.6930684692242993,0.700042385348397,0.705652313835087,CT,False,[1.5 1.5 1.5],"(392, 245, 245)",True,18
MR_BraTS-T2f_bratsgli_0883,2.455141305923462,0.0,0.4654526710510254,0.4973540306091308,0.4941155910491943,0.5010964870452881,0.4971225261688232,0.3648471028114631,0.0,0.1310413223140495,0.0,0.0,0.0612187018880155,0.0660614255360247,0.0769230769230769,0.1257325882513288,0.1310413223140495,0.0,0.0,0.0,0.0,0.0,0.0,MR,True,[1. 1. 1.],"(44, 218, 182)",False,2
CT_AbdomenAtlas_BDMAP_00003650,42.25561714172363,6.687598466873169,6.597538948059082,7.097520112991333,7.1542441844940186,7.584287881851196,7.134427547454834,3.573294962167765,3.7533418211457623,0.8990553997162172,0.9458907215691796,0.8329375768249929,0.8819243033990182,0.8921058836044994,0.893892392787773,0.8968068342178751,0.8990553997162172,0.8459596633428327,0.9251144093040112,0.939710811844492,0.9356430088619369,0.9424854350027388,0.9458907215691796,CT,False,[0.91601598 0.91601598 3.        ],"(142, 355, 471)",True,12
CT_totalseg-vertebrae_s1262,65.44890713691711,10.686645984649658,10.774404525756836,10.995781898498535,11.189538955688477,11.104318141937256,10.698217630386353,3.451466400969366,3.5739331968857373,0.8721515661132856,0.904371524135385,0.8295105726947726,0.8514441072827275,0.8602070552598113,0.8619289388981858,0.8675325701133627,0.8721515661132856,0.850185471371869,0.876851732589155,0.8850588432421859,0.8951057999709029,0.9031569253103786,0.904371524135385,CT,False,[1.5 1.5 1.5],"(273, 221, 221)",True,22
CT_TotalSeg_cardiac_s0365,43.45849013328552,6.701972246170044,7.018587589263916,7.475198745727539,7.40615701675415,7.415776968002319,7.440797567367554,3.1121056714126234,3.2683137704734566,0.7883983080110818,0.8341072397928545,0.6711998382553995,0.7528739361528697,0.7762047073199918,0.7807305798207024,0.7845342621899535,0.7883983080110818,0.6729034695672176,0.780588332466022,0.8131806554766062,0.8195764277377197,0.8282089011296926,0.8341072397928545,CT,False,[1.5 1.5 1.5],"(222, 257, 257)",True,14
MR_ISLES2022_ADC_sub-strokecase0220,5.4548094272613525,0.9023556709289552,0.9317867755889891,0.8843436241149902,0.886817216873169,0.9477415084838868,0.9017646312713624,1.5002573623928943,1.8672054544488432,0.3903818953323903,0.4724290419227351,0.3228346456692913,0.3577287066246056,0.3684210526315789,0.3762781186094069,0.3815028901734104,0.3903818953323903,0.370455121213043,0.4389537132514131,0.4581648748763831,0.4716125936724081,0.4817366083129781,0.4724290419227351,MR,True,[2. 2. 2.],"(11, 112, 112)",True,2
CT_AbdTumor_hepaticvessel_123,3.178410053253174,0.48883056640625,0.497241735458374,0.511181116104126,0.5441410541534424,0.5683245658874512,0.5686910152435303,2.8506215575118725,2.8127480526492272,0.807989307989308,0.8714499489879604,0.5503711558854719,0.6409931325937666,0.6863560215921077,0.7034741056438073,0.7363002099844205,0.807989307989308,0.5316088581076183,0.6433993191051454,0.6575167501039251,0.6775321593622602,0.7202745091364888,0.8714499489879604,CT,True,[0.859375 0.859375 5.      ],"(10, 512, 512)",True,1
MR_BraTS-T2w_bratsgli_0176,2.632085084915161,0.0,0.5000479221343994,0.484835147857666,0.5122401714324951,0.54282546043396,0.5921363830566406,0.3724482889670332,0.0,0.1966400092054542,0.0,0.0,0.0609088746133714,0.0679743557084023,0.0786289848944017,0.0970705064548162,0.1966400092054542,0.0,0.0,0.0,0.0,0.0,0.0,MR,True,[1. 1. 1.],"(70, 218, 182)",False,2
CT_AbdTumor_hepaticvessel_136,3.091129302978516,0.532512903213501,0.5061416625976562,0.5329341888427734,0.5290772914886475,0.5192804336547852,0.4711828231811523,3.2298189776340385,3.831468506854388,0.8121892314249183,0.963196265158456,0.7880194051887788,0.7851113878511139,0.8084068574707697,0.8114572144647333,0.8113045960605195,0.8121892314249183,0.9422357582820048,0.9490128743906396,0.9550045169960898,0.9597156337851152,0.9606437862986356,0.963196265158456,CT,True,[0.85546899 0.85546899 5.        ],"(9, 512, 512)",True,1
CT_LNQ_LymphNode-0690,6.45241904258728,0.9974520206451416,1.0891623497009275,1.096944808959961,1.05474853515625,1.0878853797912598,1.1262259483337402,3.030739978763407,3.760688147312276,0.7813973190041541,0.9556237349404016,0.6382401542991989,0.7107222341158936,0.7433177154647944,0.7622722980405687,0.7790901886980199,0.7813973190041541,0.7890026193000552,0.8885154177426088,0.9272122733294312,0.9482816854758922,0.963124612165448,0.9556237349404016,CT,True,[0.75585902 0.75585902 2.5       ],"(33, 512, 512)",True,2
CT_AbdTumor_liver_126,3.1380839347839355,0.5612506866455078,0.5037829875946045,0.5055272579193115,0.5077438354492188,0.5558383464813232,0.5039408206939697,3.0158428422818906,3.4587878633435034,0.754396317715095,0.864864523197517,0.7633341029785269,0.751739591933011,0.7540712768468256,0.7543072928959169,0.754396317715095,0.754396317715095,0.8843578769135364,0.8625878412467756,0.8653326347263228,0.8648645231975172,0.864864523197517,0.864864523197517,CT,True,[0.6640625 0.6640625 1.5      ],"(12, 512, 512)",True,1
MR_BraTS-T1n_bratsgli_0891,2.4026334285736084,0.0,0.5000133514404297,0.4716572761535644,0.4548976421356201,0.4933836460113525,0.4826815128326416,0.35874039648469,0.0,0.1360418019355038,0.0,0.0,0.0642286084701815,0.070110701107011,0.071416887493048,0.1170776026817882,0.1360418019355038,0.0,0.0,0.0,0.0,0.0,0.0,MR,True,[1. 1. 1.],"(52, 218, 182)",False,2
CT_AbdTumor_case_00527,9.014498949050903,1.3780343532562256,1.4904048442840576,1.5003130435943604,1.542492151260376,1.572948932647705,1.5303056240081787,2.345036942138762,2.520071499280382,0.5891323863951171,0.6369521274117074,0.5650876799617172,0.5746958512959803,0.5806764080842283,0.58950437767598,0.5929420375330049,0.5891323863951171,0.5829177752944705,0.5983594076425329,0.6084340773769382,0.6287651622999175,0.6652164920764063,0.6369521274117074,CT,True,[0.85000002 0.85000002 5.        ],"(21, 512, 512)",True,3
CT_COVID-19-20-CT-SegChallenge_volume-covid19-A-0264,3.3969621658325195,0.5360698699951172,0.5583524703979492,0.5602624416351318,0.5589971542358398,0.6115171909332275,0.5717630386352539,2.371038066645178,2.09743241626964,0.6199160474218617,0.572018293148741,0.5235217562373261,0.5515222482435597,0.5748008115999406,0.5959479161429793,0.6145701910695472,0.6199160474218617,0.4099646404955193,0.4442864823754603,0.5004004816410519,0.5271856728913344,0.5616938739751525,0.572018293148741,CT,True,[0.741 0.741 5.   ],"(16, 512, 512)",True,1
MR_BraTS-T2f_bratsgli_0038,2.518880605697632,0.0,0.4841101169586181,0.5155401229858398,0.508995771408081,0.5230646133422852,0.4871699810028076,0.0323752073654285,0.0,0.0217610768367919,0.0,0.0,0.0097232610321615,0.009862480900125,0.0067705575308268,0.0,0.0217610768367919,0.0,0.0,0.0,0.0,0.0,0.0,MR,True,[1. 1. 1.],"(52, 218, 182)",False,4
MR_BraTS-T1n_bratsgli_0795,2.542714834213257,0.0,0.5421452522277832,0.4903230667114258,0.4941804409027099,0.5016121864318848,0.5144538879394531,0.5939489013706637,0.0,0.1457595276435856,0.0,0.0,0.1123926785545806,0.1406326736963744,0.1665159115204341,0.1577242130547719,0.1457595276435856,0.0,0.0,0.0,0.0,0.0,0.0,MR,True,[1. 1. 1.],"(43, 218, 182)",False,2
MR_BraTS-T1n_bratsgli_0185,2.454258441925049,0.0,0.4996018409729004,0.4801738262176513,0.475935697555542,0.4923477172851562,0.5061993598937988,0.6086116752164147,0.0,0.1727498506711936,0.0,0.0,0.1117824490407673,0.1432335122782053,0.1597015727001518,0.1634104403820769,0.1727498506711936,0.0,0.0,0.0,0.0,0.0,0.0,MR,True,[1. 1. 1.],"(85, 218, 182)",False,3
MR_BraTS-T2f_bratsgli_1223,2.841317176818848,0.0,0.5383212566375732,0.5576968193054199,0.5644686222076416,0.5947067737579346,0.5861237049102783,0.4141702678728959,0.0,0.1201746783118874,0.0,0.0,0.0911797481828917,0.0960863045819118,0.1025805833234665,0.1098261667201278,0.1201746783118874,0.0,0.0,0.0,0.0,0.0,0.0,MR,True,[1. 1. 1.],"(86, 218, 182)",False,3
CT_AbdTumor_case_00406,3.21317458152771,0.5127754211425781,0.5136716365814209,0.5236690044403076,0.5333600044250488,0.5711135864257812,0.5585849285125732,3.731962385477342,3.872769254513904,0.9334740462789244,0.9694354033006808,0.926743228942108,0.9312331021511696,0.9329525895790955,0.933223864258347,0.9334323574248524,0.9334740462789244,0.9578540124788408,0.963691034874818,0.9681899828461038,0.9688233126781546,0.9691927399018962,0.9694354033006808,CT,True,[0.95117188 0.95117188 5.        ],"(12, 512, 512)",True,1
CT_AbdTumor_case_00529,20.41707181930542,3.4680097103118896,3.4246842861175537,3.2525787353515625,3.4816176891326904,3.282273054122925,3.507908344268799,3.2156724492374997,3.889674123245152,0.8062849304858692,0.9727633494212684,0.7673539281280448,0.7984842703961851,0.803660935276664,0.8018840556484559,0.807742857871352,0.8062849304858692,0.946777639511537,0.9715769338883912,0.9770506849910758,0.9685442170469416,0.971909079552305,0.9727633494212684,CT,False,[0.609375 0.609375 5.      ],"(16, 512, 512)",True,7
CT_TotalSeg_muscles_s0937,68.67409777641296,10.736337661743164,11.482732772827148,11.732928276062012,11.73709225654602,11.819926500320436,11.165080308914185,3.353791305232064,2.763276156895984,0.8571621690046661,0.7200090834716701,0.7223615034925591,0.7893257903350163,0.8291630869892928,0.8464131148792299,0.8549711236936997,0.8571621690046661,0.5794289415141644,0.6419035657012643,0.6730232934094253,0.6991696066214443,0.7101269322786465,0.7200090834716701,CT,False,[1.5 1.5 1.5],"(548, 253, 253)",True,15
MR_Spider_224_t2_ivd,18.22339701652527,3.144608974456787,3.063744306564331,3.098477363586426,2.959839344024658,2.965970277786255,2.9907567501068115,3.076280710155276,3.550526383134209,0.7903253105772292,0.9031114693566732,0.676533551847237,0.7333613243822047,0.7577782515136807,0.7716493182030185,0.7850098229588598,0.7903253105772292,0.7691806569809823,0.8482007163179163,0.8771167679806087,0.8942596495316374,0.903493872784668,0.9031114693566732,MR,False,[0.63731721 4.41271304 0.73834871],"(14, 441, 379)",True,7
MR_crossmoda_crossmoda2023_etz_71_ceT1,8.027806282043457,1.2882261276245115,1.2815792560577393,1.328411340713501,1.3920419216156006,1.3855705261230469,1.3519771099090576,2.862270421273152,3.934111182209025,0.7090320390130637,0.9842340896980234,0.6351070941357605,0.7121591398310718,0.7249735449735449,0.718025165809211,0.708676121068328,0.7090320390130637,0.9690916908681558,0.9816836256044352,0.981281327337448,0.985636907522324,0.9842340896980234,0.9842340896980234,MR,True,[0.8203125  0.8203125  1.49999905],"(6, 256, 256)",True,3
MR_BraTS-T2f_bratsgli_0276,2.5235536098480225,0.0,0.4979627132415771,0.5061404705047607,0.5062086582183838,0.5188922882080078,0.4943494796752929,0.0279690183035393,0.0,0.0083683614517955,0.0,0.0,0.0058648526541015,0.0061958912443258,0.0072282080820401,0.0074283119242247,0.0083683614517955,0.0,0.0,0.0,0.0,0.0,0.0,MR,True,[1. 1. 1.],"(66, 218, 182)",False,3
MR_Spider_172_t1_spi,5.428097724914551,0.896345853805542,0.9248061180114746,0.8803083896636963,0.884636402130127,0.9371423721313475,0.9048585891723632,1.715823145289734,2.3776571221118763,0.4339242266249565,0.5955663579876093,0.3359432571849668,0.3933753183724672,0.4252245782899597,0.4343914058300752,0.442557388670987,0.4339242266249565,0.5310179210775224,0.5720726506364184,0.5959323657154764,0.5935289236129685,0.6043763284714178,0.5955663579876093,MR,True,[0.47453232 3.31841829 0.65891558],"(9, 596, 426)",True,1
MR_BraTS-T2f_bratsgli_1115,2.6297380924224854,0.0,0.5361359119415283,0.5191113948822021,0.5177946090698242,0.5269186496734619,0.5297775268554688,1.5562824330252691,1.571919129448385,0.4241780084476714,0.4402765842731,0.0,0.3271823878959284,0.3719102567008985,0.3940003351768057,0.4146916429757649,0.4241780084476714,0.0,0.3189983119530726,0.3676093315106729,0.4000749719117231,0.4245973779129026,0.4402765842731,MR,True,[1. 1. 1.],"(83, 218, 182)",False,2
CT_AbdTumor_case_00567,9.98757266998291,1.646744728088379,1.6450474262237549,1.6686136722564695,1.6547539234161377,1.6813948154449463,1.6910181045532229,3.543240826062518,3.667480285777353,0.9089644359309628,0.9585540934418976,0.8068594433409313,0.8359686267877774,0.873452614527173,0.8904458489216086,0.906875831254366,0.9089644359309628,0.8061342910220047,0.8482794710382661,0.8837492557714187,0.9249660997403164,0.955348148025536,0.9585540934418976,CT,True,[0.9765625 0.9765625 2.5      ],"(41, 512, 512)",True,3
CT_LungMasks_lung_048,24.76502990722656,4.192095518112183,4.205127954483032,4.191967487335205,4.021460294723511,4.091092348098755,4.063286304473877,3.929899588490775,3.892613568453334,0.9822163412170414,0.971730947747392,0.9723709912299086,0.9821476816881,0.9825785278600884,0.9825755801313422,0.9825634690467736,0.9822163412170414,0.904126147706138,0.970940578110166,0.973835015750931,0.9737573897703292,0.9736854000032952,0.971730947747392,CT,False,[0.81445312 0.81445312 1.        ],"(255, 512, 512)",True,2
CT_TotalSeg_muscles_s0608,11.334661483764648,1.832851886749268,1.770024061203003,1.7771308422088623,1.9991896152496336,2.081137180328369,1.8743278980255127,2.442175934719073,2.9073528888542457,0.6169416200275708,0.7240211574614587,0.5538510423706051,0.5966866901208242,0.6071396715321067,0.6112159483493239,0.6170061597634446,0.6169416200275708,0.6694592857150314,0.717575434103862,0.7292896042441905,0.7299184966207636,0.7273464922066313,0.7240211574614587,CT,False,[1.5 1.5 1.5],"(127, 168, 168)",True,4
CT_LNQ_LymphNode-1071,6.513294219970703,1.0992059707641602,1.0794808864593506,1.1333739757537842,1.0658700466156006,1.0799753665924072,1.0553879737854004,2.5150531113710533,3.466118297307254,0.6494588744588745,0.8814221294836843,0.5534579149452333,0.5905884328984939,0.6185824096022362,0.6304666359293493,0.6459804121607835,0.6494588744588745,0.7848072068459278,0.8358238723008816,0.859077344595613,0.8692911073092132,0.8791268445101452,0.8814221294836843,CT,True,[0.97656202 0.97656202 3.75      ],"(28, 512, 512)",True,2
CT_Aorta_AortaD6,9.995550870895386,0.0,1.8803110122680664,1.933010816574097,1.9282119274139404,2.161395072937012,2.0926220417022705,0.9937410316280564,0.583685576312482,0.4587116966300313,0.3481595989709034,0.0,0.1435847859268919,0.2192049070567738,0.1553547474092309,0.31803313588359,0.4587116966300313,0.0,0.0,0.1699551946731541,0.0,0.2396505821538761,0.3481595989709034,CT,True,[0.73242188 0.73242188 3.        ],"(158, 666, 512)",False,1
MR_BraTS-T1n_bratsgli_0430,2.3696792125701904,0.0,0.4611022472381592,0.5134224891662598,0.4610915184020996,0.4594337940216064,0.4746291637420654,1.276113065934931,0.6587750045073015,0.4183370515121525,0.2301862375981035,0.0,0.1653035489101063,0.2943918730865572,0.296119880397747,0.3937810122394972,0.4183370515121525,0.0,0.0,0.183339689523615,0.1706317092212818,0.189710486963353,0.2301862375981035,MR,True,[1. 1. 1.],"(46, 218, 182)",False,1
MR_Spider_100_t1_vet,22.38853859901428,3.663483142852783,3.722868919372559,3.764564037322998,3.708526849746704,3.795954465866089,3.733141183853149,2.705906357324652,2.403588853370244,0.6965102930401996,0.5922764060194962,0.5625372713647918,0.6228160866126057,0.6651914202182836,0.6873224412484419,0.6937293060315238,0.6965102930401996,0.5995499437679084,0.5977847142854207,0.5940670126851103,0.6052634730542957,0.609227807478379,0.5922764060194962,MR,False,[0.38792314 4.38969596 0.63051755],"(17, 797, 492)",True,8
MR_Head_HNTSMRG24_63_midRT_T2,6.724685907363892,1.168454647064209,1.0368688106536863,1.0524699687957764,1.1390814781188965,1.1633813381195068,1.1644296646118164,3.0239688033617065,3.5609852641995965,0.7572168380857833,0.8899431959895618,0.7578623850706612,0.754162786178819,0.7553987098945667,0.7565175898164613,0.7563626915183774,0.7572168380857833,0.9047576090029308,0.8901989064457997,0.8906115341020383,0.8903752635477058,0.8899274153321716,0.8899431959895618,MR,True,[0.5 0.5 2. ],"(25, 512, 512)",True,2
MR_BraTS-T2f_bratsgli_0562,2.593319892883301,0.0,0.5290961265563965,0.5193583965301514,0.5359351634979248,0.4983694553375244,0.5105607509613037,0.3480059666280571,0.0,0.1022889163263367,0.0,0.0,0.0636110029842999,0.0790149240743158,0.0923703945223345,0.0936706883760884,0.1022889163263367,0.0,0.0,0.0,0.0,0.0,0.0,MR,True,[1. 1. 1.],"(89, 218, 182)",False,4
MR_Spider_152_t2_SPACE_spi,5.711455583572388,0.9486250877380372,0.9300577640533448,0.946526288986206,0.9372828006744384,0.9775002002716064,0.9714634418487548,1.6882094532522722,1.6508133231885658,0.4820034374452849,0.4580239674156001,0.2865021319516678,0.3593402054951249,0.3850327754335428,0.4138232581804306,0.4686815981680937,0.4820034374452849,0.3077510426112613,0.349365312537887,0.3859378614144047,0.4104422797094935,0.450738542087924,0.4580239674156001,MR,True,[0.89999998 0.46875    0.46875   ],"(102, 120, 640)",True,1
MR_ProstateADC_ADC-ProstateX-0323,2.9108927249908447,0.4908573627471924,0.5100328922271729,0.4506893157958984,0.4959292411804199,0.438201904296875,0.5251820087432861,3.5769542057422594,3.676112459184449,0.8989911570556732,0.9320537149629288,0.866874550251859,0.8807489760093622,0.8919970810021892,0.896431679721497,0.8986553784860558,0.8989911570556732,0.8667822845348578,0.8887479834450087,0.9080512081397688,0.9261801939624448,0.931480207878266,0.9320537149629288,MR,True,[2. 2. 3.],"(13, 128, 84)",True,1
MR_totalseg_mr_s0058,3.7342607975006095,0.6250762939453125,0.5944087505340576,0.6164829730987549,0.6177594661712646,0.668743371963501,0.6117899417877197,3.647514504713639,3.914294716264744,0.9118334920860102,0.978397605470793,0.9044028273475424,0.9123871334673848,0.911781858238634,0.9117885453985444,0.9118337882997632,0.9118334920860102,0.9656845578735256,0.9785778683500636,0.9787571840875472,0.9786239550006496,0.9784258402661188,0.978397605470793,MR,True,[0.3125     0.3125     2.39999962],"(26, 448, 448)",True,1
CT_TotalSeg_muscles_s0336,8.330171346664429,1.3970947265625,1.3934919834136963,1.4232125282287598,1.4224135875701904,1.331969976425171,1.361988544464111,2.292412416299023,2.536050448824364,0.5923211520397782,0.6568264441543955,0.5201832943959972,0.5491258811670129,0.5637411281417651,0.5755853613158194,0.5823624102380427,0.5923211520397782,0.5813139375361346,0.6001667465195072,0.6211672091410235,0.6382834094777888,0.6481032348686001,0.6568264441543955,CT,True,[1.5 1.5 1.5],"(68, 123, 123)",True,3
MR_BraTS-T1c_bratsgli_0959,2.401702880859375,0.0,0.4902253150939941,0.4707250595092773,0.4871060848236084,0.474285364151001,0.4793610572814941,0.1738784062888041,0.0,0.043173288088785,0.0,0.0,0.0396845292041882,0.0454229672002719,0.0436364162309533,0.0433901142110921,0.043173288088785,0.0,0.0,0.0,0.0,0.0,0.0,MR,True,[1. 1. 1.],"(63, 218, 182)",False,3
CT_TotalSeg_cardiac_s1228,64.90889000892639,10.059808492660522,10.145753622055054,11.174144744873049,10.941572189331056,11.13388180732727,11.453729152679443,2.2581884319511363,2.4078008643556936,0.6062912849544297,0.640769460958626,0.4052426899022731,0.4733185521570042,0.5412155056782573,0.5759724219330313,0.6011955857841309,0.6062912849544297,0.4625497882138072,0.5172883271735322,0.5837717527888052,0.6133732850190151,0.6316269324817939,0.640769460958626,CT,False,[1.5 1.5 1.5],"(368, 321, 321)",True,18
CT_totalseg-vertebrae_s0441,38.298919677734375,6.10664963722229,6.097107887268066,6.236932277679443,6.235459804534912,6.944725513458252,6.678044557571411,3.764629918822853,3.8452119676281575,0.9516556178438494,0.9699321924413132,0.8261208730337872,0.903722757356176,0.9388827868236268,0.9471791238751308,0.950878820524083,0.9516556178438494,0.8692079578857048,0.9274707731367636,0.9610226386232676,0.9665105411277524,0.9689773050880988,0.9699321924413132,CT,False,[1.5 1.5 1.5],"(269, 242, 242)",True,13
CT_AMOS_amos_0044,52.4372935295105,8.503450632095337,8.729227781295776,8.925415515899658,8.93155288696289,8.780228853225708,8.567417860031128,2.81814254766012,3.088309192333214,0.7168876255867409,0.7850285497487686,0.6308797847334673,0.6795519561009085,0.6937234662052935,0.7101804522483064,0.7160188383626954,0.7168876255867409,0.7049473034300984,0.7479242825122466,0.7602595841040691,0.7762228073356059,0.7853503847630312,0.7850285497487686,CT,False,[0.5078125 0.5078125 5.       ],"(87, 768, 768)",True,13
CT_TotalSeg_organs_s1405,62.53207874298096,9.705745935440063,10.696531295776367,10.187700748443604,10.268314838409424,10.411975383758543,11.261810541152954,3.382656620521993,3.357482042325044,0.8539825623856909,0.8571390757622849,0.7900127624895414,0.8252825996550015,0.8427365363433023,0.8478227205815919,0.852464782576752,0.8539825623856909,0.7441378073881636,0.8018709104324211,0.8316983535038307,0.8431514971070484,0.853127198616812,0.8571390757622849,CT,False,[1.5 1.5 1.5],"(259, 255, 255)",True,20
CT_COVID19-CT-Seg-Bench_coronacases_006,7.209146022796631,1.3032972812652588,1.0814573764801023,1.2658138275146484,1.093411207199097,1.3556902408599854,1.109476089477539,3.1903846371398457,2.4436892342562446,0.8123318849575832,0.6280023665139348,0.5409111501769887,0.7085033352762127,0.8056238203459035,0.8121159651246533,0.8122272415523907,0.8123318849575832,0.3518342642439868,0.495790048059361,0.6251627013244384,0.6285950985760962,0.628035227069062,0.6280023665139348,CT,True,[0.75976562 0.75976562 1.5       ],"(70, 512, 512)",True,1
MR_heart-ACDC_ACDC_patient076_frame01_myo,2.2450292110443115,0.0,0.4605767726898193,0.4390547275543213,0.4602527618408203,0.455075740814209,0.4300692081451416,1.8507474431280213,2.237413708674276,0.6304537945777864,0.7332233564488925,0.0,0.2465983672162638,0.2889032485460847,0.5319877139096095,0.5913303997753019,0.6304537945777864,0.0,0.3846474031265559,0.3752001636129695,0.6178412514948215,0.6854369137787608,0.7332233564488925,MR,True,[ 1.5625  1.5625 10.    ],"(7, 256, 256)",False,1
CT_LungMasks_LUNG1-409,13.323591947555542,2.192159414291382,2.1118948459625244,2.1835038661956787,2.282071113586426,2.234410047531128,2.3195526599884038,3.849304799872221,3.647826911861344,0.9622441999609423,0.9122233930202766,0.9453294951563784,0.9629619530526572,0.9618705118084128,0.9624233282486367,0.962407883308372,0.9622441999609423,0.7878153903273919,0.9112747345843382,0.9107283909140688,0.9126979668731976,0.9126514902717696,0.9122233930202766,CT,False,[0.9765625 0.9765625 3.       ],"(94, 512, 512)",True,2
MR_BraTS-T1n_bratsgli_0277,2.5770671367645264,0.0,0.5566785335540771,0.5346813201904297,0.5068645477294922,0.4902710914611816,0.4885716438293457,0.0064226383318349,0.0,0.0018255908720456,0.0,0.0,0.0017338871420622,0.0027151338317832,0.0,0.0019277654929976,0.0018255908720456,0.0,0.0,0.0,0.0,0.0,0.0,MR,True,[1. 1. 1.],"(83, 218, 182)",False,3
MR_heart-ACDC_ACDC_patient055_frame01_lvrv,5.613862037658691,0.9299881458282472,0.9135267734527588,0.9383981227874756,0.9769444465637208,0.9698386192321776,0.8851659297943115,3.519856183184096,3.5021085052292142,0.884591351828794,0.8811506632559722,0.8654817537665849,0.8714769905333952,0.8755734910656885,0.8817855051888419,0.884463015748471,0.884591351828794,0.8784746891448842,0.8698802098807045,0.8727240214531407,0.8738233635678349,0.8800456836399004,0.8811506632559722,MR,True,[ 1.48438001  1.48438001 10.        ],"(8, 216, 256)",True,2
CT_totalseg-vertebrae_s1321,87.88451147079468,13.980742454528809,15.159724473953249,14.669845581054688,13.76785159111023,15.117881774902344,15.18846559524536,3.762077088001166,3.850524258784581,0.945076511098553,0.9681172195442342,0.9229568414282586,0.9356428222957968,0.9376820801077368,0.94064896731441,0.943386373881844,0.945076511098553,0.9379354243047324,0.9556106733162112,0.9587030384731138,0.9632999917495504,0.9666572821316944,0.9681172195442342,CT,False,[1.5 1.5 1.5],"(429, 275, 275)",True,26
CT_GTVpEnhance_segrap_0034,3.135286331176758,0.4974987506866455,0.5233826637268066,0.5250482559204102,0.511425256729126,0.5476009845733643,0.5303304195404053,2.94554818863244,3.339349305746784,0.7373774600132675,0.8355077650001486,0.7241636798088411,0.7325021602271324,0.7361948099864716,0.7370050873700509,0.7374084811557171,0.7373774600132675,0.8195885321542095,0.8306813144207599,0.8352643051890899,0.8354896835961223,0.8355007772511175,0.8355077650001486,CT,True,[0.54296875 0.54296875 3.        ],"(18, 512, 512)",True,1
CT_TotalSeg_cardiac_s0402,59.05232286453247,9.332789182662964,9.912785291671751,10.4277606010437,9.889931917190552,9.296173572540283,10.192882299423218,3.276791699671419,3.435533674405483,0.8507173028798877,0.8996719671490558,0.6883174307794595,0.7705063524029971,0.7924635851451075,0.8280517966276373,0.8456644902572314,0.8507173028798877,0.7205800113814794,0.8000672569924789,0.8280104874499588,0.8665680861143301,0.8910854887704266,0.8996719671490558,CT,False,[1.5 1.5 1.5],"(390, 264, 264)",True,18
MR_Spider_243_t2_ivd,19.19612956047058,3.1529061794281006,3.0795540809631348,3.038872241973877,3.293987274169922,3.1800036430358887,3.450806140899658,3.1231544887167955,3.662138870183164,0.7835170377085189,0.9219639709804024,0.7373127325053028,0.766446866062131,0.7805291471119632,0.7831371524745668,0.7845062372449406,0.7835170377085189,0.8624164531875881,0.9010725160022128,0.913257746356954,0.916534076583457,0.9208288037514448,0.9219639709804024,MR,False,[0.58738303 3.30690272 0.625     ],"(14, 478, 448)",True,7
US_Cardiac_patient0266_2CH_half_sequence,11.325597524642944,1.8417026996612549,1.83544921875,1.9346661567687988,1.877260446548462,1.9152085781097408,1.9213104248046875,2.9571312204995834,3.103542698070121,0.8401720475119032,0.8324734690629066,0.6282658655863256,0.6648295616360901,0.6847841295928823,0.6954382861917221,0.8244080001409825,0.8401720475119032,0.7533825261555013,0.7508686751660218,0.7501149274508006,0.7497982457080195,0.8119584527968368,0.8324734690629066,US,False,[0.308 0.308 1.   ],"(19, 422, 595)",True,3
CT_AbdTumor_HCC_009,5.330360889434815,0.9531056880950928,0.9460048675537108,0.8127646446228027,0.894927978515625,0.7774536609649658,0.9461040496826172,3.7916491156291143,3.3389859384295906,0.9475864641915924,0.831775899939708,0.939721309500469,0.9490486126732705,0.9480465891219384,0.9476894039183642,0.9475955841563808,0.9475864641915924,0.7917256170482472,0.8450815346991014,0.8358146207633756,0.8327548969932861,0.8319877033535245,0.831775899939708,CT,True,[0.74218798 0.74218798 2.5       ],"(54, 512, 512)",True,1
MR_BraTS-T2f_bratsgli_0238,2.68013858795166,0.0,0.5081799030303955,0.5119237899780273,0.5441055297851562,0.5761916637420654,0.5397377014160156,1.0937174821336164,1.097936236434283,0.2890685733242886,0.2943088323088559,0.0,0.2228506144245351,0.2685509517848815,0.2819086501658586,0.2872982863084645,0.2890685733242886,0.0,0.2173745572534617,0.2637957953644621,0.2853499222593363,0.292948824029326,0.2943088323088559,MR,True,[1. 1. 1.],"(76, 218, 182)",False,3
MR_Head_HNTSMRG24_110_preRT_T2,16.334194660186768,2.685436248779297,2.766474485397339,2.7815847396850586,2.7037224769592285,2.690711736679077,2.706264972686768,3.2773957326879675,3.829371193162354,0.82393531680456,0.9599446545803688,0.7466593847721265,0.818026211167125,0.8187050623929444,0.818275371625238,0.8194345346839427,0.82393531680456,0.9262027090320976,0.9595129906064882,0.9588659724112724,0.9548090088373972,0.9559673893202568,0.9599446545803688,MR,False,[0.5 0.5 2. ],"(35, 512, 512)",True,5
CT_AbdTumor_case_00415,3.409075260162353,0.5431900024414062,0.5369973182678223,0.5725991725921631,0.6050465106964111,0.5582094192504883,0.5930328369140625,3.649892921602423,3.5179950801475246,0.9151129048397318,0.8864916876745623,0.8971496842464585,0.9066117655000168,0.9106663084363246,0.913619041251588,0.914745236744636,0.9151129048397318,0.8433601615868451,0.8638270176023324,0.8741116275665759,0.8831064023706887,0.8856176975718123,0.8864916876745623,CT,True,[0.92382812 0.92382812 2.        ],"(19, 512, 512)",True,1
CT_AbdTumor_pancreas_356,2.8608858585357666,0.4773731231689453,0.469550609588623,0.5072708129882812,0.4635953903198242,0.4733660221099853,0.4697299003601074,3.33581013744162,3.938106299441156,0.8406738380353156,0.9691356382884644,0.7788635541078538,0.8105677346824058,0.8348765432098766,0.8405231309779426,0.8347896768949401,0.8406738380353156,0.9485693932938766,0.9776546608658596,0.9975445680075936,0.9991107701619332,0.9680558116944674,0.9691356382884644,CT,True,[0.67773402 0.67773402 5.        ],"(4, 512, 512)",True,1
MR_BraTS-T2f_bratsgli_0431,2.367250442504883,0.0,0.4767322540283203,0.481715440750122,0.4626030921936035,0.4901716709136963,0.4560279846191406,1.9194264383672568,1.3107901742262087,0.6919754699291456,0.5178482127020964,0.0,0.2598987286888927,0.3858587656078536,0.4498168276363196,0.6078137458140648,0.6919754699291456,0.0,0.2082459476595449,0.2564802166900365,0.2822580395772439,0.4090048377781076,0.5178482127020964,MR,True,[1. 1. 1.],"(42, 218, 182)",False,1
MR_BraTS-T1c_bratsgli_0699,2.4434409141540527,0.0,0.4764254093170166,0.4979500770568847,0.507021427154541,0.4745161533355713,0.487527847290039,0.8185713213333001,0.5982738501842207,0.2266289760721832,0.2434690910291662,0.0,0.1534319626192417,0.1933259752823992,0.2057279572162409,0.2294869194889474,0.2266289760721832,0.0,0.0,0.0,0.2253974052666041,0.2511418994030335,0.2434690910291662,MR,True,[1. 1. 1.],"(44, 218, 182)",False,3
CT_AbdTumor_hepaticvessel_367,11.170704126358032,1.8596107959747317,1.849581003189087,1.8746771812438965,1.8596665859222408,1.897099256515503,1.8300693035125728,2.540115402401268,3.524648519644052,0.6735303797112354,0.9210061393685776,0.5275780130706472,0.5734498814230424,0.6111122099210733,0.6371083557060739,0.668404706206982,0.6735303797112354,0.7509686162584353,0.8199298475049306,0.8635639123164299,0.8787911287398594,0.9118254851510088,0.9210061393685776,CT,False,[0.78710902 0.78710902 5.        ],"(10, 512, 512)",True,4
CT_TotalSeg_cardiac_s0836,58.7480411529541,8.930106163024902,9.04083800315857,10.074199199676514,10.162827491760254,10.07633662223816,10.463733673095703,3.314127521371791,3.4556563700477154,0.850142602276825,0.889926001011949,0.6617674514269475,0.7699860844736881,0.8156240591228843,0.8418612185193829,0.8465779003542672,0.850142602276825,0.6984320475158355,0.7961411211842975,0.8488949765859659,0.8793187736978466,0.8844090586657791,0.889926001011949,CT,False,[1.5 1.5 1.5],"(409, 231, 231)",True,18
MR_BraTS-T1c_bratsgli_1187,2.5588552951812744,0.0,0.4908156394958496,0.4791853427886963,0.4802601337432861,0.5663790702819824,0.54221510887146,0.668011495981786,0.0986223035885755,0.2195991718965087,0.1972446071771511,0.0,0.1258925711701867,0.148588004608947,0.166193468806159,0.1804841510333322,0.2195991718965087,0.0,0.0,0.0,0.0,0.0,0.1972446071771511,MR,True,[1. 1. 1.],"(83, 218, 182)",False,2
MR_heart-ACDC_ACDC_patient057_frame09_lvrv,5.737303256988525,0.9605445861816406,0.9503791332244872,0.937401533126831,0.9472906589508056,0.9535903930664062,0.9880969524383544,2.6047769687789124,3.1756491770145288,0.6635547920400569,0.8092319246391917,0.5815130747056261,0.6274172345393245,0.6452057853312841,0.6508187652320927,0.6632664049258448,0.6635547920400569,0.7502254630630343,0.7913164620763485,0.7900570936680169,0.7824513387535124,0.8028665512352297,0.8092319246391917,MR,True,[ 0.703125  0.703125 10.      ],"(7, 512, 428)",True,2
CT_LNQ_LymphNode-0509,6.486083269119263,1.0372769832611084,1.050185203552246,1.0727646350860596,1.084566593170166,1.0903306007385254,1.1509592533111572,2.9665792489239324,3.784284678063511,0.7591766442512711,0.9497062394364456,0.6376299098628997,0.6916205152076025,0.7391415319702173,0.7470380807074355,0.755001056516843,0.7591766442512711,0.8305973761918963,0.8874474256665648,0.9660489844549314,0.9550825483392682,0.9445763127178064,0.9497062394364456,CT,True,[0.85546875 0.85546875 3.        ],"(37, 512, 512)",True,2
Microscopy_SELMA3D_patchvolume_vessel_020_0_1_0,143.24117279052734,23.350285291671756,24.678767204284668,23.283225297927856,23.940775394439697,23.757346391677856,24.230773210525516,2.645220914385805,3.791471499578825,0.6813524152073132,0.9674342475911282,0.554970552781467,0.6188648400016621,0.6498766019958757,0.6680140891747495,0.6772215956106922,0.6813524152073132,0.8898524070599294,0.9255891419737328,0.9401375401545486,0.9453435128095072,0.959478751832338,0.9674342475911282,Mi,False,[1. 1. 1.],"(13, 250, 250)",True,52
CT_AbdomenAtlas_BDMAP_00008004,37.19595170021057,5.700238466262817,6.2863852977752686,6.095705032348633,6.383850812911987,6.366233587265015,6.363538503646851,3.326666046068098,3.411319390816563,0.8624199846390007,0.8879465564293603,0.7284561382485613,0.7919259448735917,0.8115793352349115,0.8369367566062464,0.8509769894706437,0.8624199846390007,0.7554309603950184,0.8291690829281275,0.8359481051006656,0.8529554600720243,0.8638580059651293,0.8879465564293603,CT,False,[0.9765625 0.9765625 3.       ],"(153, 222, 512)",True,11
